bag,site,induced,t,dt,dpsi_deg,dpsi_imu_deg,cls_imu,has_lidar,n_lidar_win,dpsi_lidar_deg,n_lidar_2s,dpsi_lidar_2s,dpsi_gyro_win_deg,dpsi_gyro_2s_deg,min_fitness_win,min_fitness_2s
concrete_20260826_2026-08-26-17-52-24,concrete yard,0,1787739765.1020,0.2000,11.5062,0.0060,slow,0,nan,nan,nan,nan,nan,nan,nan,nan
concrete_20260826_2026-08-26-17-52-24,concrete yard,0,1787739765.5030,0.2010,-32.4422,-0.0000,slow,0,nan,nan,nan,nan,nan,nan,nan,nan
orchard_20260826_2026-08-26-08-31-44,orchard,0,1787704844.3760,0.2010,9.3981,6.7610,turn,1,5,-17.6869,20,-57.9870,-17.7603,-54.2772,0.984,0.974
run_20260827_2026-08-27-18-54-23,concrete yard,0,1787828255.7210,0.2000,9.0548,0.0030,slow,0,nan,nan,nan,nan,nan,nan,nan,nan
run_20260828_2026-08-28-10-16-47,greenhouse,0,1787884061.6480,0.2010,10.1819,-0.0140,straight,0,nan,nan,nan,nan,nan,nan,nan,nan
run_20260828_2026-08-28-10-16-47,greenhouse,0,1787884892.6350,0.2000,8.9576,2.3940,turn,0,nan,nan,nan,nan,nan,nan,nan,nan
run_20260828_2026-08-28-10-16-47,greenhouse,0,1787884902.6760,0.2000,11.1431,0.0070,slow,0,nan,nan,nan,nan,nan,nan,nan,nan
run_20260828_2026-08-28-10-16-47,greenhouse,0,1787885288.7000,0.2010,-18.1077,-1.5170,turn,0,nan,nan,nan,nan,nan,nan,nan,nan
run_20260828_2026-08-28-10-16-47,greenhouse,0,1787885406.5190,0.2010,12.0877,-0.0030,slow,0,nan,nan,nan,nan,nan,nan,nan,nan
run_20260828_2026-08-28-10-16-47,greenhouse,0,1787885595.4470,0.2010,8.4955,-0.0040,slow,0,nan,nan,nan,nan,nan,nan,nan,nan
run_20260828_2026-08-28-10-16-47,greenhouse,0,1787885768.6610,0.2010,10.8127,0.0000,slow,0,nan,nan,nan,nan,nan,nan,nan,nan
run_20260828_2026-08-28-10-16-47,greenhouse,0,1787887923.7630,0.2010,-24.0252,-2.9580,turn,0,nan,nan,nan,nan,nan,nan,nan,nan
run_20260828_2026-08-28-10-16-47,greenhouse,0,1787887924.5650,0.2000,20.0359,2.0840,straight,0,nan,nan,nan,nan,nan,nan,nan,nan
run_20260828_2026-08-28-10-16-47,greenhouse,0,1787887924.9670,0.2010,-59.0758,-0.0590,turn,0,nan,nan,nan,nan,nan,nan,nan,nan
run_20260828_2026-08-28-10-16-47,greenhouse,0,1787887925.1680,0.2010,-18.5943,0.2190,slow,0,nan,nan,nan,nan,nan,nan,nan,nan
run_20260828_2026-08-28-10-16-47,greenhouse,0,1787887925.3680,0.2010,17.1325,-0.0060,slow,0,nan,nan,nan,nan,nan,nan,nan,nan
run_20260828_2026-08-28-10-16-47,greenhouse,0,1787887925.5690,0.2000,62.7413,0.0030,slow,0,nan,nan,nan,nan,nan,nan,nan,nan
run_20260828_2026-08-28-10-16-47,greenhouse,0,1787887926.5720,0.2000,-8.0716,0.0030,slow,0,nan,nan,nan,nan,nan,nan,nan,nan
run_20260828_2026-08-28-10-16-47,greenhouse,0,1787887933.5980,0.2010,-17.4137,-0.0100,slow,0,nan,nan,nan,nan,nan,nan,nan,nan
run_20260828_2026-08-28-10-16-47,greenhouse,0,1787887934.6020,0.2010,-16.6845,-0.0050,slow,0,nan,nan,nan,nan,nan,nan,nan,nan
run_20260828_2026-08-28-10-16-47,greenhouse,0,1787887939.6220,0.2010,-9.4490,-0.0000,slow,0,nan,nan,nan,nan,nan,nan,nan,nan
run_20260828_2026-08-28-16-38-15,greenhouse,0,1787906499.4510,0.2010,-117.1931,,straight,1,0,nan,0,nan,nan,nan,nan,nan
run_20260828_2026-08-28-16-38-15,greenhouse,0,1787906562.5000,0.2010,-72.6498,,straight,1,0,nan,0,nan,nan,nan,nan,nan
run_20260828_2026-08-28-16-38-15,greenhouse,0,1787906563.1030,0.2000,12.5652,,straight,1,0,nan,0,nan,nan,nan,nan,nan
run_20260828_2026-08-28-16-38-15,greenhouse,0,1787907199.5090,0.2010,21.6830,0.3680,slow,1,5,-0.4914,20,-1.9650,-0.6210,-2.0294,0.796,0.796
run_20260828_2026-08-28-16-38-15,greenhouse,0,1787907400.4690,0.2000,-10.2965,-5.4690,slow,1,5,12.8166,20,27.6405,13.2118,29.4685,0.810,0.782
run_20260828_2026-08-28-16-38-15,greenhouse,0,1787907576.1370,0.2010,8.8374,-0.2750,slow,1,5,0.5873,20,0.5462,0.7060,0.6705,0.819,0.819
run_20260828_2026-08-28-16-38-15,greenhouse,0,1787907576.5380,0.2010,-13.7939,-0.1610,straight,1,5,0.0238,20,-0.6809,0.1190,-0.2721,0.835,0.819
run_20260828_2026-08-28-16-38-15,greenhouse,0,1787907577.5430,0.2010,13.4711,0.1480,slow,1,5,0.0634,20,-0.7283,0.2479,-0.3313,0.840,0.817
run_20260828_2026-08-28-16-38-15,greenhouse,0,1787907764.6640,0.2010,-9.2067,-2.4980,slow,1,5,6.5004,20,28.1218,6.8144,28.6559,0.797,0.797
run_20260828_2026-08-28-16-38-15,greenhouse,0,1787908177.8100,0.4010,6.1935,-1.8060,slow,1,7,3.4870,20,14.1589,3.3390,14.8141,0.891,0.891
run_20260828_2026-08-28-16-38-15,greenhouse,0,1787908344.2310,0.2000,-6.8086,0.7450,slow,1,5,-1.5299,20,-5.1476,-1.4047,-4.2313,0.864,0.864
run_20260828_2026-08-28-16-38-15,greenhouse,0,1787908432.9600,0.2010,8.0848,0.5280,slow,1,5,-0.9112,20,13.5792,-0.3731,14.4483,0.848,0.847
run_20260828_2026-08-28-16-38-15,greenhouse,0,1787908438.5820,0.2010,11.4540,-0.0090,turn,1,5,-0.1041,20,2.3356,0.1506,3.1374,0.871,0.849
run_20260829_2026-08-29-09-12-05,greenhouse,0,1787966860.7570,0.2000,-36.7372,0.0030,slow,1,5,-0.0445,20,0.5304,0.3617,1.4680,0.863,0.860
run_20260829_2026-08-29-09-12-05,greenhouse,0,1787967186.5380,0.2000,6.8458,-0.0250,straight,1,5,0.1077,20,1.4149,0.5229,3.0709,0.892,0.887
run_20260829_2026-08-29-09-12-05,greenhouse,0,1787967671.6220,0.2000,14.4225,-0.0060,slow,1,5,-0.0422,20,-14.9181,0.4141,-14.6076,0.880,0.856
run_20260829_2026-08-29-09-12-05,greenhouse,0,1787967705.5240,0.2010,-8.3640,0.0050,slow,1,5,-0.2167,20,0.0408,0.3830,1.5196,0.876,0.855
run_20260829_2026-08-29-09-12-05,greenhouse,0,1787968141.6500,0.2000,58.4448,0.8650,slow,1,5,-2.2278,20,-10.0237,-1.7863,-7.5300,0.836,0.830
run_20260829_2026-08-29-09-12-05,greenhouse,0,1787968226.3030,0.2000,-9.0586,0.1790,slow,1,5,-0.3692,20,-0.9896,0.0367,0.6383,0.934,0.934
run_20260829_2026-08-29-09-12-05,greenhouse,0,1787968294.5240,0.2000,-64.9576,0.0040,slow,1,5,0.0629,20,0.1447,0.3670,1.3978,0.896,0.895
run_20260829_2026-08-29-09-12-05,greenhouse,0,1787968364.5310,0.2000,21.4107,0.0220,slow,1,5,-0.2883,20,-20.2257,0.1707,-19.0640,0.878,0.878
run_20260829_2026-08-29-09-12-05,greenhouse,0,1787968365.5330,0.2000,17.4159,0.1740,slow,1,5,-1.9324,20,-10.6841,-2.5616,-9.2840,0.878,0.874
run_20260829_2026-08-29-09-12-05,greenhouse,0,1787968366.5360,0.2000,14.2915,-0.0060,slow,1,5,0.0459,20,-3.1023,0.3411,-1.5241,0.883,0.868
run_20260830_2026-08-30-17-20-39,concrete yard,0,1788082376.2550,0.2000,16.2648,0.0080,turn,1,5,-0.0171,20,-15.3872,0.0981,-16.2377,0.880,0.860
run_20260906_2026-09-06-15-26-15,greenhouse,1,1788680031.4950,0.2010,8.1978,-0.0070,slow,1,5,-0.0588,20,-0.0330,0.0815,0.3551,0.906,0.899
run_20260906_2026-09-06-15-26-15,greenhouse,1,1788680079.7110,0.2010,-8.9176,0.0010,slow,1,5,0.0107,20,-0.0490,0.0954,0.3562,0.918,0.902
run_20260906_2026-09-06-15-26-15,greenhouse,1,1788680083.5270,0.2010,-19.1381,-0.0050,slow,1,5,-0.0122,20,0.0248,0.0828,0.3428,0.908,0.908
run_20260906_2026-09-06-15-26-15,greenhouse,1,1788680084.3300,0.2010,25.6934,0.0020,slow,1,5,-0.0161,20,-0.0611,0.0943,0.3617,0.918,0.908
run_20260906_2026-09-06-15-26-15,greenhouse,1,1788680084.7320,0.2010,10.0255,-0.0090,slow,1,5,0.0061,20,0.0176,0.1017,0.3570,0.912,0.912
run_20260906_2026-09-06-15-26-15,greenhouse,1,1788680084.9330,0.2010,-10.3844,-0.0040,slow,1,5,0.0144,20,-0.0095,0.0903,0.3449,0.912,0.912
run_20260906_2026-09-06-15-26-15,greenhouse,1,1788680085.5360,0.2010,-167.5083,-0.0050,slow,1,5,0.0079,20,0.0494,0.0782,0.3269,0.921,0.912
run_20260906_2026-09-06-15-26-15,greenhouse,1,1788680085.7360,0.2010,-10.6541,0.0060,slow,1,5,-0.0106,20,0.1079,0.0779,0.3306,0.921,0.909
run_20260906_2026-09-06-15-26-15,greenhouse,1,1788680086.7400,0.2000,69.1643,-0.0010,slow,1,5,0.1078,20,0.1914,0.0852,0.3143,0.900,0.897
run_20260906_2026-09-06-15-26-15,greenhouse,1,1788680086.9410,0.2010,-79.9019,0.0010,slow,1,5,0.0905,20,0.2270,0.0953,0.3220,0.900,0.897
run_20260906_2026-09-06-15-26-15,greenhouse,1,1788680087.1410,0.2000,50.4774,-0.0090,slow,1,5,0.0612,20,0.2494,0.0845,0.3265,0.900,0.897
run_20260906_2026-09-06-15-26-15,greenhouse,1,1788680087.5440,0.2030,59.1505,0.0020,slow,1,5,0.0861,20,0.1390,0.0659,0.3274,0.897,0.897
run_20260906_2026-09-06-15-26-15,greenhouse,1,1788680087.7450,0.2010,-7.4851,0.0060,slow,1,5,0.0421,20,0.1029,0.0816,0.3324,0.897,0.897
run_20260906_2026-09-06-15-26-15,greenhouse,1,1788680088.1470,0.2010,13.0907,-0.0010,slow,1,5,0.0025,20,0.0185,0.0826,0.3433,0.914,0.897
run_20260906_2026-09-06-15-26-15,greenhouse,1,1788680088.5490,0.2020,-27.4275,-0.0050,slow,1,5,-0.0594,20,-0.0284,0.0852,0.3402,0.908,0.895
run_20260906_2026-09-06-15-26-15,greenhouse,1,1788680088.7490,0.2010,12.1121,-0.0000,slow,1,5,-0.0150,20,-0.0030,0.1023,0.3459,0.908,0.895
run_20260906_2026-09-06-15-26-15,greenhouse,1,1788680088.9500,0.2010,-14.3487,0.0030,slow,1,5,-0.0103,20,0.0183,0.1083,0.3416,0.908,0.895
run_20260906_2026-09-06-15-26-15,greenhouse,1,1788680089.5530,0.2010,-13.6713,0.0030,slow,1,5,0.0471,20,0.1044,0.0674,0.3525,0.895,0.895
run_20260906_2026-09-06-15-26-15,greenhouse,1,1788680100.6010,0.2020,12.3581,-0.0060,slow,1,5,-0.0371,20,-0.0645,0.0782,0.3433,0.904,0.904
run_20260906_2026-09-06-15-26-15,greenhouse,1,1788681101.6530,0.2010,44.4823,-0.0070,slow,1,5,-0.0549,20,-0.2621,0.1252,0.4660,0.886,0.886
run_20260906_2026-09-06-15-26-15,greenhouse,1,1788681422.4910,0.2010,11.9451,-0.0010,slow,1,5,-0.0994,20,-0.3668,0.0961,0.5028,0.907,0.890
run_20260906_2026-09-06-15-26-15,greenhouse,1,1788681423.0940,0.2010,-67.5415,0.0000,slow,1,5,0.0273,20,-0.2308,0.1353,0.4880,0.893,0.887
run_20260906_2026-09-06-15-26-15,greenhouse,1,1788681451.4210,0.2000,29.6552,0.0090,slow,1,5,0.0659,20,-0.1324,0.1256,0.4908,0.886,0.864
run_20260906_2026-09-06-15-26-15,greenhouse,1,1788681452.6250,0.2010,9.7388,-0.0070,slow,1,5,0.0119,20,0.0243,0.1242,0.5103,0.889,0.864
run_20260906_2026-09-06-15-26-15,greenhouse,1,1788681796.5680,0.2010,-9.6275,0.0060,slow,1,5,0.0479,20,0.0451,0.1065,0.4629,0.889,0.889
run_20260906_2026-09-06-15-26-15,greenhouse,1,1788682312.5180,0.2000,5.4316,0.0010,slow,1,5,0.0151,20,-0.0361,0.1373,0.5324,0.894,0.891
run_20260906_2026-09-06-15-26-15,greenhouse,1,1788682700.4910,0.2010,-16.5971,-0.0040,slow,1,5,-0.2170,20,-0.3961,0.1383,0.5477,0.887,0.880
run_20260906_2026-09-06-15-26-15,greenhouse,1,1788682965.0670,0.2010,20.6317,0.0040,slow,1,5,0.0064,20,-0.1173,0.1390,0.5263,0.888,0.888
run_20260906_2026-09-06-15-26-15,greenhouse,1,1788682968.4820,0.2010,-19.1598,0.0090,slow,1,5,0.0589,20,0.0371,0.1274,0.5352,0.932,0.924
run_20260906_2026-09-06-15-26-15,greenhouse,1,1788682969.4870,0.2010,-8.7938,-0.0000,slow,1,5,-0.0416,20,-0.1465,0.1360,0.5350,0.926,0.924
run_20260906_2026-09-06-15-26-15,greenhouse,1,1788682970.2910,0.2010,9.2246,-0.0040,slow,1,5,-0.0260,20,-0.1001,0.1527,0.5517,0.926,0.922
run_20260906_2026-09-06-15-26-15,greenhouse,1,1788682970.4920,0.2010,-18.5379,0.0020,slow,1,5,-0.0261,20,-0.1130,0.1469,0.5453,0.935,0.922
run_20260906_2026-09-06-15-26-15,greenhouse,1,1788682972.5000,0.2010,-7.5012,-0.0030,slow,1,5,-0.0599,20,0.0285,0.1338,0.5170,0.923,0.866
run_20260906_2026-09-06-15-26-15,greenhouse,1,1788682974.5080,0.2010,-9.6357,-0.0040,slow,1,5,-0.0175,20,-0.1128,0.1265,0.5411,0.920,0.893
run_20260906_2026-09-06-15-26-15,greenhouse,1,1788682985.5570,0.2010,9.3769,-0.0030,slow,1,5,0.0338,20,-0.0445,0.1269,0.5379,0.929,0.917
run_20260906_2026-09-06-15-26-15,greenhouse,1,1788682986.5610,0.2010,9.6032,0.0030,slow,1,5,-0.0776,20,-0.0148,0.1295,0.5289,0.928,0.927
run_20260906_2026-09-06-15-26-15,greenhouse,1,1788682989.5740,0.2010,6.6266,-0.0000,slow,1,5,-0.0439,20,0.0354,0.1397,0.5215,0.929,0.920
run_20260906_2026-09-06-15-26-15,greenhouse,1,1788682995.6020,0.2000,9.2493,0.0060,slow,1,5,-0.0332,20,0.0206,0.1131,0.5002,0.910,0.910
run_20260906_2026-09-06-15-26-15,greenhouse,1,1788682997.6110,0.2010,-6.5500,-0.0030,slow,1,5,0.0248,20,0.1274,0.1088,0.4889,0.925,0.919
run_20260906_2026-09-06-15-26-15,greenhouse,1,1788683067.5210,0.2000,9.0518,-0.0080,slow,1,5,-0.1444,20,-0.2401,0.1019,0.4974,0.883,0.879
run_20260907_2026-09-07-13-15-11,concrete yard,0,1788760208.5360,0.2010,33.3295,-0.0050,slow,1,5,0.0300,20,0.0576,0.1321,0.4922,0.972,0.956
run_20260907_2026-09-07-13-15-11,concrete yard,0,1788760656.4480,0.2010,8.3504,0.1060,straight,1,5,-0.1851,20,-0.3758,-0.0312,0.3988,0.960,0.928
run_20260907_2026-09-07-13-15-11,concrete yard,0,1788760658.6560,0.2010,22.1035,-0.0110,slow,1,5,-0.2276,20,-0.2465,0.0613,0.4366,0.961,0.945
run_20260907_2026-09-07-13-15-11,concrete yard,0,1788760658.8560,0.2000,-9.4654,0.0760,slow,1,5,-0.2440,20,-0.2765,-0.0105,0.3439,0.954,0.931
run_20260907_2026-09-07-13-15-11,concrete yard,0,1788760661.4660,0.2000,-15.1960,0.0030,straight,1,5,0.0955,20,0.1436,0.1172,0.5016,0.934,0.934
run_20260907_2026-09-07-13-15-11,concrete yard,0,1788760662.4690,0.2000,-22.4019,0.0020,straight,1,5,0.0003,20,0.0780,0.1314,0.5167,0.962,0.952
run_20260907_2026-09-07-13-15-11,concrete yard,0,1788760768.4680,0.2010,25.4285,-0.8360,turn,1,5,1.9808,20,5.4876,1.9137,5.9800,0.960,0.960
run_20260907_2026-09-07-14-19-47,concrete yard,0,1788762343.6360,0.2010,-52.5550,-0.0010,straight,1,5,0.0369,20,0.0098,0.1528,0.6251,0.983,0.978
run_20260909_2026-09-09-07-56-42,orchard,0,1788912786.5020,0.2010,10.4105,-0.0080,slow,1,5,0.3102,20,1.1058,0.0833,0.3956,0.946,0.946
run_20260909_2026-09-09-07-56-42,orchard,0,1788912787.7090,0.2040,-13.5914,0.0010,slow,1,5,0.0034,20,-0.1370,0.1586,0.4877,0.959,0.948
run_20260909_2026-09-09-07-56-42,orchard,0,1788912795.5380,0.2000,-13.7737,-0.0000,slow,1,5,-0.2879,20,-0.4517,0.1190,0.4847,0.954,0.954
run_20260909_2026-09-09-07-56-42,orchard,0,1788912796.5420,0.2010,18.0456,-0.0000,slow,1,5,-0.0278,20,-0.5316,0.0972,0.4403,0.962,0.962
run_20260912_2026-09-12-13-58-05,concrete yard,0,1789198909.3610,0.2000,7.6676,-0.0040,slow,1,5,-0.0409,20,-0.0980,0.1718,0.6581,0.969,0.968
