arm,family,q,event_id,amp_deg,dur,t_abs,jump_m,peak_m,peak_base_m,recovery_s,withheld,gate_warns,filt_step_deg,filt_exc_deg
inj_gate_q060,gate,0.06,E00,5.0,1,1788913392.737,0.0317,0.0317,0.0086,0.361,0,0,5.361,5.357
inj_gate_q060,gate,0.06,E01,5.0,2,1788913404.737,0.0001,0.0319,0.0005,0.61,0,0,4.971,5.874
inj_gate_q060,gate,0.06,E02,5.0,5,1788913416.737,0.0251,0.0319,0.0187,1.063,0,0,4.282,5.483
inj_gate_q060,gate,0.06,E03,10.0,1,1788913428.737,0.023,0.0613,0.0002,0.515,0,0,9.1,5.492
inj_gate_q060,gate,0.06,E04,10.0,2,1788913440.737,0.0564,0.0637,0.0099,0.564,0,0,10.019,9.956
inj_gate_q060,gate,0.06,E05,10.0,5,1788913452.737,-0.0044,0.0691,0.0,1.216,0,0,8.494,8.897
inj_gate_q060,gate,0.06,E06,20.0,1,1788913464.737,0.0017,0.0018,0.037,0.265,0,1,19.658,21.015
inj_gate_q060,gate,0.06,E07,20.0,2,1788913476.737,0.0212,0.0597,0.0191,2.128,0,3,25.574,23.173
inj_gate_q060,gate,0.06,E08,20.0,5,1788913488.737,0.0417,0.0547,0.0505,1.372,0,4,26.433,37.85
inj_gate_q060,gate,0.06,E09,45.0,1,1788913500.737,-0.0006,0.0337,0.0002,1.22,0,1,43.824,44.815
inj_gate_q060,gate,0.06,E10,45.0,2,1788913512.737,0.0101,0.0214,0.0204,0.47,0,3,44.686,43.088
inj_gate_q060,gate,0.06,E11,45.0,5,1788913524.737,0.0054,0.0135,0.0006,0.324,2,3,46.828,45.565
inj_gate_q060,gate,0.06,E12,90.0,1,1788913536.737,0.0074,0.0074,0.0078,0.375,0,1,89.435,88.153
inj_gate_q060,gate,0.06,E13,90.0,2,1788913548.737,0.0033,0.0068,0.0005,0.425,0,3,89.158,89.188
inj_gate_q060,gate,0.06,E14,90.0,5,1788913560.737,0.0019,0.0065,0.007,0.478,0,3,89.139,89.786
inj_gate_q060,gate,0.06,E15,5.0,1,1788913572.737,0.0317,0.0326,0.0012,0.536,0,0,5.074,4.691
inj_gate_q060,gate,0.06,E16,5.0,2,1788913584.737,0.0317,0.0319,0.0037,0.585,0,0,5.109,5.086
inj_gate_q060,gate,0.06,E17,5.0,5,1788913596.737,0.0317,0.0319,0.0002,1.034,0,0,5.304,5.231
inj_gate_q060,gate,0.06,E18,10.0,1,1788913608.737,0.0633,0.0633,0.0028,0.286,0,0,9.883,9.645
inj_gate_q060,gate,0.06,E19,10.0,2,1788913620.737,0.063,0.0637,0.0,0.542,0,0,9.617,9.922
inj_gate_q060,gate,0.06,E20,10.0,5,1788913632.737,0.0633,0.0637,0.0026,1.194,0,0,11.226,10.027
inj_gate_q060,gate,0.06,E21,20.0,1,1788913644.737,0.0028,0.0028,0.0,0.237,0,1,19.789,19.493
inj_gate_q060,gate,0.06,E22,20.0,2,1788913656.737,0.003,0.0033,0.0036,0.289,0,3,20.389,20.197
inj_gate_q060,gate,0.06,E23,20.0,5,1788913668.737,0.002,0.0081,0.0001,0.545,0,3,20.287,20.622
inj_gate_q060,gate,0.06,E24,45.0,1,1788913680.737,0.0001,0.0018,0.0091,0.593,0,1,45.088,44.849
inj_gate_q060,gate,0.06,E25,45.0,2,1788913692.737,0.006,0.006,0.0003,0.24,0,3,45.656,45.366
inj_gate_q060,gate,0.06,E26,45.0,5,1788913704.737,0.0012,0.0135,0.0034,1.097,0,3,46.776,46.251
inj_gate_q060,gate,0.06,E27,90.0,1,1788913716.737,0.0016,0.0036,0.0,0.546,0,1,89.185,89.735
inj_gate_q060,gate,0.06,E28,90.0,2,1788913728.737,0.0022,0.0036,0.0013,0.798,0,3,89.779,90.924
inj_gate_q060,gate,0.06,E29,90.0,5,1788913740.737,0.0053,0.0064,0.0,0.446,0,3,89.106,89.829
inj_gate_q060,gate,0.06,E30,5.0,1,1788913752.737,0.0317,0.0318,0.0001,0.298,0,0,4.589,4.732
inj_gate_q060,gate,0.06,E31,5.0,2,1788913764.737,0.0268,0.0319,0.0041,0.553,0,0,2.878,4.618
inj_gate_q060,gate,0.06,E32,5.0,5,1788912802.737,0.0317,0.0319,0.0,1.037,0,0,4.754,6.051
inj_gate_q060,gate,0.06,E33,10.0,1,1788912814.737,0.0634,0.0634,0.0084,0.284,0,0,10.738,10.036
inj_gate_q060,gate,0.06,E34,10.0,2,1788912826.737,0.0633,0.0637,0.0001,0.533,0,0,10.155,10.162
inj_gate_q060,gate,0.06,E35,10.0,5,1788912838.737,0.0633,0.0638,0.0025,1.179,0,0,10.334,10.166
inj_gate_q060,gate,0.06,E36,20.0,1,1788912850.737,-0.0007,0.0018,0.0,0.625,0,1,19.873,19.981
inj_gate_q060,gate,0.06,E37,20.0,2,1788912862.737,0.0001,0.0008,0.0032,0.474,0,3,19.899,20.013
inj_gate_q060,gate,0.06,E38,20.0,5,1788912874.737,-0.0002,0.0021,0.0,1.93,2,3,19.869,20.068
inj_gate_q060,gate,0.06,E39,45.0,1,1788912886.737,0.001,0.0018,0.0036,0.567,0,1,44.559,44.795
inj_gate_q060,gate,0.06,E40,45.0,2,1788911908.737,-0.0013,0.0037,0.003,0.982,0,3,44.687,44.938
inj_gate_q060,gate,0.06,E41,45.0,5,1788911920.737,0.0018,0.0922,0.001,1.224,2,3,30.507,45.033
inj_gate_q060,gate,0.06,E42,90.0,1,1788911932.737,0.0013,0.0036,0.0015,0.468,0,1,67.281,67.265
inj_gate_q060,gate,0.06,E43,90.0,2,1788911944.737,-0.001,0.0044,0.0009,0.918,0,3,46.244,89.876
inj_gate_q060,gate,0.06,E44,90.0,5,1788911956.737,0.002,0.0031,0.0015,1.362,0,3,57.338,90.054
inj_gate_q060,gate,0.06,_RUN_,,,,,0.0001,0.0001,0.0291,5,15,,
inj_gate_q1e3,gate,0.001,E00,5.0,1,1788913392.737,0.0024,0.0232,0.0023,0.562,0,0,4.179,4.196
inj_gate_q1e3,gate,0.001,E01,5.0,2,1788913404.737,0.0235,0.03,0.0051,0.409,0,0,4.242,5.516
inj_gate_q1e3,gate,0.001,E02,5.0,5,1788913416.737,0.0005,0.0324,0.0066,1.264,0,0,4.177,5.428
inj_gate_q1e3,gate,0.001,E03,10.0,1,1788913428.737,0.0546,0.0549,0.0056,0.315,0,0,6.395,4.624
inj_gate_q1e3,gate,0.001,E04,10.0,2,1788913440.737,0.0443,0.061,0.0022,0.764,0,0,7.841,8.963
inj_gate_q1e3,gate,0.001,E05,10.0,5,1788913452.737,0.0463,0.0643,0.0026,1.016,0,0,8.478,8.753
inj_gate_q1e3,gate,0.001,E06,20.0,1,1788913464.737,-0.0075,0.0979,0.0081,0.666,0,0,15.465,16.38
inj_gate_q1e3,gate,0.001,E07,20.0,2,1788913476.737,0.0288,0.0327,0.0241,0.72,0,3,19.846,20.31
inj_gate_q1e3,gate,0.001,E08,20.0,5,1788913488.737,-0.0015,0.067,0.0138,1.372,0,3,22.076,35.505
inj_gate_q1e3,gate,0.001,E09,45.0,1,1788913500.737,0.0043,0.0476,0.0126,0.417,0,1,34.184,34.587
inj_gate_q1e3,gate,0.001,E10,45.0,2,1788913512.737,0.0078,0.0474,0.0046,1.072,0,3,33.51,39.381
inj_gate_q1e3,gate,0.001,E11,45.0,5,1788913524.737,0.0112,0.0647,0.0118,1.529,0,3,36.415,44.24
inj_gate_q1e3,gate,0.001,E12,90.0,1,1788913536.737,0.0071,0.0224,0.0017,0.776,0,3,68.701,68.714
inj_gate_q1e3,gate,0.001,E13,90.0,2,1788913548.737,0.0035,0.0284,0.0091,0.827,0,3,69.091,84.98
inj_gate_q1e3,gate,0.001,E14,90.0,5,1788913560.737,0.0019,0.0564,0.0013,1.482,0,3,69.966,89.373
inj_gate_q1e3,gate,0.001,E15,5.0,1,1788913572.737,0.0247,0.0249,0.0011,0.333,0,0,3.747,3.624
inj_gate_q1e3,gate,0.001,E16,5.0,2,1788913584.737,0.0252,0.0296,0.0008,0.585,0,0,3.449,4.783
inj_gate_q1e3,gate,0.001,E17,5.0,5,1788913596.737,0.0252,0.0316,0.0007,1.034,0,0,4.091,5.254
inj_gate_q1e3,gate,0.001,E18,10.0,1,1788913608.737,0.0492,0.0495,0.0006,0.286,0,0,7.659,7.472
inj_gate_q1e3,gate,0.001,E19,10.0,2,1788913620.737,0.0473,0.0597,0.0012,0.542,0,0,7.359,9.282
inj_gate_q1e3,gate,0.001,E20,10.0,5,1788913632.737,0.0497,0.0634,0.0019,1.394,0,0,7.385,9.924
inj_gate_q1e3,gate,0.001,E21,20.0,1,1788913644.737,0.0024,0.0226,0.001,0.438,0,0,15.158,15.273
inj_gate_q1e3,gate,0.001,E22,20.0,2,1788913656.737,0.0973,0.1205,0.0014,0.69,0,0,15.859,19.239
inj_gate_q1e3,gate,0.001,E23,20.0,5,1788913668.737,-0.0003,0.129,0.0021,1.348,0,0,15.855,19.643
inj_gate_q1e3,gate,0.001,E24,45.0,1,1788913680.737,-0.0002,0.0512,0.0044,0.593,0,1,34.801,34.95
inj_gate_q1e3,gate,0.001,E25,45.0,2,1788913692.737,0.0056,0.063,0.0029,0.842,0,3,35.505,42.748
inj_gate_q1e3,gate,0.001,E26,45.0,5,1788913704.737,0.0012,0.0668,0.0048,1.298,0,3,35.928,45.714
inj_gate_q1e3,gate,0.001,E27,90.0,1,1788913716.737,-0.0016,0.1016,0.0015,0.747,0,1,67.704,68.571
inj_gate_q1e3,gate,0.001,E28,90.0,2,1788913728.737,0.0022,0.0274,0.0041,0.999,0,3,67.931,86.273
inj_gate_q1e3,gate,0.001,E29,90.0,5,1788913740.737,0.0038,0.0328,0.001,1.65,3,3,69.048,89.709
inj_gate_q1e3,gate,0.001,E30,5.0,1,1788913752.737,0.0246,0.0268,0.0017,0.298,0,0,3.014,4.187
inj_gate_q1e3,gate,0.001,E31,5.0,2,1788913764.737,-0.0048,0.0322,0.004,0.553,0,0,2.982,4.412
inj_gate_q1e3,gate,0.001,E32,5.0,5,1788912802.737,0.0286,0.0334,0.0069,1.037,0,0,4.257,6.09
inj_gate_q1e3,gate,0.001,E33,10.0,1,1788912814.737,0.0573,0.0573,0.001,0.284,0,0,8.889,9.112
inj_gate_q1e3,gate,0.001,E34,10.0,2,1788912826.737,0.0567,0.066,0.0024,0.533,0,0,9.126,10.501
inj_gate_q1e3,gate,0.001,E35,10.0,5,1788912838.737,0.0025,0.0664,0.0004,1.179,0,0,9.272,10.276
inj_gate_q1e3,gate,0.001,E36,20.0,1,1788912850.737,0.0982,0.0983,0.0009,0.424,0,0,15.481,15.562
inj_gate_q1e3,gate,0.001,E37,20.0,2,1788912862.737,0.0001,0.006,0.0006,0.875,0,3,15.489,19.106
inj_gate_q1e3,gate,0.001,E38,20.0,5,1788912874.737,0.0984,0.127,0.002,1.328,0,0,15.466,19.95
inj_gate_q1e3,gate,0.001,E39,45.0,1,1788912886.737,-0.0002,0.0517,0.0008,0.767,0,0,34.698,34.826
inj_gate_q1e3,gate,0.001,E40,45.0,2,1788911908.737,0.0456,0.0467,0.0007,0.982,0,3,32.117,39.553
inj_gate_q1e3,gate,0.001,E41,45.0,5,1788911920.737,0.0021,0.0297,0.0014,1.424,0,3,23.7,44.89
inj_gate_q1e3,gate,0.001,E42,90.0,1,1788911932.737,0.0013,0.0381,0.0015,0.872,0,1,52.335,52.305
inj_gate_q1e3,gate,0.001,E43,90.0,2,1788911944.737,-0.0001,0.0733,0.0019,0.918,0,3,42.905,77.754
inj_gate_q1e3,gate,0.001,E44,90.0,5,1788911956.737,-0.0006,0.0647,0.0014,1.763,2,3,69.388,89.91
inj_gate_q1e3,gate,0.001,_RUN_,,,,,0.001,0.0007,0.0825,57,8,,
inj_gate_q1e4,gate,0.0001,E00,5.0,1,1788913392.737,0.0115,0.0116,0.0055,0.361,0,0,2.237,2.243
inj_gate_q1e4,gate,0.0001,E01,5.0,2,1788913404.737,0.0112,0.0192,0.0127,0.409,0,0,2.171,3.489
inj_gate_q1e4,gate,0.0001,E02,5.0,5,1788913416.737,-0.0004,0.0268,0.0102,1.264,0,0,2.091,4.451
inj_gate_q1e4,gate,0.0001,E03,10.0,1,1788913428.737,0.0381,0.0398,0.0149,0.515,0,0,2.249,4.226
inj_gate_q1e4,gate,0.0001,E04,10.0,2,1788913440.737,-0.0056,0.0429,0.0058,1.166,0,0,3.794,5.462
inj_gate_q1e4,gate,0.0001,E05,10.0,5,1788913452.737,0.0121,0.0607,0.0049,1.417,0,0,4.192,7.585
inj_gate_q1e4,gate,0.0001,E06,20.0,1,1788913464.737,-0.0037,0.0499,0.0199,0.466,0,0,8.071,8.357
inj_gate_q1e4,gate,0.0001,E07,20.0,2,1788913476.737,0.006,0.081,0.0246,1.124,0,0,7.643,12.831
inj_gate_q1e4,gate,0.0001,E08,20.0,5,1788913488.737,0.0186,0.1832,0.0469,,1,2,12.805,31.283
inj_gate_q1e4,gate,0.0001,E09,45.0,1,1788913500.737,0.0053,0.0638,0.0248,1.421,0,1,17.644,17.672
inj_gate_q1e4,gate,0.0001,E10,45.0,2,1788913512.737,0.0066,0.1168,0.0123,1.474,0,1,17.045,26.052
inj_gate_q1e4,gate,0.0001,E11,45.0,5,1788913524.737,0.0095,0.0964,0.0068,2.131,0,3,22.255,41.532
inj_gate_q1e4,gate,0.0001,E12,90.0,1,1788913536.737,0.005,0.0862,0.0043,1.177,0,3,35.627,35.751
inj_gate_q1e4,gate,0.0001,E13,90.0,2,1788913548.737,-0.0006,0.0773,0.0049,1.429,0,3,35.862,57.582
inj_gate_q1e4,gate,0.0001,E14,90.0,5,1788913560.737,0.0019,0.0678,0.0039,2.285,0,3,35.8,82.356
inj_gate_q1e4,gate,0.0001,E15,5.0,1,1788913572.737,0.0131,0.0137,0.0016,0.333,0,0,1.942,1.884
inj_gate_q1e4,gate,0.0001,E16,5.0,2,1788913584.737,0.014,0.0195,0.003,0.585,0,0,1.826,3.207
inj_gate_q1e4,gate,0.0001,E17,5.0,5,1788913596.737,0.014,0.0284,0.0014,1.034,0,0,1.926,4.853
inj_gate_q1e4,gate,0.0001,E18,10.0,1,1788913608.737,0.0255,0.026,0.003,0.286,0,0,3.948,3.915
inj_gate_q1e4,gate,0.0001,E19,10.0,2,1788913620.737,0.0242,0.0382,0.0031,0.743,0,0,3.518,6.02
inj_gate_q1e4,gate,0.0001,E20,10.0,5,1788913632.737,0.0268,0.057,0.0066,1.595,0,0,4.102,9.009
inj_gate_q1e4,gate,0.0001,E21,20.0,1,1788913644.737,0.0506,0.0519,0.0028,0.438,0,0,7.915,8.057
inj_gate_q1e4,gate,0.0001,E22,20.0,2,1788913656.737,0.0486,0.0809,0.0054,0.891,0,0,8.182,12.986
inj_gate_q1e4,gate,0.0001,E23,20.0,5,1788913668.737,-0.0006,0.1213,0.0051,1.95,0,0,7.989,18.401
inj_gate_q1e4,gate,0.0001,E24,45.0,1,1788913680.737,-0.0004,0.0704,0.0067,0.994,0,1,18.021,18.084
inj_gate_q1e4,gate,0.0001,E25,45.0,2,1788913692.737,0.006,0.0663,0.0057,1.447,1,3,18.48,29.22
inj_gate_q1e4,gate,0.0001,E26,45.0,5,1788913704.737,0.1081,0.2506,0.0151,1.9,0,0,16.867,41.655
inj_gate_q1e4,gate,0.0001,E27,90.0,1,1788913716.737,-0.0017,0.0868,0.0042,1.349,0,3,36.204,36.587
inj_gate_q1e4,gate,0.0001,E28,90.0,2,1788913728.737,0.0022,0.0913,0.01,1.802,0,3,35.148,58.096
inj_gate_q1e4,gate,0.0001,E29,90.0,5,1788913740.737,0.0013,0.0898,0.0033,2.453,4,3,42.235,82.749
inj_gate_q1e4,gate,0.0001,E30,5.0,1,1788913752.737,0.0089,0.015,0.0069,0.298,0,0,1.77,2.406
inj_gate_q1e4,gate,0.0001,E31,5.0,2,1788913764.737,-0.0061,0.0239,0.007,0.553,0,0,2.374,3.42
inj_gate_q1e4,gate,0.0001,E32,5.0,5,1788912802.737,0.0268,0.0343,0.0016,1.037,0,0,3.986,6.149
inj_gate_q1e4,gate,0.0001,E33,10.0,1,1788912814.737,0.0541,0.0541,0.0067,0.284,0,0,8.391,8.632
inj_gate_q1e4,gate,0.0001,E34,10.0,2,1788912826.737,0.0532,0.0676,0.0037,0.533,0,0,8.569,10.753
inj_gate_q1e4,gate,0.0001,E35,10.0,5,1788912838.737,0.053,0.0683,0.0007,1.179,0,0,8.716,10.502
inj_gate_q1e4,gate,0.0001,E36,20.0,1,1788912850.737,0.0505,0.0508,0.0005,0.424,0,0,8.018,8.05
inj_gate_q1e4,gate,0.0001,E37,20.0,2,1788912862.737,0.0503,0.081,0.0014,0.875,0,0,8.022,12.924
inj_gate_q1e4,gate,0.0001,E38,20.0,5,1788912874.737,0.0593,0.1188,0.0011,1.729,0,0,9.297,18.557
inj_gate_q1e4,gate,0.0001,E39,45.0,1,1788912886.737,0.0005,0.0419,0.0016,0.968,0,1,17.938,17.941
inj_gate_q1e4,gate,0.0001,E40,45.0,2,1788911908.737,0.0219,0.1631,0.0024,1.583,0,0,16.725,26.165
inj_gate_q1e4,gate,0.0001,E41,45.0,5,1788911920.737,0.0686,0.2546,0.0015,2.027,0,0,13.832,40.613
inj_gate_q1e4,gate,0.0001,E42,90.0,1,1788911932.737,0.0014,0.0825,0.0018,1.073,0,3,26.989,26.977
inj_gate_q1e4,gate,0.0001,E43,90.0,2,1788911944.737,-0.0001,0.1036,0.0015,1.72,0,3,18.35,45.626
inj_gate_q1e4,gate,0.0001,E44,90.0,5,1788911956.737,-0.0014,0.0693,0.0012,2.569,4,3,35.847,82.913
inj_gate_q1e4,gate,0.0001,_RUN_,,,,,0.0019,0.0016,0.0956,60,5,,
inj_gate_q1e5,gate,1e-05,E00,5.0,1,1788913392.737,0.0123,0.0131,0.006,0.361,0,0,2.316,2.294
inj_gate_q1e5,gate,1e-05,E01,5.0,2,1788913404.737,0.0009,0.0242,0.0186,1.212,0,0,0.739,2.006
inj_gate_q1e5,gate,1e-05,E02,5.0,5,1788913416.737,0.0011,0.0231,0.0149,2.269,0,0,0.597,1.817
inj_gate_q1e5,gate,1e-05,E03,10.0,1,1788913428.737,0.0299,0.0346,0.0245,0.917,0,0,0.882,3.808
inj_gate_q1e5,gate,1e-05,E04,10.0,2,1788913440.737,0.006,0.0241,0.0094,0.764,0,0,1.495,2.281
inj_gate_q1e5,gate,1e-05,E05,10.0,5,1788913452.737,0.0001,0.047,0.0137,2.22,0,0,1.485,3.931
inj_gate_q1e5,gate,1e-05,E06,20.0,1,1788913464.737,0.0191,0.021,0.026,0.265,0,0,3.283,3.337
inj_gate_q1e5,gate,1e-05,E07,20.0,2,1788913476.737,0.0111,0.0691,0.0418,1.124,0,0,7.495,9.472
inj_gate_q1e5,gate,1e-05,E08,20.0,5,1788913488.737,0.0415,0.2035,0.0956,,14,2,23.019,30.614
inj_gate_q1e5,gate,1e-05,E09,45.0,1,1788913500.737,0.045,0.0578,0.038,1.621,0,0,7.198,7.303
inj_gate_q1e5,gate,1e-05,E10,45.0,2,1788913512.737,0.0524,0.1081,0.0246,2.879,0,0,6.652,11.647
inj_gate_q1e5,gate,1e-05,E11,45.0,5,1788913524.737,0.0717,0.2049,0.0097,2.935,0,0,13.384,31.88
inj_gate_q1e5,gate,1e-05,E12,90.0,1,1788913536.737,0.1023,0.105,0.005,2.183,0,0,15.793,15.875
inj_gate_q1e5,gate,1e-05,E13,90.0,2,1788913548.737,0.0895,0.1719,0.007,3.035,0,0,14.705,26.988
inj_gate_q1e5,gate,1e-05,E14,90.0,5,1788913560.737,0.0924,0.186,0.0068,2.89,3,3,17.255,51.621
inj_gate_q1e5,gate,1e-05,E15,5.0,1,1788913572.737,0.006,0.0066,0.0019,0.333,0,0,0.818,0.795
inj_gate_q1e5,gate,1e-05,E16,5.0,2,1788913584.737,0.0031,0.0173,0.0034,0.787,0,0,1.572,2.603
inj_gate_q1e5,gate,1e-05,E17,5.0,5,1788913596.737,0.005,0.0171,0.002,1.034,0,0,0.852,3.254
inj_gate_q1e5,gate,1e-05,E18,10.0,1,1788913608.737,0.0002,0.0112,0.0034,0.486,0,0,2.054,2.041
inj_gate_q1e5,gate,1e-05,E19,10.0,2,1788913620.737,0.0135,0.0213,0.0038,0.542,0,0,1.959,3.601
inj_gate_q1e5,gate,1e-05,E20,10.0,5,1788913632.737,0.0025,0.0405,0.0065,1.997,0,0,2.156,6.48
inj_gate_q1e5,gate,1e-05,E21,20.0,1,1788913644.737,0.0185,0.0208,0.004,0.237,0,0,3.159,3.226
inj_gate_q1e5,gate,1e-05,E22,20.0,2,1788913656.737,0.0015,0.0379,0.0048,1.494,0,0,3.23,5.903
inj_gate_q1e5,gate,1e-05,E23,20.0,5,1788913668.737,0.0177,0.0744,0.0064,2.352,0,0,3.103,11.708
inj_gate_q1e5,gate,1e-05,E24,45.0,1,1788913680.737,-0.0006,0.0486,0.0065,1.396,0,0,7.095,7.125
inj_gate_q1e5,gate,1e-05,E25,45.0,2,1788913692.737,0.0433,0.0935,0.0067,0.842,0,0,10.023,14.927
inj_gate_q1e5,gate,1e-05,E26,45.0,5,1788913704.737,0.0012,0.1684,0.0128,3.507,0,0,7.222,26.193
inj_gate_q1e5,gate,1e-05,E27,90.0,1,1788913716.737,0.0817,0.0863,0.0061,1.951,0,0,14.012,14.119
inj_gate_q1e5,gate,1e-05,E28,90.0,2,1788913728.737,0.0017,0.1657,0.0131,3.006,0,0,13.848,26.516
inj_gate_q1e5,gate,1e-05,E29,90.0,5,1788913740.737,0.0897,0.3227,0.005,3.861,0,0,14.297,52.262
inj_gate_q1e5,gate,1e-05,E30,5.0,1,1788913752.737,-0.0052,0.0076,0.0062,1.706,0,0,0.771,0.964
inj_gate_q1e5,gate,1e-05,E31,5.0,2,1788913764.737,-0.0007,0.0161,0.0064,0.553,0,0,0.637,1.45
inj_gate_q1e5,gate,1e-05,E32,5.0,5,1788912802.737,0.0265,0.0344,0.0016,1.037,0,0,3.941,6.16
inj_gate_q1e5,gate,1e-05,E33,10.0,1,1788912814.737,-0.001,0.059,0.0083,0.484,0,0,8.309,8.553
inj_gate_q1e5,gate,1e-05,E34,10.0,2,1788912826.737,0.0527,0.0678,0.0039,0.533,0,0,8.475,10.797
inj_gate_q1e5,gate,1e-05,E35,10.0,5,1788912838.737,0.0007,0.0681,0.0025,1.38,0,0,8.624,10.544
inj_gate_q1e5,gate,1e-05,E36,20.0,1,1788912850.737,0.0194,0.0198,0.0006,0.224,0,0,3.149,3.157
inj_gate_q1e5,gate,1e-05,E37,20.0,2,1788912862.737,0.0193,0.0363,0.0022,1.277,0,0,3.182,5.894
inj_gate_q1e5,gate,1e-05,E38,20.0,5,1788912874.737,0.0201,0.0746,0.0014,2.532,0,0,3.145,11.552
inj_gate_q1e5,gate,1e-05,E39,45.0,1,1788912886.737,0.0456,0.0459,0.002,1.169,0,0,7.069,7.073
inj_gate_q1e5,gate,1e-05,E40,45.0,2,1788911908.737,-0.002,0.0783,0.0017,2.385,0,0,4.128,12.191
inj_gate_q1e5,gate,1e-05,E41,45.0,5,1788911920.737,0.0268,0.1526,0.0016,3.434,0,0,6.262,23.973
inj_gate_q1e5,gate,1e-05,E42,90.0,1,1788911932.737,0.0875,0.0877,0.0026,2.076,0,0,13.578,13.579
inj_gate_q1e5,gate,1e-05,E43,90.0,2,1788911944.737,-0.0001,0.106,0.0018,3.125,0,3,19.451,23.154
inj_gate_q1e5,gate,1e-05,E44,90.0,5,1788911956.737,0.0843,0.2951,0.0012,4.574,0,0,14.689,47.597
inj_gate_q1e5,gate,1e-05,_RUN_,,,,,0.0031,0.0026,0.1059,47,12,,
inj_mahal_q060,mahal,0.06,E00,5.0,1,1788913392.737,0.0317,0.0317,0.0001,0.361,0,0,5.361,5.396
inj_mahal_q060,mahal,0.06,E01,5.0,2,1788913404.737,0.0317,0.0319,0.0027,0.409,0,0,5.377,5.874
inj_mahal_q060,mahal,0.06,E02,5.0,5,1788913416.737,0.0309,0.0319,0.0036,1.063,0,0,5.423,5.636
inj_mahal_q060,mahal,0.06,E03,10.0,1,1788913428.737,0.0602,0.0605,0.002,0.315,0,0,9.1,5.492
inj_mahal_q060,mahal,0.06,E04,10.0,2,1788913440.737,0.0559,0.0637,0.0031,0.564,0,0,10.019,9.956
inj_mahal_q060,mahal,0.06,E05,10.0,5,1788913452.737,0.0632,0.0637,0.0012,1.016,0,0,10.826,9.255
inj_mahal_q060,mahal,0.06,E06,20.0,1,1788913464.737,0.0017,0.0018,0.0118,0.265,0,0,5.765,5.827
inj_mahal_q060,mahal,0.06,E07,20.0,2,1788913476.737,0.0365,0.1265,0.0004,0.72,0,0,23.722,21.322
inj_mahal_q060,mahal,0.06,E08,20.0,5,1788913488.737,0.0416,0.1271,0.0505,1.172,0,0,20.884,37.85
inj_mahal_q060,mahal,0.06,E09,45.0,1,1788913500.737,0.0057,0.0057,0.0029,0.217,0,0,5.257,7.802
inj_mahal_q060,mahal,0.06,E10,45.0,2,1788913512.737,0.0101,0.0215,0.0204,0.47,0,0,3.314,5.503
inj_mahal_q060,mahal,0.06,E11,45.0,5,1788913524.737,0.0135,0.0135,0.0019,0.324,0,0,1.262,1.268
inj_mahal_q060,mahal,0.06,E12,90.0,1,1788913536.737,0.0074,0.0078,0.0078,1.581,0,0,1.702,1.836
inj_mahal_q060,mahal,0.06,E13,90.0,2,1788913548.737,0.0049,0.0068,0.0001,0.425,0,0,1.548,1.713
inj_mahal_q060,mahal,0.06,E14,90.0,5,1788913560.737,0.0019,0.0065,0.004,0.478,0,0,0.583,0.609
inj_mahal_q060,mahal,0.06,E15,5.0,1,1788913572.737,0.0317,0.0317,0.0012,0.333,0,0,5.074,4.691
inj_mahal_q060,mahal,0.06,E16,5.0,2,1788913584.737,0.0029,0.0328,0.0037,0.787,0,0,4.753,5.086
inj_mahal_q060,mahal,0.06,E17,5.0,5,1788913596.737,0.0317,0.0319,0.0002,1.034,0,0,5.304,5.298
inj_mahal_q060,mahal,0.06,E18,10.0,1,1788913608.737,0.0618,0.0633,0.0028,0.486,0,0,9.883,9.614
inj_mahal_q060,mahal,0.06,E19,10.0,2,1788913620.737,0.063,0.0637,0.0005,0.542,0,0,10.081,9.922
inj_mahal_q060,mahal,0.06,E20,10.0,5,1788913632.737,0.0013,0.072,0.0083,1.394,0,0,11.226,10.027
inj_mahal_q060,mahal,0.06,E21,20.0,1,1788913644.737,0.0028,0.0028,0.0007,0.237,0,0,0.632,0.612
inj_mahal_q060,mahal,0.06,E22,20.0,2,1788913656.737,0.002,0.1284,0.0058,0.891,0,0,20.38,20.311
inj_mahal_q060,mahal,0.06,E23,20.0,5,1788913668.737,0.0019,0.1295,0.0006,1.348,0,0,21.193,20.366
inj_mahal_q060,mahal,0.06,E24,45.0,1,1788913680.737,0.0002,0.0011,0.0091,0.994,0,0,1.417,1.186
inj_mahal_q060,mahal,0.06,E25,45.0,2,1788913692.737,0.006,0.006,0.0022,0.24,0,0,2.173,1.152
inj_mahal_q060,mahal,0.06,E26,45.0,5,1788913704.737,-0.0042,0.0135,0.0199,1.097,0,0,1.104,1.166
inj_mahal_q060,mahal,0.06,E27,90.0,1,1788913716.737,0.0016,0.0017,0.0002,0.345,0,0,1.277,1.269
inj_mahal_q060,mahal,0.06,E28,90.0,2,1788913728.737,0.0022,0.0036,0.0202,0.598,0,0,2.949,2.464
inj_mahal_q060,mahal,0.06,E29,90.0,5,1788913740.737,0.0053,0.0064,0.0005,0.446,0,0,0.708,0.751
inj_mahal_q060,mahal,0.06,E30,5.0,1,1788913752.737,0.0317,0.0318,0.0097,0.298,0,0,4.589,4.732
inj_mahal_q060,mahal,0.06,E31,5.0,2,1788913764.737,0.0225,0.0319,0.0023,0.553,0,0,3.552,4.618
inj_mahal_q060,mahal,0.06,E32,5.0,5,1788912802.737,0.0317,0.0319,0.0,1.037,0,0,4.754,6.051
inj_mahal_q060,mahal,0.06,E33,10.0,1,1788912814.737,-0.0006,0.0688,0.0084,0.484,0,0,10.738,10.036
inj_mahal_q060,mahal,0.06,E34,10.0,2,1788912826.737,0.0633,0.0637,0.0001,0.533,0,0,10.155,10.162
inj_mahal_q060,mahal,0.06,E35,10.0,5,1788912838.737,0.0012,0.0657,0.0024,1.38,0,0,10.334,10.166
inj_mahal_q060,mahal,0.06,E36,20.0,1,1788912850.737,0.0,0.0,0.0,0.224,0,0,0.154,0.166
inj_mahal_q060,mahal,0.06,E37,20.0,2,1788912862.737,0.0002,0.1281,0.0018,0.875,0,0,20.123,20.039
inj_mahal_q060,mahal,0.06,E38,20.0,5,1788912874.737,0.0,0.127,0.0,1.328,0,0,19.872,20.068
inj_mahal_q060,mahal,0.06,E39,45.0,1,1788912886.737,0.001,0.0036,0.0036,2.174,0,0,0.564,0.494
inj_mahal_q060,mahal,0.06,E40,45.0,2,1788911908.737,-0.0001,0.003,0.003,0.982,0,0,0.29,0.368
inj_mahal_q060,mahal,0.06,E41,45.0,5,1788911920.737,0.002,0.0021,0.0009,0.22,0,0,0.135,0.303
inj_mahal_q060,mahal,0.06,E42,90.0,1,1788911932.737,0.0016,0.0023,0.0013,1.876,0,0,0.363,0.514
inj_mahal_q060,mahal,0.06,E43,90.0,2,1788911944.737,-0.0005,0.0005,0.0009,0.517,0,0,0.314,0.204
inj_mahal_q060,mahal,0.06,E44,90.0,5,1788911956.737,0.002,0.0031,0.0,0.961,0,0,0.489,0.316
inj_mahal_q060,mahal,0.06,_RUN_,,,,,0.0001,0.0001,0.0294,0,0,,
inj_mahal_q1e4,mahal,0.0001,E00,5.0,1,1788913392.737,0.0025,0.1072,0.0048,8.994,0,0,0.007,0.014
inj_mahal_q1e4,mahal,0.0001,E01,5.0,2,1788913404.737,0.0006,0.0217,0.1047,1.212,0,0,0.184,0.326
inj_mahal_q1e4,mahal,0.0001,E02,5.0,5,1788913416.737,-0.002,0.1502,0.2462,,0,0,0.003,0.007
inj_mahal_q1e4,mahal,0.0001,E03,10.0,1,1788913428.737,0.023,0.2468,0.3382,,0,0,0.006,0.007
inj_mahal_q1e4,mahal,0.0001,E04,10.0,2,1788913440.737,-0.0018,0.2579,0.3486,,0,0,0.003,0.006
inj_mahal_q1e4,mahal,0.0001,E05,10.0,5,1788913452.737,-0.0052,0.3457,0.4302,,0,0,0.008,0.01
inj_mahal_q1e4,mahal,0.0001,E06,20.0,1,1788913464.737,0.0015,0.4144,0.4926,,0,0,0.004,0.014
inj_mahal_q1e4,mahal,0.0001,E07,20.0,2,1788913476.737,-0.032,0.372,0.4543,,0,0,0.005,0.011
inj_mahal_q1e4,mahal,0.0001,E08,20.0,5,1788913488.737,-0.0171,0.1639,0.2365,2.376,0,0,3.819,5.125
inj_mahal_q1e4,mahal,0.0001,E09,45.0,1,1788913500.737,-0.0058,0.06,0.059,4.835,0,0,0.923,2.331
inj_mahal_q1e4,mahal,0.0001,E10,45.0,2,1788913512.737,0.0101,0.0493,0.0483,5.291,0,0,0.003,0.004
inj_mahal_q1e4,mahal,0.0001,E11,45.0,5,1788913524.737,0.0048,0.0092,0.0071,0.324,0,0,0.46,0.821
inj_mahal_q1e4,mahal,0.0001,E12,90.0,1,1788913536.737,0.0049,0.0062,0.0063,0.375,0,0,0.734,0.919
inj_mahal_q1e4,mahal,0.0001,E13,90.0,2,1788913548.737,-0.0006,0.005,0.0046,1.228,0,0,0.536,0.945
inj_mahal_q1e4,mahal,0.0001,E14,90.0,5,1788913560.737,0.0019,0.0077,0.0065,0.478,0,0,0.241,0.267
inj_mahal_q1e4,mahal,0.0001,E15,5.0,1,1788913572.737,0.0008,0.0016,0.0015,1.942,0,0,0.271,0.62
inj_mahal_q1e4,mahal,0.0001,E16,5.0,2,1788913584.737,0.0023,0.003,0.003,0.385,0,0,0.219,0.451
inj_mahal_q1e4,mahal,0.0001,E17,5.0,5,1788913596.737,0.0014,0.0024,0.0014,1.034,0,0,0.224,0.353
inj_mahal_q1e4,mahal,0.0001,E18,10.0,1,1788913608.737,0.0003,0.0018,0.0018,1.893,0,0,0.213,0.414
inj_mahal_q1e4,mahal,0.0001,E19,10.0,2,1788913620.737,0.0018,0.0032,0.0033,0.944,0,0,0.331,0.373
inj_mahal_q1e4,mahal,0.0001,E20,10.0,5,1788913632.737,0.0026,0.0037,0.0039,2.197,0,0,0.784,0.852
inj_mahal_q1e4,mahal,0.0001,E21,20.0,1,1788913644.737,-0.0001,0.0028,0.0028,1.442,0,0,0.294,0.507
inj_mahal_q1e4,mahal,0.0001,E22,20.0,2,1788913656.737,0.0022,0.0033,0.0031,2.1,0,0,0.318,0.194
inj_mahal_q1e4,mahal,0.0001,E23,20.0,5,1788913668.737,-0.0007,0.0087,0.0051,2.151,0,0,0.551,0.515
inj_mahal_q1e4,mahal,0.0001,E24,45.0,1,1788913680.737,-0.0004,0.0053,0.004,0.793,0,0,0.343,0.592
inj_mahal_q1e4,mahal,0.0001,E25,45.0,2,1788913692.737,0.006,0.0064,0.0057,0.24,0,0,0.565,0.976
inj_mahal_q1e4,mahal,0.0001,E26,45.0,5,1788913704.737,0.0009,0.0114,0.0151,1.097,0,0,0.436,0.741
inj_mahal_q1e4,mahal,0.0001,E27,90.0,1,1788913716.737,-0.0017,0.0035,0.0042,0.747,0,0,0.415,0.384
inj_mahal_q1e4,mahal,0.0001,E28,90.0,2,1788913728.737,0.0022,0.0147,0.0143,1.401,0,0,0.565,0.592
inj_mahal_q1e4,mahal,0.0001,E29,90.0,5,1788913740.737,0.0013,0.0044,0.0033,0.446,0,0,0.373,0.458
inj_mahal_q1e4,mahal,0.0001,E30,5.0,1,1788913752.737,-0.0024,0.0041,0.0042,1.706,0,0,0.635,0.759
inj_mahal_q1e4,mahal,0.0001,E31,5.0,2,1788913764.737,-0.0062,0.0093,0.0077,0.553,0,0,0.707,0.986
inj_mahal_q1e4,mahal,0.0001,E32,5.0,5,1788912802.737,0.0002,0.0347,0.0016,1.238,0,0,5.796,6.156
inj_mahal_q1e4,mahal,0.0001,E33,10.0,1,1788912814.737,0.0023,0.0023,0.0052,0.284,0,0,1.145,1.166
inj_mahal_q1e4,mahal,0.0001,E34,10.0,2,1788912826.737,0.0023,0.0054,0.0037,0.533,0,0,2.346,2.515
inj_mahal_q1e4,mahal,0.0001,E35,10.0,5,1788912838.737,0.0043,0.1022,0.0025,1.981,0,0,15.897,15.913
inj_mahal_q1e4,mahal,0.0001,E36,20.0,1,1788912850.737,-0.0,0.0005,0.0005,0.625,0,0,0.052,0.078
inj_mahal_q1e4,mahal,0.0001,E37,20.0,2,1788912862.737,0.0,0.0015,0.0024,2.08,0,0,0.151,0.13
inj_mahal_q1e4,mahal,0.0001,E38,20.0,5,1788912874.737,0.0,0.001,0.0011,0.725,0,0,0.132,0.1
inj_mahal_q1e4,mahal,0.0001,E39,45.0,1,1788912886.737,0.0004,0.002,0.0016,1.372,0,0,0.172,0.104
inj_mahal_q1e4,mahal,0.0001,E40,45.0,2,1788911908.737,-0.0016,0.0021,0.0024,0.982,0,0,0.114,0.251
inj_mahal_q1e4,mahal,0.0001,E41,45.0,5,1788911920.737,0.0019,0.002,0.0016,0.22,0,0,0.055,0.137
inj_mahal_q1e4,mahal,0.0001,E42,90.0,1,1788911932.737,0.0015,0.0017,0.0021,0.668,0,0,0.136,0.2
inj_mahal_q1e4,mahal,0.0001,E43,90.0,2,1788911944.737,-0.0001,0.0013,0.0015,1.519,0,0,0.1,0.117
inj_mahal_q1e4,mahal,0.0001,E44,90.0,5,1788911956.737,-0.0015,0.0018,0.0011,1.362,0,0,0.133,0.137
inj_mahal_q1e4,mahal,0.0001,_RUN_,,,,,0.0023,0.0031,0.5458,0,0,,
inj_stock_q060,stock,0.06,E00,5.0,1,1788913392.737,0.0317,0.0317,0.0017,0.361,0,0,5.361,5.38
inj_stock_q060,stock,0.06,E01,5.0,2,1788913404.737,0.0291,0.0317,0.0027,0.409,0,0,5.519,5.874
inj_stock_q060,stock,0.06,E02,5.0,5,1788913416.737,0.0317,0.0319,0.0036,1.063,0,0,5.296,5.636
inj_stock_q060,stock,0.06,E03,10.0,1,1788913428.737,0.024,0.0243,0.0002,0.315,0,0,9.1,5.492
inj_stock_q060,stock,0.06,E04,10.0,2,1788913440.737,0.0633,0.0637,0.0002,0.564,0,0,10.237,9.96
inj_stock_q060,stock,0.06,E05,10.0,5,1788913452.737,0.0056,0.0691,0.0016,1.216,0,0,8.494,8.897
inj_stock_q060,stock,0.06,E06,20.0,1,1788913464.737,0.1261,0.1262,0.0002,0.265,0,0,19.597,21.015
inj_stock_q060,stock,0.06,E07,20.0,2,1788913476.737,0.1258,0.1381,0.0063,0.52,0,0,25.574,23.173
inj_stock_q060,stock,0.06,E08,20.0,5,1788913488.737,0.1255,0.1272,0.0332,1.172,0,0,26.433,37.85
inj_stock_q060,stock,0.06,E09,45.0,1,1788913500.737,0.0057,0.0057,0.0044,0.217,0,0,43.824,44.815
inj_stock_q060,stock,0.06,E10,45.0,2,1788913512.737,0.2782,0.2798,0.0204,0.47,0,0,44.686,43.088
inj_stock_q060,stock,0.06,E11,45.0,5,1788913524.737,0.278,0.2803,0.0019,1.328,0,0,46.827,45.565
inj_stock_q060,stock,0.06,E12,90.0,1,1788913536.737,0.5144,0.5145,0.0078,0.375,0,0,89.435,88.153
inj_stock_q060,stock,0.06,E13,90.0,2,1788913548.737,0.5144,0.517,0.0001,0.425,0,0,89.158,89.339
inj_stock_q060,stock,0.06,E14,90.0,5,1788913560.737,0.5144,0.517,0.007,1.08,0,0,89.139,89.786
inj_stock_q060,stock,0.06,E15,5.0,1,1788913572.737,0.0317,0.0317,0.0024,0.333,0,0,5.074,4.691
inj_stock_q060,stock,0.06,E16,5.0,2,1788913584.737,0.0317,0.0317,0.0037,0.585,0,0,4.614,4.946
inj_stock_q060,stock,0.06,E17,5.0,5,1788913596.737,0.0317,0.0319,0.0,1.034,0,0,5.304,5.231
inj_stock_q060,stock,0.06,E18,10.0,1,1788913608.737,0.0633,0.0633,0.0028,0.286,0,0,9.883,9.614
inj_stock_q060,stock,0.06,E19,10.0,2,1788913620.737,0.063,0.0637,0.0002,0.542,0,0,9.617,9.922
inj_stock_q060,stock,0.06,E20,10.0,5,1788913632.737,0.0633,0.0637,0.0083,1.194,0,0,11.226,10.027
inj_stock_q060,stock,0.06,E21,20.0,1,1788913644.737,0.1262,0.1262,0.0007,0.237,0,0,19.789,19.493
inj_stock_q060,stock,0.06,E22,20.0,2,1788913656.737,0.1259,0.127,0.0058,0.49,0,0,20.389,20.197
inj_stock_q060,stock,0.06,E23,20.0,5,1788913668.737,0.1261,0.1274,0.002,1.147,0,0,20.295,20.425
inj_stock_q060,stock,0.06,E24,45.0,1,1788913680.737,0.278,0.2781,0.0091,0.392,0,0,45.088,44.9
inj_stock_q060,stock,0.06,E25,45.0,2,1788913692.737,0.2781,0.2798,0.0003,0.441,0,0,45.656,45.366
inj_stock_q060,stock,0.06,E26,45.0,5,1788913704.737,0.2781,0.2919,0.0199,1.298,0,0,46.776,46.251
inj_stock_q060,stock,0.06,E27,90.0,1,1788913716.737,0.5017,0.5034,0.0027,0.345,0,0,87.496,87.677
inj_stock_q060,stock,0.06,E28,90.0,2,1788913728.737,0.5144,0.5169,0.0202,0.598,0,0,89.782,90.924
inj_stock_q060,stock,0.06,E29,90.0,5,1788913740.737,0.3801,0.517,0.0,1.248,0,0,67.031,89.829
inj_stock_q060,stock,0.06,E30,5.0,1,1788913752.737,0.0317,0.0318,0.0097,0.298,0,0,4.589,4.732
inj_stock_q060,stock,0.06,E31,5.0,2,1788913764.737,0.0268,0.0319,0.0023,0.553,0,0,2.878,4.618
inj_stock_q060,stock,0.06,E32,5.0,5,1788912802.737,0.0317,0.0319,0.0,1.037,0,0,4.754,6.051
inj_stock_q060,stock,0.06,E33,10.0,1,1788912814.737,0.0634,0.0634,0.0084,0.284,0,0,10.738,10.036
inj_stock_q060,stock,0.06,E34,10.0,2,1788912826.737,0.0633,0.0637,0.0001,0.533,0,0,10.155,10.162
inj_stock_q060,stock,0.06,E35,10.0,5,1788912838.737,0.0633,0.0638,0.0025,1.179,0,0,10.334,10.166
inj_stock_q060,stock,0.06,E36,20.0,1,1788912850.737,0.1262,0.1262,0.0,0.424,0,0,19.873,19.981
inj_stock_q060,stock,0.06,E37,20.0,2,1788912862.737,0.1262,0.1264,0.0032,0.474,0,0,19.899,20.013
inj_stock_q060,stock,0.06,E38,20.0,5,1788912874.737,0.1262,0.127,0.0,1.127,0,0,19.869,20.068
inj_stock_q060,stock,0.06,E39,45.0,1,1788912886.737,0.2781,0.2781,0.0014,0.366,0,0,44.559,44.794
inj_stock_q060,stock,0.06,E40,45.0,2,1788911908.737,0.0585,0.2784,0.003,0.781,0,0,35.601,45.183
inj_stock_q060,stock,0.06,E41,45.0,5,1788911920.737,0.167,0.2802,0.0017,1.224,0,0,30.507,45.021
inj_stock_q060,stock,0.06,E42,90.0,1,1788911932.737,0.4061,0.4062,0.0015,0.468,0,0,67.281,67.265
inj_stock_q060,stock,0.06,E43,90.0,2,1788911944.737,0.2774,0.517,0.0009,0.717,0,0,46.244,89.876
inj_stock_q060,stock,0.06,E44,90.0,5,1788911956.737,0.5135,0.517,0.0004,1.362,0,0,89.604,90.054
inj_stock_q060,stock,0.06,_RUN_,,,,,0.0001,0.0001,0.017,0,0,,
inj_stock_q1e3,stock,0.001,E00,5.0,1,1788913392.737,0.024,0.0241,0.0032,0.361,0,0,4.177,4.2
inj_stock_q1e3,stock,0.001,E01,5.0,2,1788913404.737,0.018,0.03,0.0051,0.409,0,0,3.637,5.518
inj_stock_q1e3,stock,0.001,E02,5.0,5,1788913416.737,0.0185,0.0324,0.0066,1.063,0,0,3.365,5.426
inj_stock_q1e3,stock,0.001,E03,10.0,1,1788913428.737,0.0521,0.0526,0.007,0.315,0,0,6.037,4.315
inj_stock_q1e3,stock,0.001,E04,10.0,2,1788913440.737,0.048,0.0605,0.0022,0.564,0,0,7.839,8.982
inj_stock_q1e3,stock,0.001,E05,10.0,5,1788913452.737,0.0317,0.0643,0.0032,1.216,0,0,6.666,8.753
inj_stock_q1e3,stock,0.001,E06,20.0,1,1788913464.737,0.0968,0.0985,0.0081,0.466,0,0,15.465,16.38
inj_stock_q1e3,stock,0.001,E07,20.0,2,1788913476.737,0.0872,0.1216,0.0127,0.72,0,0,19.45,20.228
inj_stock_q1e3,stock,0.001,E08,20.0,5,1788913488.737,0.0764,0.1304,0.0138,1.372,0,0,22.536,35.509
inj_stock_q1e3,stock,0.001,E09,45.0,1,1788913500.737,0.2189,0.2197,0.008,0.417,0,0,34.184,34.587
inj_stock_q1e3,stock,0.001,E10,45.0,2,1788913512.737,0.2203,0.2689,0.0046,1.072,0,0,33.507,37.374
inj_stock_q1e3,stock,0.001,E11,45.0,5,1788913524.737,0.2143,0.2796,0.003,1.328,0,0,36.229,44.237
inj_stock_q1e3,stock,0.001,E12,90.0,1,1788913536.737,0.0073,0.1822,0.0017,0.776,0,0,68.733,68.746
inj_stock_q1e3,stock,0.001,E13,90.0,2,1788913548.737,0.4173,0.4962,0.0045,0.827,0,0,69.091,84.98
inj_stock_q1e3,stock,0.001,E14,90.0,5,1788913560.737,0.0019,0.5152,0.0013,1.683,0,0,69.33,89.373
inj_stock_q1e3,stock,0.001,E15,5.0,1,1788913572.737,0.0247,0.0249,0.002,0.333,0,0,3.748,3.624
inj_stock_q1e3,stock,0.001,E16,5.0,2,1788913584.737,0.0032,0.0305,0.0008,0.787,0,0,3.45,4.784
inj_stock_q1e3,stock,0.001,E17,5.0,5,1788913596.737,0.0252,0.0316,0.0007,1.034,0,0,4.091,5.254
inj_stock_q1e3,stock,0.001,E18,10.0,1,1788913608.737,-0.0009,0.0106,0.001,0.486,0,0,7.649,7.464
inj_stock_q1e3,stock,0.001,E19,10.0,2,1788913620.737,0.0482,0.0597,0.0022,0.743,0,0,7.281,9.275
inj_stock_q1e3,stock,0.001,E20,10.0,5,1788913632.737,0.0016,0.0712,0.0017,1.394,0,0,8.648,9.919
inj_stock_q1e3,stock,0.001,E21,20.0,1,1788913644.737,0.0989,0.0991,0.001,0.438,0,0,15.173,15.413
inj_stock_q1e3,stock,0.001,E22,20.0,2,1788913656.737,0.0022,0.1224,0.0014,0.69,0,0,15.859,19.239
inj_stock_q1e3,stock,0.001,E23,20.0,5,1788913668.737,0.097,0.1275,0.0095,1.348,0,0,15.855,19.866
inj_stock_q1e3,stock,0.001,E24,45.0,1,1788913680.737,-0.0012,0.2227,0.0018,0.793,0,0,34.801,34.951
inj_stock_q1e3,stock,0.001,E25,45.0,2,1788913692.737,0.2173,0.2671,0.0029,0.641,0,0,35.534,42.763
inj_stock_q1e3,stock,0.001,E26,45.0,5,1788913704.737,0.2181,0.2881,0.0065,1.298,0,0,35.89,45.718
inj_stock_q1e3,stock,0.001,E27,90.0,1,1788913716.737,0.4046,0.4073,0.0065,0.747,0,0,67.879,68.571
inj_stock_q1e3,stock,0.001,E28,90.0,2,1788913728.737,0.0003,0.4966,0.004,1.199,0,0,67.931,86.273
inj_stock_q1e3,stock,0.001,E29,90.0,5,1788913740.737,0.4173,0.5165,0.0045,1.449,0,0,69.041,89.71
inj_stock_q1e3,stock,0.001,E30,5.0,1,1788913752.737,0.0242,0.0264,0.0032,0.298,0,0,2.945,4.119
inj_stock_q1e3,stock,0.001,E31,5.0,2,1788913764.737,0.0236,0.032,0.0123,0.553,0,0,3.131,4.456
inj_stock_q1e3,stock,0.001,E32,5.0,5,1788912802.737,0.0286,0.0334,0.001,1.037,0,0,4.257,6.09
inj_stock_q1e3,stock,0.001,E33,10.0,1,1788912814.737,-0.0008,0.0628,0.001,0.484,0,0,8.889,9.112
inj_stock_q1e3,stock,0.001,E34,10.0,2,1788912826.737,0.0567,0.066,0.0184,0.533,0,0,9.126,10.501
inj_stock_q1e3,stock,0.001,E35,10.0,5,1788912838.737,0.0009,0.0664,0.0004,1.38,0,0,9.272,10.276
inj_stock_q1e3,stock,0.001,E36,20.0,1,1788912850.737,0.0983,0.0985,0.0002,0.424,0,0,15.503,15.583
inj_stock_q1e3,stock,0.001,E37,20.0,2,1788912862.737,0.0983,0.1208,0.0006,0.675,0,0,15.487,19.106
inj_stock_q1e3,stock,0.001,E38,20.0,5,1788912874.737,0.0984,0.127,0.0005,1.328,0,0,15.466,19.95
inj_stock_q1e3,stock,0.001,E39,45.0,1,1788912886.737,0.2185,0.2188,0.0008,0.567,0,0,34.697,34.823
inj_stock_q1e3,stock,0.001,E40,45.0,2,1788911908.737,0.0008,0.2172,0.0007,0.982,0,0,20.986,39.885
inj_stock_q1e3,stock,0.001,E41,45.0,5,1788911920.737,0.219,0.2798,0.0012,1.424,0,0,34.538,44.816
inj_stock_q1e3,stock,0.001,E42,90.0,1,1788911932.737,0.0015,0.1,0.0011,0.668,0,0,17.63,17.654
inj_stock_q1e3,stock,0.001,E43,90.0,2,1788911944.737,0.2181,0.4644,0.0011,0.918,0,0,46.715,79.068
inj_stock_q1e3,stock,0.001,E44,90.0,5,1788911956.737,0.4163,0.5168,0.0015,1.563,0,0,69.759,89.963
inj_stock_q1e3,stock,0.001,_RUN_,,,,,0.001,0.0007,0.0174,0,0,,
inj_stock_q1e4,stock,0.0001,E00,5.0,1,1788913392.737,0.0025,0.0113,0.0048,0.763,0,0,2.164,2.177
inj_stock_q1e4,stock,0.0001,E01,5.0,2,1788913404.737,0.0086,0.0194,0.0129,0.409,0,0,1.818,3.559
inj_stock_q1e4,stock,0.0001,E02,5.0,5,1788913416.737,0.0002,0.0289,0.0101,1.264,0,0,2.091,4.455
inj_stock_q1e4,stock,0.0001,E03,10.0,1,1788913428.737,0.0394,0.041,0.0152,0.515,0,0,2.447,4.247
inj_stock_q1e4,stock,0.0001,E04,10.0,2,1788913440.737,-0.0056,0.0428,0.0057,0.965,0,0,3.381,5.448
inj_stock_q1e4,stock,0.0001,E05,10.0,5,1788913452.737,0.0121,0.0607,0.0049,1.417,0,0,3.27,7.572
inj_stock_q1e4,stock,0.0001,E06,20.0,1,1788913464.737,-0.0036,0.0499,0.0199,1.068,0,0,8.069,8.351
inj_stock_q1e4,stock,0.0001,E07,20.0,2,1788913476.737,0.0383,0.091,0.0311,1.124,0,0,11.757,14.226
inj_stock_q1e4,stock,0.0001,E08,20.0,5,1788913488.737,0.0185,0.1061,0.0457,1.372,0,0,12.824,31.329
inj_stock_q1e4,stock,0.0001,E09,45.0,1,1788913500.737,0.1177,0.1178,0.0251,1.421,0,0,17.668,17.688
inj_stock_q1e4,stock,0.0001,E10,45.0,2,1788913512.737,0.0066,0.1348,0.0128,1.474,0,0,17.072,26.072
inj_stock_q1e4,stock,0.0001,E11,45.0,5,1788913524.737,0.105,0.2591,0.0071,2.131,0,0,18.657,40.893
inj_stock_q1e4,stock,0.0001,E12,90.0,1,1788913536.737,0.2286,0.2298,0.0054,1.177,0,0,35.671,35.792
inj_stock_q1e4,stock,0.0001,E13,90.0,2,1788913548.737,0.2244,0.3539,0.0049,1.429,0,0,35.855,57.573
inj_stock_q1e4,stock,0.0001,E14,90.0,5,1788913560.737,0.2264,0.4847,0.0065,2.285,0,0,35.794,82.427
inj_stock_q1e4,stock,0.0001,E15,5.0,1,1788913572.737,0.013,0.0135,0.0016,0.333,0,0,1.925,1.869
inj_stock_q1e4,stock,0.0001,E16,5.0,2,1788913584.737,0.0138,0.0194,0.0034,0.585,0,0,1.811,3.192
inj_stock_q1e4,stock,0.0001,E17,5.0,5,1788913596.737,0.0134,0.0284,0.0014,1.034,0,0,1.926,4.898
inj_stock_q1e4,stock,0.0001,E18,10.0,1,1788913608.737,0.0255,0.026,0.003,0.286,0,0,3.948,3.895
inj_stock_q1e4,stock,0.0001,E19,10.0,2,1788913620.737,0.0241,0.0287,0.0033,0.944,0,0,3.518,6.018
inj_stock_q1e4,stock,0.0001,E20,10.0,5,1788913632.737,0.0279,0.0573,0.0065,1.595,0,0,4.133,9.047
inj_stock_q1e4,stock,0.0001,E21,20.0,1,1788913644.737,0.0519,0.0533,0.0028,0.638,0,0,8.126,8.269
inj_stock_q1e4,stock,0.0001,E22,20.0,2,1788913656.737,0.0485,0.0809,0.0053,0.891,0,0,8.174,12.996
inj_stock_q1e4,stock,0.0001,E23,20.0,5,1788913668.737,0.049,0.1221,0.0051,1.95,0,0,8.002,18.501
inj_stock_q1e4,stock,0.0001,E24,45.0,1,1788913680.737,0.114,0.1148,0.0067,0.994,0,0,18.126,18.193
inj_stock_q1e4,stock,0.0001,E25,45.0,2,1788913692.737,0.1104,0.1876,0.0057,1.043,0,0,18.433,29.152
inj_stock_q1e4,stock,0.0001,E26,45.0,5,1788913704.737,0.1077,0.2505,0.0151,1.9,0,0,16.866,41.653
inj_stock_q1e4,stock,0.0001,E27,90.0,1,1788913716.737,-0.0041,0.2309,0.0042,1.349,0,0,35.208,35.513
inj_stock_q1e4,stock,0.0001,E28,90.0,2,1788913728.737,0.2289,0.3564,0.0143,1.802,0,0,37.025,59.066
inj_stock_q1e4,stock,0.0001,E29,90.0,5,1788913740.737,0.2246,0.4848,0.0033,2.453,0,0,35.828,82.881
inj_stock_q1e4,stock,0.0001,E30,5.0,1,1788913752.737,0.006,0.0121,0.0042,0.298,0,0,1.318,1.953
inj_stock_q1e4,stock,0.0001,E31,5.0,2,1788913764.737,0.0091,0.0252,0.0077,0.553,0,0,1.812,3.089
inj_stock_q1e4,stock,0.0001,E32,5.0,5,1788912802.737,0.0268,0.0343,0.0016,1.037,0,0,3.986,6.149
inj_stock_q1e4,stock,0.0001,E33,10.0,1,1788912814.737,0.0541,0.0541,0.0083,0.284,0,0,8.391,8.632
inj_stock_q1e4,stock,0.0001,E34,10.0,2,1788912826.737,0.0532,0.0676,0.0036,0.533,0,0,8.569,10.753
inj_stock_q1e4,stock,0.0001,E35,10.0,5,1788912838.737,0.053,0.0683,0.002,1.179,0,0,8.716,10.502
inj_stock_q1e4,stock,0.0001,E36,20.0,1,1788912850.737,0.0507,0.0511,0.0005,0.424,0,0,8.054,8.091
inj_stock_q1e4,stock,0.0001,E37,20.0,2,1788912862.737,0.0002,0.081,0.0024,0.875,0,0,8.021,12.923
inj_stock_q1e4,stock,0.0001,E38,20.0,5,1788912874.737,0.0513,0.1174,0.0011,1.729,0,0,8.046,18.34
inj_stock_q1e4,stock,0.0001,E39,45.0,1,1788912886.737,0.0003,0.113,0.0017,0.968,0,0,17.945,17.97
inj_stock_q1e4,stock,0.0001,E40,45.0,2,1788911908.737,0.0222,0.1631,0.0024,1.583,0,0,20.448,26.184
inj_stock_q1e4,stock,0.0001,E41,45.0,5,1788911920.737,0.0686,0.2546,0.0015,2.027,0,0,13.828,40.612
inj_stock_q1e4,stock,0.0001,E42,90.0,1,1788911932.737,0.0014,0.2241,0.0021,1.073,0,0,35.785,35.773
inj_stock_q1e4,stock,0.0001,E43,90.0,2,1788911944.737,0.1129,0.2899,0.0015,1.72,0,0,28.961,46.91
inj_stock_q1e4,stock,0.0001,E44,90.0,5,1788911956.737,-0.0014,0.4833,0.0012,2.368,0,0,31.705,81.165
inj_stock_q1e4,stock,0.0001,_RUN_,,,,,0.0019,0.0018,0.0345,0,0,,
inj_stock_q1e5,stock,1e-05,E00,5.0,1,1788913392.737,0.0011,0.0088,0.0061,1.967,0,0,1.028,1.007
inj_stock_q1e5,stock,1e-05,E01,5.0,2,1788913404.737,0.0023,0.0238,0.0226,1.212,0,0,0.894,1.507
inj_stock_q1e5,stock,1e-05,E02,5.0,5,1788913416.737,0.0019,0.0228,0.0141,2.269,0,0,0.683,1.787
inj_stock_q1e5,stock,1e-05,E03,10.0,1,1788913428.737,0.0297,0.0353,0.03,0.917,0,0,0.85,3.653
inj_stock_q1e5,stock,1e-05,E04,10.0,2,1788913440.737,-0.0041,0.0285,0.0091,0.764,0,0,2.087,3.165
inj_stock_q1e5,stock,1e-05,E05,10.0,5,1788913452.737,0.0003,0.0454,0.0143,2.22,0,0,1.252,3.865
inj_stock_q1e5,stock,1e-05,E06,20.0,1,1788913464.737,0.0185,0.0214,0.0256,0.466,0,0,3.427,3.503
inj_stock_q1e5,stock,1e-05,E07,20.0,2,1788913476.737,-0.0152,0.0426,0.0413,1.124,0,0,3.372,5.054
inj_stock_q1e5,stock,1e-05,E08,20.0,5,1788913488.737,0.0042,0.076,0.101,2.577,0,0,5.873,25.307
inj_stock_q1e5,stock,1e-05,E09,45.0,1,1788913500.737,0.0456,0.0585,0.0466,1.621,0,0,7.284,7.386
inj_stock_q1e5,stock,1e-05,E10,45.0,2,1788913512.737,0.0636,0.1235,0.0222,2.879,0,0,8.772,14.492
inj_stock_q1e5,stock,1e-05,E11,45.0,5,1788913524.737,0.0378,0.1719,0.0097,2.935,0,0,8.055,26.564
inj_stock_q1e5,stock,1e-05,E12,90.0,1,1788913536.737,0.0012,0.0977,0.0062,1.581,0,0,14.108,14.189
inj_stock_q1e5,stock,1e-05,E13,90.0,2,1788913548.737,0.0896,0.1706,0.0069,3.035,0,0,14.476,26.622
inj_stock_q1e5,stock,1e-05,E14,90.0,5,1788913560.737,0.0015,0.3244,0.0068,3.895,0,0,14.07,51.969
inj_stock_q1e5,stock,1e-05,E15,5.0,1,1788913572.737,0.0055,0.0063,0.0019,0.333,0,0,0.75,0.727
inj_stock_q1e5,stock,1e-05,E16,5.0,2,1788913584.737,0.0074,0.0081,0.0028,0.787,0,0,0.702,1.169
inj_stock_q1e5,stock,1e-05,E17,5.0,5,1788913596.737,0.0041,0.0244,0.0024,1.235,0,0,2.273,4.421
inj_stock_q1e5,stock,1e-05,E18,10.0,1,1788913608.737,0.01,0.0102,0.0031,0.286,0,0,1.579,1.599
inj_stock_q1e5,stock,1e-05,E19,10.0,2,1788913620.737,0.0088,0.0167,0.0038,0.944,0,0,1.461,2.861
inj_stock_q1e5,stock,1e-05,E20,10.0,5,1788913632.737,0.0123,0.0362,0.0055,1.595,0,0,1.526,5.712
inj_stock_q1e5,stock,1e-05,E21,20.0,1,1788913644.737,0.0198,0.022,0.004,0.237,0,0,3.35,3.417
inj_stock_q1e5,stock,1e-05,E22,20.0,2,1788913656.737,0.017,0.0358,0.0041,1.093,0,0,3.224,5.888
inj_stock_q1e5,stock,1e-05,E23,20.0,5,1788913668.737,0.0177,0.0761,0.006,2.352,0,0,3.093,11.601
inj_stock_q1e5,stock,1e-05,E24,45.0,1,1788913680.737,0.0515,0.0527,0.0056,1.195,0,0,8.39,8.432
inj_stock_q1e5,stock,1e-05,E25,45.0,2,1788913692.737,0.0394,0.0885,0.0069,1.848,0,0,7.349,13.36
inj_stock_q1e5,stock,1e-05,E26,45.0,5,1788913704.737,0.0433,0.1531,0.0111,3.507,0,0,6.598,25.864
inj_stock_q1e5,stock,1e-05,E27,90.0,1,1788913716.737,0.0795,0.0847,0.0063,1.951,0,0,13.75,13.851
inj_stock_q1e5,stock,1e-05,E28,90.0,2,1788913728.737,0.0884,0.1665,0.0105,3.006,0,0,14.231,26.834
inj_stock_q1e5,stock,1e-05,E29,90.0,5,1788913740.737,0.0616,0.2821,0.0048,3.861,0,0,16.035,48.329
inj_stock_q1e5,stock,1e-05,E30,5.0,1,1788913752.737,-0.0004,0.007,0.0062,0.298,0,0,0.733,0.95
inj_stock_q1e5,stock,1e-05,E31,5.0,2,1788913764.737,-0.001,0.016,0.0088,0.553,0,0,0.635,1.445
inj_stock_q1e5,stock,1e-05,E32,5.0,5,1788912802.737,0.0265,0.0344,0.0017,1.037,0,0,3.941,6.16
inj_stock_q1e5,stock,1e-05,E33,10.0,1,1788912814.737,0.0536,0.0536,0.0016,0.284,0,0,8.309,8.553
inj_stock_q1e5,stock,1e-05,E34,10.0,2,1788912826.737,0.0527,0.0678,0.0039,0.533,0,0,8.475,10.797
inj_stock_q1e5,stock,1e-05,E35,10.0,5,1788912838.737,0.0007,0.0685,0.0008,1.179,0,0,8.624,10.544
inj_stock_q1e5,stock,1e-05,E36,20.0,1,1788912850.737,0.0194,0.0198,0.0006,0.224,0,0,3.147,3.156
inj_stock_q1e5,stock,1e-05,E37,20.0,2,1788912862.737,0.0002,0.0457,0.0018,1.478,0,0,4.216,6.239
inj_stock_q1e5,stock,1e-05,E38,20.0,5,1788912874.737,0.0215,0.0756,0.0014,2.732,0,0,3.357,11.707
inj_stock_q1e5,stock,1e-05,E39,45.0,1,1788912886.737,0.046,0.0462,0.002,0.767,0,0,7.121,7.124
inj_stock_q1e5,stock,1e-05,E40,45.0,2,1788911908.737,0.024,0.0782,0.0016,2.185,0,0,4.114,12.182
inj_stock_q1e5,stock,1e-05,E41,45.0,5,1788911920.737,0.0245,0.1525,0.0018,3.434,0,0,6.608,23.953
inj_stock_q1e5,stock,1e-05,E42,90.0,1,1788911932.737,0.0011,0.0759,0.003,2.076,0,0,10.253,12.024
inj_stock_q1e5,stock,1e-05,E43,90.0,2,1788911944.737,0.0422,0.1457,0.0018,3.125,0,0,12.652,23.127
inj_stock_q1e5,stock,1e-05,E44,90.0,5,1788911956.737,-0.0019,0.2695,0.0012,4.574,0,0,12.637,47.703
inj_stock_q1e5,stock,1e-05,_RUN_,,,,,0.0027,0.0026,0.0719,0,0,,
