t_ref,t_rec,hdg_deg,dpsi_deg,dpsi_imu_deg,gyro_inc_deg,gz_cum_deg,hd_ok,quality,sats,gz_max,course_deg,speed_ms,course_minus_hdgyaw,yaw_in_deg,meas_state,meas_published,meas_used_yaw_deg,meas_hold_count,meas_valid,meas_reanchor,meas_fallback_b,gate_delta_deg,gate_budget_deg,anchor_t_ref,age_since_anchor_s,node_state_both,node_state_gated,dev_stock,dev_stock_published,dev_gated,dev_gated_published,dev_meas,dev_meas_published,dev_both,dev_both_published
1520.08,1524.3,262.725,0.3041,0.005,0.00243077,-318.098,1,4,21,0.0027,153.435,0.0110971,-33.8402,-172.725,ACCEPT,1,-172.725,0,1,0,0,-0.3041,17.0054,1520.08,0,accept (re-anchored by gyro),hold,0.00194062,1,1.27279e-05,1,0.00193282,1,1.27279e-05,1
1520.28,1524.5,262.828,0.1035,0.004,0.000586709,-318.098,1,4,21,0.0045,90,0.00498753,-97.1716,-172.828,ACCEPT,1,-172.828,0,1,0,0,-0.1035,17.0054,1520.28,0,accept (re-anchored by gyro),hold,4.24264e-06,1,4.24264e-06,1,0.00064041,1,4.24264e-06,1
1520.48,1524.7,262.398,-0.4307,-0.017,7.83806e-05,-318.098,1,4,21,0.0131,-120.069,0.0546132,52.3291,-172.398,ACCEPT,1,-172.398,0,1,0,0,0.4307,17.0054,1520.48,0,accept (re-anchored by gyro),hold,0.00264479,1,1.76918e-05,1,0.00264479,1,1.76918e-05,1
1520.68,1524.9,264.79,2.3923,-0.01,0.0170969,-318.081,1,4,21,0.0082,-124.695,0.0393318,50.0948,-174.79,ACCEPT,1,-174.79,0,1,0,0,-2.3923,17.0054,1520.69,0,accept (re-anchored by gyro),hold,0.0152258,1,0.00078844,1,0.0153999,1,0.00225219,1
1520.89,1525.1,264.128,-0.6618,-0.012,-0.0122814,-318.093,1,4,21,0.0084,75.9638,0.0102565,-109.908,-174.128,ACCEPT,1,-174.128,0,1,0,0,0.6618,17.0054,1520.89,0,accept (re-anchored by gyro),hold,0.00398332,1,2.54558e-05,1,0.0040215,1,2.54558e-05,1
1521.09,1525.3,264.257,0.1291,0.003,0,-318.093,1,4,21,0.0061,-126.87,0.0124378,47.3874,-174.257,ACCEPT,1,-174.257,0,1,0,0,-0.1291,17.0054,1521.09,0,accept (re-anchored by gyro),hold,0.00082315,1,5e-06,1,0.000833049,1,5e-06,1
1521.29,1525.5,264.954,0.6962,0.006,0.00310904,-318.09,1,4,21,0.0047,-153.435,0.0111525,21.5186,-174.954,ACCEPT,1,-174.954,0,1,0,0,-0.6962,17.0054,1521.29,0,accept (re-anchored by gyro),hold,0.00447751,1,2.82843e-05,1,0.00447751,1,2.82843e-05,1
1521.49,1525.7,265.467,0.5139,-0.001,0.000850269,-318.089,1,4,21,0.0046,109.983,0.0291888,-74.5495,-175.467,ACCEPT,1,-175.467,0,1,0,0,-0.5139,17.0054,1521.49,0,accept (re-anchored by gyro),hold,2.05183e-05,1,2.05183e-05,1,0.00333403,1,0.000454683,1
1521.69,1525.9,264.805,-0.6623,-0.004,0,-318.089,1,4,21,0.0028,69.444,0.0212537,-115.751,-174.805,ACCEPT,1,-174.805,0,1,0,0,0.6623,17.0054,1521.69,0,accept (re-anchored by gyro),hold,0.00422144,1,0.000386083,1,0.00420517,1,0.000386083,1
1521.89,1526.1,264.497,-0.3082,0.001,-0.00363651,-318.093,1,4,21,0.0027,0,0.00497512,174.497,-174.497,ACCEPT,1,-174.497,0,1,0,0,0.3082,17.0054,1521.89,0,accept (re-anchored by gyro),hold,1.27279e-05,1,1.27279e-05,1,1.27279e-05,1,1.27279e-05,1
1522.09,1526.3,264.526,0.0293,-0.004,-0.000115508,-318.093,1,4,21,0.0033,116.565,0.00556236,-68.9087,-174.526,ACCEPT,1,-174.526,0,1,0,0,-0.0293,17.0054,1522.09,0,accept (re-anchored by gyro),hold,0.000135772,1,0,1,0.000135772,1,0,1
1522.29,1526.51,264.804,0.2779,-0.002,-0.0138907,-318.107,1,4,21,0.0072,146.31,0.0089914,-38.886,-174.804,ACCEPT,1,-174.804,0,1,0,0,-0.2779,17.0054,1522.29,0,accept (re-anchored by gyro),hold,1.13137e-05,1,9.89949e-06,1,0.00170416,1,9.89949e-06,1
1522.49,1526.71,264.691,-0.1128,-0.011,0.00596512,-318.101,1,4,21,0.0074,-63.4349,0.00557623,111.256,-174.691,ACCEPT,1,-174.691,0,1,0,0,0.1128,17.0054,1522.49,0,accept (re-anchored by gyro),hold,4.03113e-05,1,4.24264e-06,1,0.000692267,1,4.24264e-06,1
1522.69,1526.91,264.443,-0.2478,0.003,0.00249282,-318.098,1,4,21,0.0041,0,0.00746269,174.443,-174.444,ACCEPT,1,-174.444,0,1,0,0,0.2478,17.0054,1522.69,0,accept (re-anchored by gyro),hold,4.59674e-05,1,9.89949e-06,1,9.89949e-06,1,9.89949e-06,1
1522.89,1527.11,263.917,-0.5267,0.004,-0.002343,-318.1,1,4,21,0.0031,123.69,0.00896903,-62.3931,-173.917,ACCEPT,1,-173.917,0,1,0,0,0.5267,17.0054,1522.89,0,accept (re-anchored by gyro),hold,0.00337324,1,2.05183e-05,1,2.12132e-05,1,2.12132e-05,1
1523.1,1527.31,264.51,0.5937,-0.003,0.00444632,-318.096,1,4,21,0.0029,90,0.00248756,-95.4895,-174.51,ACCEPT,1,-174.51,0,1,0,0,-0.5937,17.0054,1523.1,0,accept (re-anchored by gyro),hold,2.33452e-05,1,2.33452e-05,1,2.33452e-05,1,2.33452e-05,1
1523.3,1527.51,264.196,-0.3147,0.001,-0.00159431,-318.098,1,4,21,0.0014,-71.5651,0.00788598,102.631,-174.196,ACCEPT,1,-174.196,0,1,0,0,0.3147,17.0054,1523.3,0,accept (re-anchored by gyro),hold,1.27279e-05,1,1.27279e-05,1,0.000631494,1,1.27279e-05,1
1523.5,1527.71,264.443,0.2474,0.007,0.000362281,-318.097,1,4,22,0.0024,0,0.00997506,174.443,-174.443,ACCEPT,1,-174.443,0,1,0,0,-0.2474,17.0054,1523.5,0,accept (re-anchored by gyro),hold,9.89949e-06,1,9.89949e-06,1,0.000192338,1,9.89949e-06,1
1523.7,1527.91,264.011,-0.4325,-0.003,0.00254634,-318.095,1,4,22,0.0015,-128.66,0.0159282,45.3509,-174.011,ACCEPT,1,-174.011,0,1,0,0,0.4325,17.0054,1523.7,0,accept (re-anchored by gyro),hold,1.76918e-05,1,1.76918e-05,1,1.76918e-05,1,1.76918e-05,1
1523.9,1528.11,266.093,2.0819,-0.001,-5.64936e-05,-318.095,1,4,22,0.0016,-130.601,0.0458684,45.4913,-176.093,ACCEPT,1,-176.093,0,1,0,0,-2.0819,17.0054,1523.9,0,accept (re-anchored by gyro),hold,8.34506e-05,1,8.34506e-05,1,8.34506e-05,1,8.34506e-05,1
1524.1,1528.31,266.42,0.3277,-0.009,0.00320415,-318.092,1,4,22,0.0025,-146.31,0.0089914,30.1104,-176.42,ACCEPT,1,-176.42,0,1,0,0,-0.3277,17.0054,1524.1,0,accept (re-anchored by gyro),hold,0.000943519,1,1.34536e-05,1,0.000943519,1,1.34536e-05,1
1524.3,1528.51,266.406,-0.0145,-0.004,-0.000104049,-318.092,1,4,22,0.0015,60.2551,0.0201054,-123.339,-176.406,ACCEPT,1,-176.406,0,1,0,0,0.0145,17.0054,1524.3,0,accept (re-anchored by gyro),hold,2.26274e-05,1,1e-06,1,2.26274e-05,1,1e-06,1
1524.5,1528.71,265.895,-0.5109,-0.005,0.00215071,-318.09,1,4,21,0.0017,55.3048,0.0393318,-128.8,-175.895,ACCEPT,1,-175.895,0,1,0,0,0.5109,17.0054,1524.5,0,accept (re-anchored by gyro),hold,0.000229837,1,1.9799e-05,1,0.000229837,1,1.9799e-05,1
1524.7,1528.91,264.811,-1.0841,-0.001,0.00143658,-318.088,1,4,21,0.0102,-151.699,0.03682,23.1116,-174.811,ACCEPT,1,-174.811,0,1,0,0,1.0841,17.0054,1524.7,0,accept (re-anchored by gyro),hold,4.31393e-05,1,4.24264e-05,1,4.31393e-05,1,4.24264e-05,1
1524.9,1529.12,265.614,0.8035,-0,0.00139475,-318.087,1,4,21,0.0059,-157.345,0.309219,18.2695,-175.614,ACCEPT,1,-175.614,0,1,0,0,-0.8035,17.0054,1524.9,0,accept (re-anchored by gyro),hold,3.18277e-05,1,3.18277e-05,1,3.18277e-05,1,3.18277e-05,1
1525.1,1529.32,268.275,2.6606,0.021,-0.00863321,-318.095,1,4,21,0.0049,-156.147,0.65495,22.1275,-178.275,ACCEPT,1,-178.275,0,1,0,0,-2.6606,17.0054,1525.1,0,accept (re-anchored by gyro),hold,0.00584493,1,0.000104805,1,0.000104139,1,0.0168728,1
1525.31,1529.52,267.062,-1.2129,0.055,-0.058921,-318.154,1,4,21,0.0057,-151.911,1.04609,25.1505,-177.062,ACCEPT,1,-177.062,0,1,0,0,1.2129,17.0054,1525.31,0,accept (re-anchored by gyro),hold,0.00137064,1,0.00136849,1,0.00136991,1,4.95177e-05,1
1525.51,1529.72,270.548,3.4865,0.115,-0.143234,-318.297,1,4,13,0.0165,-150.363,1.644,30.1856,179.452,ACCEPT,1,179.452,0,1,0,0,-3.4865,17.0054,1525.51,0,accept (re-anchored by gyro),hold,0.000133544,1,0.000133544,1,0.000133544,1,0.000133544,1
1525.71,1529.92,278.864,8.3156,0.225,-0.223692,-318.521,1,4,13,0.0245,-152.667,2.08012,36.1971,171.136,ACCEPT,1,171.136,0,1,0,0,-8.3156,17.0054,1525.71,0,accept (re-anchored by gyro),hold,0.000322591,1,0.000322591,1,0.000322591,1,0.052719,1
1525.91,1530.12,280.541,1.6771,0.236,-0.0722316,-318.593,1,4,13,0.0253,-155.566,2.3033,34.9749,169.459,ACCEPT,1,169.459,0,1,0,0,-1.6771,17.0054,1525.91,0,accept (re-anchored by gyro),hold,6.00333e-05,1,0.00193247,1,5.95399e-05,1,6.00333e-05,1
1526.11,1530.32,283.547,3.0055,0.25,-0.385129,-318.979,1,4,13,0.0285,-154.198,2.42318,39.3489,166.453,ACCEPT,1,166.453,0,1,0,0,-3.0055,17.0054,1526.11,0,accept (re-anchored by gyro),hold,0.00484472,1,0.000110463,1,0.00484472,1,0.0179826,1
1526.31,1530.52,284.628,1.0813,0.289,-0.280937,-319.259,1,4,13,0.037,-158.199,2.26391,36.4294,165.372,ACCEPT,1,165.372,0,1,0,0,-1.0813,17.0054,1526.31,0,accept (re-anchored by gyro),hold,0.000462952,1,3.1305e-05,1,0.000462952,1,3.08707e-05,1
1526.51,1530.72,283.3,-1.3276,0.295,-0.358018,-319.617,1,4,10,0.0351,-161.61,2.02354,31.6907,166.7,ACCEPT,1,166.7,0,1,0,0,1.3276,17.0054,1526.51,0,accept (re-anchored by gyro),hold,6.52993e-05,1,6.52993e-05,1,6.08276e-05,1,6.52993e-05,1
1526.71,1530.92,268.125,-15.1753,0.316,-0.277597,-319.895,1,4,10,0.035,-151.798,2.14772,26.3267,-178.125,ACCEPT,1,-178.125,0,1,0,0,15.1753,17.0054,1526.71,0,accept (re-anchored by gyro),hold,0.000616118,1,0.000616118,1,0.000616118,1,0.000616118,1
1526.91,1531.12,279.253,11.1275,0.232,-0.224748,-320.12,1,4,10,0.0251,-161.287,1.78333,27.9656,170.747,ACCEPT,1,170.747,0,1,0,0,-11.1275,17.0054,1526.91,0,accept (re-anchored by gyro),hold,0.000431836,1,0.000430465,1,0.000430465,1,0.0700541,1
1527.11,1531.33,242.585,-36.6672,0.229,-0.216062,-320.336,1,4,10,0.0233,-164.112,1.71735,-11.5262,-152.585,HOLD,1,170.747,1,1,0,0,36.6672,17.0054,1526.91,0.201306,accept (re-anchored by gyro),hold,0.00146346,1,0.229557,1,0.229972,1,0.230589,1
1527.31,1531.53,242.585,0,0.282,-0.238856,-320.575,1,4,10,0.0327,-153.352,2.29614,-0.76627,-152.585,HOLD,1,170.747,2,1,0,0,36.6672,17.0054,1526.91,0.401841,accept (re-anchored by gyro),hold,1.83848e-05,1,0.229558,1,0.229996,1,0.231058,1
1527.51,1531.73,242.585,0,0.279,-0.336526,-320.911,1,5,6,0.0359,150.204,1.38511,-57.2107,-152.585,NOPUB,0,nan,2,0,0,0,37.4586,17.0744,1526.91,0.602529,accept (re-anchored by gyro),hold,9.84886e-06,1,0.229557,1,0.231515,1,0.231506,1
1527.71,1531.93,270.584,27.9986,-0.138,0.0238772,-320.887,1,5,6,0.0177,-171.437,0.653167,9.14722,179.416,ACCEPT,1,179.416,0,1,1,0,9.43617,17.0974,1527.71,0,accept (re-anchored by gyro),stale (withholding /odometry/gps),0.00112239,1,0.00111317,1,0.000176182,1,0.000175548,1
1527.91,1532.13,270.584,0,-0.534,0.607322,-320.28,1,5,6,0.0666,161.194,2.78647,-18.2221,179.416,ACCEPT,1,179.416,0,1,0,0,0,17.0054,1527.92,0,accept (re-anchored by gyro),accept (re-anchored by gyro),2.98329e-05,1,0.00163799,1,0.000731744,1,0.00259378,1
1528.12,1532.33,270.584,0,-1.055,0.882527,-319.398,1,5,6,0.1106,149.648,3.8743,-29.7678,179.416,ACCEPT,1,179.416,0,1,0,0,0,17.0054,1528.12,0,accept (re-anchored by gyro),accept (re-anchored by gyro),4.54533e-05,1,0.000965412,1,0.000964641,1,0.00446836,1
1528.32,1532.53,270.584,0,-1.914,1.88013,-317.517,1,5,6,0.2021,-157.636,2.92311,22.9482,179.416,ACCEPT,1,179.416,0,1,0,0,0,17.0054,1528.32,0,accept (re-anchored by gyro),accept (re-anchored by gyro),7.88733e-05,1,7.88733e-05,1,7.88733e-05,1,0.00889511,1
1528.52,1532.73,270.584,0,-2.429,2.77323,-314.744,1,2,17,0.226,-148.304,3.57867,32.2804,179.416,ACCEPT,1,179.416,0,1,0,0,0,17.0054,1528.52,0,accept (re-anchored by gyro),accept (re-anchored by gyro),9.23147e-05,1,9.73088e-05,1,9.73088e-05,1,0.013926,1
1528.72,1532.93,270.584,0,-2.85,2.73074,-312.013,1,2,17,0.2688,-145.749,3.74406,34.835,179.416,ACCEPT,1,179.416,0,1,0,0,0,17.0054,1528.72,0,accept (re-anchored by gyro),accept (re-anchored by gyro),0.000116516,1,0.000116516,1,0.000116516,1,0.0155802,1
1528.92,1533.13,270.584,0,-2.865,2.69853,-309.315,1,2,17,0.2796,-140.626,3.80363,39.9578,179.416,ACCEPT,1,179.416,0,1,0,0,0,17.0054,1528.92,0,accept (re-anchored by gyro),accept (re-anchored by gyro),0.000108706,1,0.00490125,1,0.000117924,1,0.0142107,1
1529.12,1533.33,270.584,0,-2.904,2.59606,-306.719,1,2,17,0.2774,-138.038,3.78359,42.546,179.416,ACCEPT,1,179.416,0,1,0,0,0,17.0054,1529.12,0,accept (re-anchored by gyro),accept (re-anchored by gyro),0.000110887,1,0.00130138,1,0.000115884,1,0.00011729,1
1529.32,1533.53,270.584,0,-2.93,3.65567,-303.063,1,2,17,0.2679,-103.621,4.58532,76.9634,179.416,ACCEPT,1,179.416,0,1,0,0,0,17.0054,1529.32,0,accept (re-anchored by gyro),accept (re-anchored by gyro),0.000116516,1,0.000116516,1,0.000116516,1,0.0137518,1
1529.52,1533.73,115.287,-155.297,-2.811,0,-303.063,1,5,21,0.2508,-101.84,4.65514,-76.5526,-25.2871,HOLD,1,179.416,1,1,0,0,155.297,17.0054,1529.32,0.200626,accept (re-anchored by gyro),accept (re-anchored by gyro),0.00607677,1,0.714148,1,0.714149,1,0.711672,1
1529.72,1533.94,115.598,0.3105,-2.666,4.43605,-298.627,1,5,21,0.2416,-131.073,3.67256,-105.475,-25.5976,HOLD,1,179.416,2,1,0,0,154.986,17.0054,1529.32,0.401301,accept (re-anchored by gyro),hold,7.9555e-05,1,0.713721,1,0.713723,1,0.711743,1
1529.92,1534.14,116.165,0.5679,-2.561,3.2175,-295.41,1,5,21,0.2321,-128.537,3.59856,-102.372,-26.1655,NOPUB,0,nan,2,0,0,0,146.765,17.0744,1529.32,0.601982,accept (re-anchored by gyro),hold,0.000125634,1,0.712927,1,0.70913,1,0.709131,1
1530.13,1534.34,116.488,0.3225,-2.444,2.38796,-293.022,1,5,21,0.2133,-126.791,3.57921,-100.303,-26.488,NOPUB,0,nan,2,0,0,0,144.054,17.0977,1529.32,0.806001,accept (re-anchored by gyro),stale (withholding /odometry/gps),0.000108908,1,0.712468,1,0.704685,1,0.706099,1
1530.33,1534.54,116.76,0.2716,-2.168,0.605778,-292.416,1,5,21,0.2113,-147.843,8.17126,-121.083,-26.7596,NOPUB,0,nan,2,0,0,0,143.177,17.1207,1529.32,1.00669,accept (re-anchored by gyro),stale (withholding /odometry/gps),9.43663e-05,1,nan,0,0.700834,1,0.700834,1
1530.53,1534.74,117.101,0.3411,-1.915,3.72591,-288.69,1,4,22,0.1739,-138.025,15.4653,-110.924,-27.1007,NOPUB,0,nan,2,0,0,0,139.11,17.1437,1529.32,1.20731,accept (re-anchored by gyro),stale (withholding /odometry/gps),0.246639,1,0.376381,1,0.325878,1,0.327615,1
1530.53,1534.74,117.101,0.3411,-1.915,0,-288.69,1,4,22,0.1739,-138.025,15.4653,-110.924,-118.595,NOPUB,0,nan,2,0,0,0,47.6155,17.1438,1529.32,1.20773,accept (re-anchored by gyro),stale (withholding /odometry/gps),0.246639,1,0.376381,1,0.325878,1,0.327615,1
1530.73,1534.94,207.132,-1.4634,-1.631,1.55597,-287.134,1,4,22,0.1614,-120.617,3.80973,-3.48539,-117.132,NOPUB,0,nan,2,0,0,0,47.5229,17.1668,1529.32,1.40841,accept (re-anchored by gyro),stale (withholding /odometry/gps),0.00158061,1,0.384353,1,0.325186,1,0.326964,1
1530.93,1535.14,206.437,-0.6945,-1.465,1.31033,-285.824,1,4,22,0.1397,-119.453,2.6206,-3.01516,-116.437,NOPUB,0,nan,2,0,0,0,46.9071,17.1898,1529.32,1.60903,accept (re-anchored by gyro),stale (withholding /odometry/gps),4.12311e-05,1,0.388115,1,0.321023,1,0.323461,1
1531.33,1535.55,205.127,-1.3107,-3.184,3.41014,-282.414,1,4,22,0.1849,-117.852,3.9614,-2.72568,-115.127,NOPUB,0,nan,2,0,0,0,44.8077,17.2358,1529.32,2.01111,accept (re-anchored by gyro),stale (withholding /odometry/gps),0.00530365,1,0.405467,1,0.322647,1,0.322647,1
1531.33,1535.55,205.127,-1.3107,-3.184,0,-282.414,1,4,22,0.1849,-117.852,3.9614,-2.72568,-113.199,NOPUB,0,nan,2,0,0,0,46.7354,17.2359,1529.32,2.01151,accept (re-anchored by gyro),stale (withholding /odometry/gps),0.00530365,1,0.405467,1,0.322647,1,0.322647,1
1531.53,1535.75,201.538,-1.6608,-2.185,2.05688,-280.357,1,4,23,0.2039,-113.611,4.00348,-2.07279,-111.538,NOPUB,0,nan,2,0,0,0,46.3393,17.2588,1529.32,2.21187,accept (re-anchored by gyro),stale (withholding /odometry/gps),1.80278e-05,1,0.414241,1,0.317734,1,0.324294,1
1531.73,1535.95,198.75,-2.7881,-2.667,2.50515,-277.852,1,4,23,0.241,-109.742,3.94244,-0.991489,-108.75,NOPUB,0,nan,2,0,0,0,46.6222,17.2818,1529.32,2.41238,accept (re-anchored by gyro),stale (withholding /odometry/gps),7.28011e-06,1,0.428775,1,0.318244,1,0.340139,1
1531.93,1536.15,195.148,-3.6024,-3.284,2.85383,-274.998,1,4,23,0.2942,-105.89,3.88802,-0.742444,-105.148,NOPUB,0,nan,2,0,0,0,47.3708,17.3048,1529.32,2.61297,accept (re-anchored by gyro),stale (withholding /odometry/gps),3.40147e-05,1,0.447176,1,0.332385,1,0.326643,1
1532.14,1536.35,191.667,-3.4804,-3.801,1.21942,-273.778,1,4,23,0.3484,-101.77,3.82927,-0.102507,-101.667,NOPUB,0,nan,2,0,0,0,49.6318,17.3279,1529.32,2.81477,accept (re-anchored by gyro),stale (withholding /odometry/gps),1.38924e-05,1,0.464533,1,0.320124,1,0.326807,1
1532.34,1536.55,187.099,-4.5686,-4.25,7.49103,-266.287,1,4,23,0.4016,-96.7142,3.79661,0.384466,-97.0987,NOPUB,0,nan,2,0,0,0,46.7093,17.3509,1529.32,3.01528,accept (re-anchored by gyro),stale (withholding /odometry/gps),9.43398e-06,1,0.486666,1,0.323177,1,0.32447,1
1532.54,1536.75,182.196,-4.903,-4.602,4.28377,-262.003,1,4,24,0.43,-92.3812,3.78132,-0.185525,-92.1957,NOPUB,0,nan,2,0,0,0,47.3286,17.3739,1529.32,3.21587,accept (re-anchored by gyro),stale (withholding /odometry/gps),0.000465456,1,0.509556,1,0.320704,1,0.320704,1
1532.74,1536.95,178.081,-4.1146,-4.972,4.72619,-257.277,1,4,24,0.4555,-86.2887,3.69853,1.79238,-88.0811,NOPUB,0,nan,2,0,0,0,46.717,17.3969,1529.32,3.41654,accept (re-anchored by gyro),stale (withholding /odometry/gps),0.000769681,1,0.528048,1,0.315624,1,0.323358,1
1532.94,1537.15,172.845,-5.2362,-5.561,5.4803,-251.797,1,4,24,0.4999,-79.8656,3.59085,2.97934,-82.8449,NOPUB,0,nan,2,0,0,0,46.4729,17.4199,1529.32,3.61703,accept (re-anchored by gyro),stale (withholding /odometry/gps),1.34536e-05,1,nan,0,0.314235,1,0.313743,1
1533.14,1537.35,166.98,-5.8651,-5.733,1.37229,-250.425,1,4,24,0.5251,-74.2048,3.5272,2.77496,-76.9798,NOPUB,0,nan,2,0,0,0,50.9657,17.4429,1529.32,3.81798,accept (re-anchored by gyro),stale (withholding /odometry/gps),3.60555e-06,1,0.57448,1,0.347596,1,0.328573,1
1533.34,1537.55,159.89,-7.09,-6.077,9.04561,-241.379,1,4,24,0.5516,-67.2453,3.43212,2.6445,-69.8898,NOPUB,0,nan,2,0,0,0,49.0101,17.4659,1529.32,4.01833,accept (re-anchored by gyro),stale (withholding /odometry/gps),4.52769e-05,1,0.601341,1,0.374607,1,0.31992,1
1533.54,1537.75,153.269,-6.6206,-6.597,4.12644,-237.253,1,4,23,0.5831,-60.0919,3.36596,3.1773,-63.2692,NOPUB,0,nan,2,0,0,0,51.5042,17.4888,1529.32,4.21872,accept (re-anchored by gyro),stale (withholding /odometry/gps),2.06155e-05,1,0.624348,1,0.352741,1,0.328478,1
1533.74,1537.95,147.664,-5.6052,-6.8,0,-237.253,1,4,23,0.5995,-52.9562,3.27862,4.70778,-57.664,NOPUB,0,nan,2,0,0,0,57.1094,17.5118,1529.32,4.41931,accept (re-anchored by gyro),stale (withholding /odometry/gps),0.000551874,1,0.6422,1,0.312943,1,0.32591,1
1533.94,1538.15,140.274,-7.3897,-6.769,18.5132,-218.739,1,4,23,0.6054,-46.0073,3.20981,4.26701,-50.2743,NOPUB,0,nan,2,0,0,0,45.9859,17.5348,1529.32,4.61971,accept (re-anchored by gyro),stale (withholding /odometry/gps),2.43311e-05,1,0.663381,1,0.33102,1,0.33102,1
1534.14,1538.36,133.098,-7.1763,-6.913,6.55206,-212.187,1,4,23,0.62,-39.1776,3.14619,3.92043,-43.098,NOPUB,0,nan,2,0,0,0,46.6102,17.5578,1529.32,4.82051,accept (re-anchored by gyro),stale (withholding /odometry/gps),1.00499e-05,1,0.681312,1,0.323362,1,0.335457,1
1534.34,1538.56,126.004,-7.0935,-7.162,6.80609,-205.381,1,4,23,0.6279,-30.8206,3.07333,5.1839,-36.0045,NOPUB,0,nan,2,0,0,0,46.8976,17.5808,1529.32,5.02102,accept (re-anchored by gyro),stale (withholding /odometry/gps),4.12311e-06,1,0.696411,1,0.337251,1,0.317477,1
1534.54,1538.76,120.104,-5.9002,-7.381,6.94389,-198.437,1,4,23,0.6578,-23.3899,3.04037,6.71442,-30.1043,NOPUB,0,nan,2,0,0,0,45.8539,17.6038,1529.32,5.22174,accept (re-anchored by gyro),stale (withholding /odometry/gps),6.00167e-05,1,0.70694,1,0.308822,1,0.308822,1
1534.74,1538.96,111.841,-8.2638,-7.403,6.68604,-191.751,1,4,23,0.6561,-15.8588,2.9476,5.98166,-21.8405,NOPUB,0,nan,2,0,0,0,47.4317,17.6267,1529.32,5.42219,accept (re-anchored by gyro),stale (withholding /odometry/gps),8.75957e-05,1,0.718531,1,0.313881,1,0.313881,1
1534.94,1539.16,103.8,-8.0405,-7.36,9.16282,-182.589,1,4,23,0.6496,-8.29817,2.86414,5.50183,-13.8,NOPUB,0,nan,2,0,0,0,46.3093,17.6497,1529.32,5.62268,accept (re-anchored by gyro),stale (withholding /odometry/gps),2.68328e-05,1,nan,0,0.321687,1,0.357025,1
1535.15,1539.36,98.1295,-5.6705,-7.158,6.66839,-175.92,1,4,23,0.6271,-1.10074,2.84171,7.02876,-8.1295,NOPUB,0,nan,2,0,0,0,45.3114,17.673,1529.32,5.82596,accept (re-anchored by gyro),stale (withholding /odometry/gps),5.66039e-05,1,0.729503,1,0.315892,1,0.309375,1
1535.35,1539.56,91.3221,-6.8074,-7.168,6.8083,-169.112,1,4,23,0.6347,6.02722,2.87374,7.34932,-1.3221,NOPUB,0,nan,2,0,0,0,45.3105,17.696,1529.32,6.02646,accept (re-anchored by gyro),stale (withholding /odometry/gps),1.56205e-05,1,nan,0,0.315917,1,0.307189,1
1535.55,1539.76,82.633,-8.6891,-7.215,6.81161,-162.3,1,4,21,0.6367,13.1244,2.88842,5.75739,7.367,NOPUB,0,nan,2,0,0,0,47.188,17.7189,1529.32,6.22693,accept (re-anchored by gyro),stale (withholding /odometry/gps),5.87282e-05,1,0.729344,1,0.315693,1,0.315693,1
1535.75,1539.96,76.7649,-5.8681,-7.113,8.544,-153.756,1,4,21,0.6347,20.2055,2.90974,6.97036,13.2351,NOPUB,0,nan,2,0,0,0,44.5121,17.7419,1529.32,6.4274,accept (re-anchored by gyro),stale (withholding /odometry/gps),5.58032e-05,1,0.725799,1,0.31131,1,0.308536,1
1535.95,1540.16,69.0684,-7.6965,-7.091,2.51135,-151.245,1,4,21,0.6278,26.6296,2.96362,5.69797,20.9316,NOPUB,0,nan,2,0,0,0,49.6973,17.7649,1529.32,6.62791,accept (re-anchored by gyro),stale (withholding /odometry/gps),2.50599e-05,1,nan,0,0.340924,1,0.312254,1
1536.15,1540.36,61.1326,-7.9358,-6.936,10.7627,-140.482,1,4,21,0.6123,33.494,3.02465,4.62663,28.8674,NOPUB,0,nan,2,0,0,0,46.8704,17.788,1529.32,6.8294,accept (re-anchored by gyro),stale (withholding /odometry/gps),3.86264e-05,1,0.707111,1,0.324774,1,0.317904,1
1536.35,1540.56,54.1929,-6.9397,-6.771,6.42323,-134.059,1,4,21,0.5936,39.3793,3.13268,3.57216,35.8071,NOPUB,0,nan,2,0,0,0,47.3869,17.811,1529.32,7.0299,accept (re-anchored by gyro),stale (withholding /odometry/gps),0.000308508,1,nan,0,0.327694,1,0.318917,1
1536.55,1540.77,48.8514,-5.3415,-6.417,5.80788,-128.251,1,4,22,0.5847,44.6886,3.24463,3.54001,41.1486,NOPUB,0,nan,2,0,0,0,46.9205,17.8339,1529.32,7.23048,accept (re-anchored by gyro),stale (withholding /odometry/gps),4.24264e-05,1,nan,0,0.357791,1,0.312891,1
1536.75,1540.96,42.5451,-6.3063,-6.071,7.5989,-120.652,1,4,22,0.551,50.3231,3.26113,2.86823,47.4549,NOPUB,0,nan,2,0,0,0,45.6279,17.8569,1529.32,7.43093,accept (re-anchored by gyro),stale (withholding /odometry/gps),1.1e-05,1,nan,0,0.317322,1,0.314552,1
1536.95,1541.17,36.9412,-5.6039,-5.53,5.24,-115.412,1,4,22,0.4949,55.1694,3.32748,2.1106,53.0588,NOPUB,0,nan,2,0,0,0,45.9918,17.8799,1529.32,7.63146,accept (re-anchored by gyro),stale (withholding /odometry/gps),1e-06,1,0.652495,1,0.338014,1,0.315323,1
1537.15,1541.37,31.2352,-5.706,-4.902,4.60826,-110.804,1,4,22,0.442,59.6525,3.49946,0.887654,58.7648,NOPUB,0,nan,2,0,0,0,47.0895,17.903,1529.32,7.833,accept (re-anchored by gyro),stale (withholding /odometry/gps),3.14006e-05,1,nan,0,0.325486,1,0.333736,1
1537.36,1541.57,27.648,-3.5872,-5.072,4.8259,-105.978,1,4,22,0.4508,63.0872,3.6748,0.735179,62.352,NOPUB,0,nan,2,0,0,0,45.8508,17.926,1529.32,8.03347,accept (re-anchored by gyro),stale (withholding /odometry/gps),0.000147513,1,nan,0,0.318405,1,0.311426,1
1537.56,1541.77,23.2675,-4.3805,-4.938,4.64604,-101.332,1,4,22,0.4421,68.3825,3.75005,1.65005,66.7325,NOPUB,0,nan,2,0,0,0,45.5853,17.9489,1529.32,8.23403,accept (re-anchored by gyro),stale (withholding /odometry/gps),2.30868e-05,1,nan,0,0.308242,1,0.308231,1
1537.76,1541.97,17.1056,-6.1619,-4.739,5.72323,-95.6087,1,4,22,0.4383,74.0341,3.82589,1.13968,72.8944,NOPUB,0,nan,2,0,0,0,46.0239,17.9719,1529.32,8.43462,accept (re-anchored by gyro),stale (withholding /odometry/gps),5.73847e-05,1,0.585945,1,0.319278,1,0.316641,1
1537.96,1542.17,13.4271,-3.6785,-4.38,1.54436,-94.0644,1,4,22,0.3948,76.9427,3.91976,0.369799,76.5729,NOPUB,0,nan,2,0,0,0,48.1581,17.9949,1529.32,8.63513,accept (re-anchored by gyro),stale (withholding /odometry/gps),2.64008e-05,1,0.57161,1,0.316451,1,0.312801,1
1538.16,1542.37,9.021,-4.4061,-4.097,6.45617,-87.6082,1,4,22,0.3626,80.9125,4.00046,-0.0664625,80.979,NOPUB,0,nan,2,0,0,0,46.108,18.018,1529.32,8.83629,accept (re-anchored by gyro),stale (withholding /odometry/gps),1.38924e-05,1,0.553665,1,0.3196,1,0.314663,1
1538.36,1542.57,5.4487,-3.5723,-4.129,3.71162,-83.8966,1,4,22,0.364,85.0577,4.05247,0.506449,84.5513,NOPUB,0,nan,2,0,0,0,45.9687,18.0409,1529.32,9.03676,accept (re-anchored by gyro),stale (withholding /odometry/gps),2.24722e-05,1,nan,0,0.318831,1,0.311551,1
1538.56,1542.77,359.505,-5.9432,-3.902,4.89995,-78.9966,1,4,23,0.3565,89.0856,4.07302,-1.4089,90.4945,NOPUB,0,nan,2,0,0,0,47.012,18.0639,1529.32,9.23719,accept (re-anchored by gyro),stale (withholding /odometry/gps),0.0146032,1,nan,0,0.324724,1,0.323284,1
1538.76,1542.97,356.049,-3.4562,-3.941,3.73296,-75.2637,1,4,23,0.3549,93.5454,4.03266,-0.405308,93.9507,NOPUB,0,nan,2,0,0,0,46.7352,18.0869,1529.32,9.43762,accept (re-anchored by gyro),stale (withholding /odometry/gps),1.9105e-05,1,nan,0,0.323207,1,0.320476,1
1538.96,1543.17,352.176,-3.8737,-4.017,2.58091,-72.6828,1,4,23,0.3573,97.067,3.96294,-0.757375,97.8244,NOPUB,0,nan,2,0,0,0,48.028,18.1098,1529.32,9.63808,accept (re-anchored by gyro),stale (withholding /odometry/gps),5e-06,1,0.47776,1,0.330563,1,0.319568,1
1539.16,1543.37,347.837,-4.3386,-4.281,5.26141,-67.4214,1,4,23,0.3752,100.314,3.99726,-1.84856,102.163,NOPUB,0,nan,2,0,0,0,47.1052,18.1329,1529.32,9.83908,accept (re-anchored by gyro),stale (withholding /odometry/gps),1.41421e-06,1,nan,0,0.344753,1,0.32538,1
1539.36,1543.57,343.554,-4.2831,-4.446,3.96305,-63.4583,1,4,23,0.399,105.132,3.99348,-1.31367,106.446,NOPUB,0,nan,2,0,0,1,nan,nan,1529.32,10.0395,accept (re-anchored by gyro),stale (withholding /odometry/gps),7.2111e-06,1,8.37616e-05,1,0.368605,1,0.318762,1
1539.56,1543.77,339.049,-4.5051,-4.675,5.81714,-57.6412,1,4,21,0.4307,111.011,3.89488,0.059973,110.951,ACCEPT,1,110.951,0,1,1,1,4.5051,17.0054,1539.56,0,accept (re-anchored by gyro),accept (re-anchored by two),8.06226e-06,1,0.0207674,1,0.31989,1,0.344375,1
1539.76,1543.97,333.889,-5.1603,-4.963,4.67155,-52.9696,1,4,21,0.4478,115.952,3.75525,-0.159033,116.111,ACCEPT,1,116.111,0,1,0,0,5.1603,17.0054,1539.76,0,hold,accept (re-anchored by two),8.94427e-06,1,0.00569601,1,8.94427e-06,1,0.373058,1
1539.96,1544.17,329.879,-4.0094,-5.26,5.00065,-47.969,1,4,21,0.4703,121.479,3.54091,1.35803,120.121,ACCEPT,1,120.121,0,1,0,0,4.0094,17.0054,1539.96,0,hold,accept (re-anchored by two),4.998e-05,1,0.00187286,1,0.00187286,1,0.394824,1
1540.16,1544.38,324.005,-5.8745,-5.351,5.02909,-42.9399,1,4,21,0.4741,127.609,3.41514,1.6137,125.995,ACCEPT,1,125.995,0,1,0,0,5.8745,17.0054,1540.16,0,stale (withholding /odometry/gps),accept (re-anchored by two),2.06155e-05,1,2.06155e-05,1,0.011589,1,0.425836,1
1540.37,1544.58,319.858,-4.1467,-5.266,4.72286,-38.217,1,4,21,0.463,132.963,3.37367,2.82104,130.142,ACCEPT,1,130.142,0,1,0,0,4.1467,17.0054,1540.37,0,stale (withholding /odometry/gps),accept (re-anchored by two),0.00464664,1,0.00465371,1,0.00465586,1,0.447057,1
1540.57,1544.78,312.253,-7.6053,-5.398,6.71291,-31.5041,1,4,21,0.4893,138.485,3.39369,0.737939,137.747,ACCEPT,1,137.747,0,1,0,0,7.6053,17.0054,1540.57,0,stale (withholding /odometry/gps),accept (re-anchored by two),0.0176464,1,0.028165,1,0.0176464,1,0.484437,1
1540.77,1544.98,307.152,-5.1002,-5.641,5.35361,-26.1505,1,4,21,0.495,145.039,3.36845,2.19165,142.848,ACCEPT,1,142.848,0,1,0,0,5.1002,17.0054,1540.77,0,stale (withholding /odometry/gps),accept (re-anchored by two),0.00221639,1,2.10238e-05,1,0.00221639,1,0.50832,1
1540.97,1545.18,302.012,-5.1409,-5.962,5.61351,-20.537,1,4,21,0.5398,151.174,3.27099,3.18543,147.988,ACCEPT,1,147.988,0,1,0,0,5.1409,17.0054,1540.97,0,stale (withholding /odometry/gps),accept (re-anchored by two),0.0275938,1,2.72947e-05,1,0.00273118,1,0.531374,1
1541.17,1545.38,296.555,-5.4569,-6.16,5.50894,-15.0281,1,4,21,0.5415,157.857,3.17443,4.41135,153.445,ACCEPT,1,153.445,0,1,0,0,5.4569,17.0054,1541.17,0,stale (withholding /odometry/gps),accept (re-anchored by two),0.00796883,1,0.023438,1,0.000480243,1,0.554674,1
1541.37,1545.58,290.466,-6.0886,-6.36,7.89934,-7.12872,1,4,21,0.5588,164.29,3.08533,4.75597,159.534,ACCEPT,1,159.534,0,1,0,0,6.0886,17.0054,1541.37,0,stale (withholding /odometry/gps),accept (re-anchored by two),0.00109526,1,0.0132025,1,0.00109431,1,0.579187,1
1541.57,1545.78,284.214,-6.2523,-6.16,5.83056,-1.29816,1,4,23,0.5436,169.51,3.04085,3.72393,165.786,ACCEPT,1,165.786,0,1,0,0,6.2523,17.0054,1541.57,0,stale (withholding /odometry/gps),accept (re-anchored by two),0.00536996,1,0.0149599,1,0.00536996,1,0.602655,1
1541.77,1545.98,278.241,-5.9725,-6.07,5.75944,4.46128,1,4,23,0.5391,176.352,2.9786,4.59305,171.759,ACCEPT,1,171.759,0,1,0,0,5.9725,17.0054,1541.77,0,stale (withholding /odometry/gps),accept (re-anchored by two),0.00606069,1,0.0138814,1,0.00606069,1,0.623399,1
1541.97,1546.18,271.946,-6.2952,-5.846,5.55677,10.018,1,4,23,0.5257,-177.626,2.88307,4.3196,178.054,ACCEPT,1,178.054,0,1,0,0,6.2952,17.0054,1541.97,0,stale (withholding /odometry/gps),accept (re-anchored by two),0.0113388,1,0.035413,1,0.0113338,1,0.643429,1
1542.17,1546.38,266.091,-5.8546,-5.749,5.4492,15.4672,1,4,23,0.5073,-171.942,2.78621,4.14916,-176.091,ACCEPT,1,-176.091,0,1,0,0,5.8546,17.0054,1542.17,0,stale (withholding /odometry/gps),accept (re-anchored by two),0.0127165,1,0.0127087,1,0.0127165,1,0.660318,1
1542.37,1546.59,260.016,-6.0757,-5.413,6.51159,21.9788,1,4,23,0.4858,-166.041,2.67757,3.97429,-170.016,ACCEPT,1,-170.016,0,1,0,0,6.0757,17.0054,1542.37,0,stale (withholding /odometry/gps),accept (re-anchored by two),0.00720849,1,0.0176462,1,0.0107174,1,0.67602,1
1542.57,1546.79,255.085,-4.9308,-5.144,4.85353,26.8324,1,4,22,0.4797,-160.569,2.49629,4.51541,-165.085,ACCEPT,1,-165.085,0,1,0,0,4.9308,17.0054,1542.57,0,stale (withholding /odometry/gps),accept (re-anchored by two),0.00329099,1,0.00329099,1,0.0124809,1,0.68737,1
1542.77,1546.99,250.415,-4.6699,-4.444,4.228,31.0604,1,4,22,0.4063,-155.875,2.22693,4.54035,-160.415,ACCEPT,1,-160.415,0,1,0,0,4.6699,17.0054,1542.77,0,stale (withholding /odometry/gps),accept (re-anchored by two),0.0250522,1,0.0067982,1,0.00677128,1,0.696945,1
1542.97,1547.19,245.811,-4.6043,-3.621,3.49605,34.5564,1,4,22,0.358,-153.535,1.91457,2.27587,-155.811,ACCEPT,1,-155.811,0,1,0,0,4.6043,17.0054,1542.97,0,stale (withholding /odometry/gps),accept (re-anchored by two),0.0116611,1,0.0117627,1,0.0117627,1,0.705253,1
1543.17,1547.39,243.439,-2.3719,-2.716,2.55027,37.1067,1,4,22,0.2807,-151.294,1.54853,2.14475,-153.439,ACCEPT,1,-153.439,0,1,0,0,2.3719,17.0054,1543.18,0,stale (withholding /odometry/gps),accept (re-anchored by two),0.00357588,1,1.2083e-05,1,0.0035768,1,0.709089,1
1543.38,1547.59,241.16,-2.2787,-1.783,2.34456,39.4512,1,4,22,0.2101,-149.341,1.12481,1.81886,-151.16,ACCEPT,1,-151.16,0,1,0,0,2.2787,17.0054,1543.38,0,stale (withholding /odometry/gps),accept (re-anchored by two),0.00444653,1,0,1,0.00444653,1,0.712489,1
1543.58,1547.79,239.626,-1.5344,-1.114,1.04966,40.5009,1,4,22,0.1232,-149.349,0.704395,0.276368,-149.626,ACCEPT,1,-149.626,0,1,0,0,1.5344,17.0054,1543.58,0,stale (withholding /odometry/gps),accept (re-anchored by two),0.0038599,1,1.48661e-05,1,0.0038599,1,0.714621,1
1543.78,1547.99,239.469,-0.1569,-0.509,0.5088,41.0097,1,4,22,0.0698,-147.995,0.282314,1.47418,-149.469,ACCEPT,1,-149.469,0,1,0,0,0.1569,17.0054,1543.78,0,stale (withholding /odometry/gps),accept (re-anchored by two),0.00161296,1,1.39284e-05,1,0.00161296,1,0.714831,1
1543.98,1548.19,239.48,0.0116,-0.014,0.0194103,41.0291,1,4,22,0.0232,31.6075,0.0380657,-178.912,-149.48,ACCEPT,1,-149.48,0,1,0,0,-0.0116,17.0054,1543.98,0,stale (withholding /odometry/gps),accept (re-anchored by two),1.41421e-06,1,3.10161e-05,1,1.41421e-06,1,0.714815,1
1544.18,1548.39,239.347,-0.1334,0.006,0.0076762,41.0368,1,4,22,0.0249,30.4655,0.0490624,179.813,-149.347,ACCEPT,1,-149.347,0,1,0,0,0.1334,17.0054,1544.18,0,stale (withholding /odometry/gps),accept (re-anchored by two),0.000501283,1,0.000816297,1,0.000501283,1,0.714993,1
1544.38,1548.59,239.404,0.0571,-0.002,0.0428458,41.0796,1,4,22,0.0157,-122.005,0.0235261,27.3987,-149.404,ACCEPT,1,-149.404,0,1,0,0,-0.0571,17.0054,1544.38,0,stale (withholding /odometry/gps),accept (re-anchored by two),3.16228e-06,1,0.000536064,1,0.000529741,1,0.714918,1
1544.58,1548.79,239.509,0.105,-0.002,-0.00672509,41.0729,1,4,24,0.0077,0,0.0075,149.509,-149.509,ACCEPT,1,-149.509,0,1,0,0,-0.105,17.0054,1544.58,0,stale (withholding /odometry/gps),accept (re-anchored by two),0.000735976,1,0.000677788,1,0.000735976,1,0.714776,1
1544.78,1548.99,239.32,-0.1893,0.014,-0.00732538,41.0656,1,4,24,0.0061,0,0.00498753,149.32,-149.32,ACCEPT,1,-149.32,0,1,0,0,0.1893,17.0054,1544.78,0,stale (withholding /odometry/gps),accept (re-anchored by two),0.00123759,1,0.000101843,1,7.61577e-06,1,0.71503,1
1544.98,1549.19,239.442,0.122,0.012,-0.0105892,41.055,1,4,24,0.0039,-135,0.00700106,14.4418,-149.442,ACCEPT,1,-149.442,0,1,0,0,-0.122,17.0054,1544.98,0,stale (withholding /odometry/gps),accept (re-anchored by two),0.000700864,1,5.40833e-05,1,0.000700864,1,0.714866,1
1545.18,1549.4,239.466,0.0238,0.008,-0.00551042,41.0495,1,4,24,0.0037,-18.4349,0.00784684,131.031,-149.466,ACCEPT,1,-149.466,0,1,0,0,-0.0238,17.0054,1545.18,0,stale (withholding /odometry/gps),accept (re-anchored by two),0.000138842,1,2.23607e-06,1,0.000138842,1,0.714835,1
1545.38,1549.6,239.294,-0.1715,-0.004,-0.0042514,41.0452,1,4,24,0.0035,0,0.00249377,149.294,-149.294,ACCEPT,1,-149.294,0,1,0,0,0.1715,17.0054,1545.38,0,stale (withholding /odometry/gps),accept (re-anchored by two),0.0010769,1,7.28011e-06,1,0.00111611,1,0.715064,1
1545.58,1549.8,239.746,0.4522,0,0.00296918,41.0482,1,4,24,0.0022,146.31,0.00896903,-63.9438,-149.746,ACCEPT,1,-149.746,0,1,0,0,-0.4522,17.0054,1545.58,0,stale (withholding /odometry/gps),accept (re-anchored by two),0.00291107,1,1.80278e-05,1,1.80278e-05,1,0.714458,1
1545.79,1550,239.719,-0.0276,-0.01,0.00130314,41.0495,1,4,24,0.0031,116.565,0.00557623,-93.7162,-149.719,ACCEPT,1,-149.719,0,1,0,0,0.0276,17.0054,1545.78,0,stale (withholding /odometry/gps),accept (re-anchored by two),0.000132853,1,2.97321e-05,1,0.000132853,1,0.714494,1
1545.98,1550.2,239.914,0.1957,-0.001,-0.00185335,41.0476,1,4,24,0.0026,-116.565,0.00557623,33.3493,-149.914,ACCEPT,1,-149.914,0,1,0,0,-0.1957,17.0054,1545.99,0,stale (withholding /odometry/gps),accept (re-anchored by two),0.00125232,1,7.61577e-06,1,0.00124916,1,0.714229,1
1546.19,1550.4,240.183,0.269,-0.055,0.0494076,41.0971,1,4,24,0.017,-150.255,0.0601661,-0.0717187,-150.183,ACCEPT,1,-150.183,0,1,0,0,-0.269,17.0054,1546.19,0,stale (withholding /odometry/gps),accept (re-anchored by two),0.00180953,1,1.26491e-05,1,0.00180953,1,0.71386,1
1546.39,1550.6,239.444,-0.7395,-0.235,0.216047,41.3131,1,4,24,0.0263,-146.976,0.178457,2.46777,-149.444,ACCEPT,1,-149.444,0,1,0,0,0.7395,17.0054,1546.39,0,stale (withholding /odometry/gps),accept (re-anchored by two),0.00351196,1,2.02485e-05,1,0.003666,1,0.714864,1
1546.59,1550.8,239.11,-0.334,-0.46,0.42962,41.7427,1,4,26,0.048,-147.144,0.285701,1.96562,-149.11,ACCEPT,1,-149.11,0,1,0,0,0.334,17.0054,1546.59,0,stale (withholding /odometry/gps),accept (re-anchored by two),5.38516e-06,1,5.38516e-06,1,0.000170461,1,0.715307,1
1546.79,1551,237.961,-1.149,-0.72,0.61117,42.3539,1,4,26,0.0739,-144.676,0.388171,3.28463,-147.961,ACCEPT,1,-147.961,0,1,0,0,1.149,17.0054,1546.79,0,stale (withholding /odometry/gps),accept (re-anchored by two),0.00732479,1,0.000259632,1,1.58114e-05,1,0.716787,1
1546.99,1551.2,237.161,-0.7998,-1.051,1.28762,43.6415,1,4,26,0.1105,-142.101,0.526453,5.05983,-147.161,ACCEPT,1,-147.161,0,1,0,0,0.7998,17.0054,1546.99,0,stale (withholding /odometry/gps),accept (re-anchored by two),0.00109944,1,1.04403e-05,1,1.04403e-05,1,0.717774,1
1547.19,1551.4,236.465,-0.696,-1.402,1.33969,44.9812,1,4,26,0.1355,-141.411,0.630134,5.05426,-146.465,ACCEPT,1,-146.465,0,1,0,0,0.696,17.0054,1547.19,0,stale (withholding /odometry/gps),accept (re-anchored by two),0.00156004,1,2.91204e-05,1,0.000630642,1,0.718605,1
1547.39,1551.6,234.751,-1.7145,-1.758,1.65932,46.6405,1,4,26,0.166,-138.086,0.720496,6.66411,-144.751,ACCEPT,1,-144.751,0,1,0,0,1.7145,17.0054,1547.39,0,stale (withholding /odometry/gps),accept (re-anchored by two),0.0040408,1,3.16228e-06,1,3.16228e-06,1,0.720537,1
1547.59,1551.8,233.005,-1.7454,-2.011,1.89498,48.5355,1,4,22,0.1829,-136.463,0.829049,6.54265,-143.005,ACCEPT,1,-143.005,0,1,0,0,1.7454,17.0054,1547.59,0,stale (withholding /odometry/gps),accept (re-anchored by two),1.11803e-05,1,0.000461637,1,1.11803e-05,1,0.722339,1
1547.79,1552,230.77,-2.2356,-2.248,0,48.5355,1,4,22,0.1981,-134.781,0.921708,5.98829,-140.77,ACCEPT,1,-140.77,0,1,0,0,2.2356,17.0054,1547.79,0,stale (withholding /odometry/gps),accept (re-anchored by two),1e-06,1,1e-06,1,5.09902e-06,1,0.724403,1
1547.99,1552.2,229.097,-1.6721,-2.681,5.25558,53.7911,1,4,22,0.2478,-131.885,1.03839,7.21256,-139.097,ACCEPT,1,-139.097,0,1,0,0,1.6721,17.0054,1547.99,0,stale (withholding /odometry/gps),accept (re-anchored by two),0.000319931,1,4.15933e-05,1,0.000375662,1,0.725765,1
1548.19,1552.41,226.031,-3.0664,-3.03,0.996941,54.788,1,4,22,0.2883,-128.55,1.22447,7.48063,-136.031,ACCEPT,1,-136.031,0,1,0,0,3.0664,17.0054,1548.19,0,stale (withholding /odometry/gps),accept (re-anchored by two),1e-06,1,1e-06,1,0.014679,1,0.727864,1
1548.39,1552.61,222.448,-3.5831,-3.631,5.30897,60.097,1,4,22,0.3376,-125.308,1.44542,7.14015,-132.448,ACCEPT,1,-132.448,0,1,0,0,3.5831,17.0054,1548.39,0,stale (withholding /odometry/gps),accept (re-anchored by two),1e-06,1,4e-06,1,0.000244205,1,0.729655,1
1548.59,1552.81,217.958,-4.4903,-4.176,3.71349,63.8105,1,4,22,0.3727,-121.968,1.63441,5.98938,-127.958,ACCEPT,1,-127.958,0,1,0,0,4.4903,17.0054,1548.59,0,stale (withholding /odometry/gps),accept (re-anchored by two),1.2e-05,1,1.1e-05,1,1.1e-05,1,0.730891,1
1548.79,1553.01,213.523,-4.435,-4.544,5.64061,69.4511,1,4,22,0.4106,-117.605,1.77691,5.91733,-123.523,ACCEPT,1,-123.523,0,1,0,0,4.435,17.0054,1548.79,0,stale (withholding /odometry/gps),accept (re-anchored by two),5e-06,1,2e-06,1,5.09902e-06,1,0.731011,1
1548.99,1553.21,208.14,-5.383,-4.823,4.57374,74.0248,1,4,22,0.4286,-111.558,1.84819,6.58174,-118.14,ACCEPT,1,-118.14,0,1,0,0,5.383,17.0054,1548.99,0,stale (withholding /odometry/gps),accept (re-anchored by two),0.0159083,1,2.23607e-05,1,2.23607e-05,1,0.729688,1
1549.2,1553.41,203.627,-4.5124,-4.667,4.41338,78.4382,1,4,22,0.4263,-106.251,1.8001,7.37662,-113.627,ACCEPT,1,-113.627,0,1,0,0,4.5124,17.0054,1549.2,0,stale (withholding /odometry/gps),accept (re-anchored by two),9.48683e-06,1,9.48683e-06,1,5.09902e-06,1,0.727336,1
1549.4,1553.61,200.09,-3.5371,-4.1,3.85488,82.2931,1,4,22,0.3735,-103.973,1.65239,6.11687,-110.09,ACCEPT,1,-110.09,0,1,0,0,3.5371,17.0054,1549.4,0,stale (withholding /odometry/gps),accept (re-anchored by two),0.00119738,1,2.02485e-05,1,1.89737e-05,1,0.724704,1
1549.6,1553.81,196.164,-3.9266,-4.251,3.77119,86.0643,1,4,23,0.3852,-100.199,1.69005,5.96462,-106.164,ACCEPT,1,-106.164,0,1,0,0,3.9266,17.0054,1549.6,0,stale (withholding /odometry/gps),accept (re-anchored by two),1.34164e-05,1,1.34164e-05,1,0.000234139,1,1.43178e-05,1
1549.8,1554.01,192.312,-3.8519,-4.342,5.04275,91.107,1,4,23,0.4166,-93.7314,1.72435,8.5803,-102.312,ACCEPT,1,-102.312,0,1,0,0,3.8519,17.0054,1549.8,0,accept (re-anchored by two),accept (re-anchored by two),1.92354e-05,1,2.05913e-05,1,2.05913e-05,1,1.61245e-05,1
1550,1554.21,187.127,-5.1843,-4.559,4.73514,95.8422,1,4,23,0.4203,-90.163,1.74442,6.9644,-97.1274,ACCEPT,1,-97.1274,0,1,0,0,5.1843,17.0054,1550,0,accept (re-anchored by two),accept (re-anchored by two),2.52389e-05,1,2.52389e-05,1,2.52389e-05,1,2.52389e-05,1
1550.2,1554.41,181.947,-5.18,-4.94,3.13527,98.9775,1,4,23,0.4446,-87.0328,1.96541,4.91456,-91.9474,ACCEPT,1,-91.9474,0,1,0,0,5.18,17.0054,1550.2,0,accept (re-anchored by two),accept (re-anchored by two),7.81025e-06,1,7.81025e-06,1,1.06301e-05,1,7.81025e-06,1
1550.4,1554.61,177.449,-4.4988,-5.44,6.63201,105.609,1,4,23,0.5014,-80.8917,2.1897,6.55692,-87.4486,ACCEPT,1,-87.4486,0,1,0,0,4.4988,17.0054,1550.4,0,accept (re-anchored by two),accept (re-anchored by two),0.00151093,1,4.03609e-05,1,2.54951e-05,1,4.03609e-05,1
1550.6,1554.82,171.748,-5.7011,-5.886,5.23841,110.848,1,4,23,0.5231,-74.8183,2.39015,6.92922,-81.7475,ACCEPT,1,-81.7475,0,1,0,0,5.7011,17.0054,1550.6,0,accept (re-anchored by two),accept (re-anchored by two),0.000114022,1,2.82843e-06,1,2.19317e-05,1,9.21954e-06,1
1550.8,1555.02,166.662,-5.0856,-6.664,8.19326,119.041,1,4,23,0.5954,-68.463,2.60856,8.19885,-76.6619,ACCEPT,1,-76.6619,0,1,0,0,5.0856,17.0054,1550.8,0,accept (re-anchored by two),accept (re-anchored by two),6.5e-05,1,6.36003e-05,1,6.36003e-05,1,6.4405e-05,1
1551,1555.22,158.315,-8.347,-7.031,6.65116,125.692,1,4,23,0.6318,-62.0023,2.81018,6.31262,-68.3149,ACCEPT,1,-68.3149,0,1,0,0,8.347,17.0054,1551,0,accept (re-anchored by two),accept (re-anchored by two),5.1e-05,1,5.81808e-05,1,5.1e-05,1,5.1e-05,1
1551.2,1555.42,150.409,-7.9063,-7.48,7.05749,132.75,1,4,23,0.6611,-54.6209,2.92587,5.78772,-60.4086,ACCEPT,1,-60.4086,0,1,0,0,7.9063,17.0054,1551.2,0,accept (re-anchored by two),accept (re-anchored by two),0.00102809,1,1.7088e-05,1,0.00102809,1,1.7088e-05,1
1551.4,1555.62,143.573,-6.8356,-7.415,6.636,139.386,1,4,23,0.658,-47.7231,3.00639,5.84989,-53.573,ACCEPT,1,-53.573,0,1,0,0,6.8356,17.0054,1551.4,0,accept (re-anchored by two),accept (re-anchored by two),0.000642748,1,2.2561e-05,1,2.06155e-05,1,2.2561e-05,1
1551.61,1555.82,135.905,-7.6675,-7.5,7.15672,146.543,1,4,23,0.669,-40.2985,2.96891,5.60697,-45.9055,ACCEPT,1,-45.9055,0,1,0,0,7.6675,17.0054,1551.6,0,accept (re-anchored by two),accept (re-anchored by two),8.06226e-06,1,0,1,8.06226e-06,1,0,1
1551.81,1556.02,128.947,-6.9589,-7.388,9.19545,155.738,1,4,23,0.6524,-31.8503,2.92265,7.09629,-38.9466,ACCEPT,1,-38.9466,0,1,0,0,6.9589,17.0054,1551.81,0,accept (re-anchored by two),accept (re-anchored by two),1.8e-05,1,1.8e-05,1,1.8e-05,1,1.8e-05,1
1552.01,1556.22,121.47,-7.4762,-7.304,2.2089,157.947,1,4,23,0.649,-24.7854,2.90161,6.68497,-31.4704,ACCEPT,1,-31.4704,0,1,0,0,7.4762,17.0054,1552.01,0,accept (re-anchored by two),accept (re-anchored by two),9.21954e-06,1,9.21954e-06,1,6.08276e-06,1,0.00847292,1
1552.21,1556.42,114.253,-7.2171,-7.16,11.4757,169.423,1,4,23,0.63,-17.5794,2.79208,6.67393,-24.2533,ACCEPT,1,-24.2533,0,1,0,0,7.2171,17.0054,1552.21,0,accept (re-anchored by two),accept (re-anchored by two),1e-06,1,1e-06,1,9.24446e-05,1,0.00969914,1
1552.41,1556.62,106.829,-7.4246,-6.829,6.14873,175.571,1,4,23,0.6176,-10.6422,2.72772,6.18652,-16.8287,ACCEPT,1,-16.8287,0,1,0,0,7.4246,17.0054,1552.41,0,accept (re-anchored by two),accept (re-anchored by two),0.000434099,1,1.2083e-05,1,0.000434099,1,2.50799e-05,1
1552.61,1556.82,101,-5.8285,-6.731,8.40228,183.974,1,4,25,0.6041,-4.01324,2.67239,6.98696,-11.0002,ACCEPT,1,-11.0002,0,1,0,0,5.8285,17.0054,1552.61,0,accept (re-anchored by two),accept (re-anchored by two),3.58469e-05,1,3.58469e-05,1,3.58469e-05,1,3.58469e-05,1
1552.81,1557.02,93.3645,-7.6357,-6.695,6.34281,190.316,1,4,25,0.5911,2.39956,2.61423,5.76406,-3.3645,ACCEPT,1,-3.3645,0,1,0,0,7.6357,17.0054,1552.81,0,accept (re-anchored by two),accept (re-anchored by two),3.78021e-05,1,3.78021e-05,1,3.78021e-05,1,3.78021e-05,1
1553.01,1557.22,86.8367,-6.5278,-6.579,6.17907,196.495,1,4,25,0.5907,9.04071,2.61205,5.87741,3.1633,ACCEPT,1,3.1633,0,1,0,0,6.5278,17.0054,1553.01,0,accept (re-anchored by two),accept (re-anchored by two),1.41421e-06,1,0.000116043,1,1e-06,1,9.19674e-05,1
1553.21,1557.42,80.7369,-6.0998,-6.703,6.38434,202.88,1,4,25,0.5989,15.9676,2.65609,6.70446,9.2631,ACCEPT,1,9.2631,0,1,0,0,6.0998,17.0054,1553.21,0,accept (re-anchored by two),accept (re-anchored by two),2.48395e-05,1,2.48395e-05,1,2.48395e-05,1,0.00568929,1
1553.41,1557.62,74.0578,-6.6791,-6.854,6.1004,208.98,1,4,25,0.6019,22.4174,2.71381,6.47516,15.9422,ACCEPT,1,15.9422,0,1,0,0,6.6791,17.0054,1553.41,0,accept (re-anchored by two),accept (re-anchored by two),9.06973e-05,1,9.01388e-05,1,9.06973e-05,1,0.0134462,1
1553.61,1557.83,66.6808,-7.377,-7.161,8.89446,217.875,1,4,23,0.6316,29.0546,2.7916,5.7354,23.3192,ACCEPT,1,23.3192,0,1,0,0,7.377,17.0054,1553.61,0,accept (re-anchored by two),accept (re-anchored by two),8.94427e-06,1,8.94427e-06,1,8.94427e-06,1,8.94427e-06,1
1553.81,1558.03,59.0099,-7.6709,-7.297,6.91968,224.794,1,4,23,0.6512,36.7522,2.91322,5.76209,30.9901,ACCEPT,1,30.9901,0,1,0,0,7.6709,17.0054,1553.81,0,accept (re-anchored by two),accept (re-anchored by two),1.3e-05,1,1.3e-05,1,1.3e-05,1,0.00879547,1
1554.01,1558.23,52.7441,-6.2658,-7.444,7.03395,231.828,1,4,23,0.6592,44.1091,2.94869,6.85321,37.2559,ACCEPT,1,37.2559,0,1,0,0,6.2658,17.0054,1554.01,0,accept (re-anchored by two),accept (re-anchored by two),4.70744e-05,1,0.00268072,1,4.70744e-05,1,0.0348412,1
1554.21,1558.43,45.1558,-7.5883,-7.329,0,231.828,1,4,23,0.6591,51.3402,2.883,6.49599,44.8442,ACCEPT,1,44.8442,0,1,0,0,7.5883,17.0054,1554.21,0,accept (re-anchored by two),accept (re-anchored by two),1.20416e-05,1,3.41321e-05,1,0,1,0.0155217,1
1554.41,1558.63,37.4051,-7.7507,-7.124,14.3968,246.225,1,4,23,0.6304,58.7726,2.88129,6.1777,52.5949,ACCEPT,1,52.5949,0,1,0,0,7.7507,17.0054,1554.42,0,accept (re-anchored by two),accept (re-anchored by two),2.40832e-05,1,2.40832e-05,1,1.00499e-05,1,0.017608,1
1554.62,1558.83,30.4546,-6.9505,-7.033,7.72203,253.947,1,4,25,0.6204,65.5602,2.82686,6.01483,59.5454,ACCEPT,1,59.5454,0,1,0,0,6.9505,17.0054,1554.62,0,accept (re-anchored by two),accept (re-anchored by two),3e-06,1,8.06226e-06,1,3.16228e-06,1,0.00410919,1
1554.82,1559.03,24.546,-5.9086,-6.763,6.40321,260.35,1,4,25,0.5997,72.6805,2.70733,7.22652,65.454,ACCEPT,1,65.454,0,1,0,0,5.9086,17.0054,1554.82,0,accept (re-anchored by two),accept (re-anchored by two),3.32415e-05,1,3.32415e-05,1,3.32415e-05,1,0.00125691,1
1555.02,1559.23,17.9783,-6.5677,-6.008,5.72466,266.075,1,4,25,0.5731,78.7009,2.57718,6.67916,72.0217,ACCEPT,1,72.0217,0,1,0,0,6.5677,17.0054,1555.02,0,accept (re-anchored by two),accept (re-anchored by two),2.50799e-05,1,2.6e-05,1,2.6e-05,1,0.0114788,1
1555.22,1559.43,12.1811,-5.7972,-5.193,0,266.075,1,4,25,0.4815,83.1918,2.44903,5.37291,77.8189,ACCEPT,1,77.8189,0,1,0,0,5.7972,17.0054,1555.22,0,accept (re-anchored by two),accept (re-anchored by two),2.59422e-05,1,0.000377534,1,0.000377534,1,0.0140694,1
1555.42,1559.63,7.7412,-4.4399,-4.062,9.88268,275.958,1,4,25,0.4154,86.19,2.32684,3.93121,82.2588,ACCEPT,1,82.2588,0,1,0,0,4.4399,17.0054,1555.42,0,accept (re-anchored by two),accept (re-anchored by two),1.66433e-05,1,1.66433e-05,1,1.66433e-05,1,0.0107754,1
1555.62,1559.84,4.4084,-3.3328,-3.461,3.25528,279.213,1,4,24,0.3317,88.2565,2.21299,2.66487,85.5916,ACCEPT,1,85.5916,0,1,0,0,3.3328,17.0054,1555.62,0,accept (re-anchored by two),accept (re-anchored by two),2.82843e-06,1,2.82843e-06,1,2.82843e-06,1,0.0021435,1
1555.82,1560.04,359.961,-4.447,-2.745,2.60946,281.822,1,4,24,0.2539,89.608,2.18708,-0.430583,90.0386,ACCEPT,1,90.0386,0,1,0,0,4.447,17.0054,1555.82,0,accept (re-anchored by two),accept (re-anchored by two),6.9527e-05,1,6.9527e-05,1,0.00449026,1,0.0140102,1
1556.02,1560.23,358.209,-1.7521,-1.923,1.86433,283.687,1,4,24,0.2157,90.732,2.14197,-1.05874,91.7907,ACCEPT,1,91.7907,0,1,0,0,1.7521,17.0054,1556.02,0,accept (re-anchored by two),accept (re-anchored by two),2.82843e-06,1,0.000136693,1,2.82843e-06,1,0.00189119,1
1556.22,1560.44,356.317,-1.8921,-1.352,1.3689,285.056,1,4,24,0.1459,91.8845,2.12334,-1.79831,93.6828,ACCEPT,1,93.6828,0,1,0,0,1.8921,17.0054,1556.22,0,accept (re-anchored by two),accept (re-anchored by two),2.47588e-05,1,2.47588e-05,1,1.62788e-05,1,0.00599069,1
1556.42,1560.64,356.769,0.4521,-0.637,0.475575,285.531,1,4,24,0.0682,91.476,2.03309,-1.75469,93.2307,ACCEPT,1,93.2307,0,1,0,0,-0.4521,17.0054,1556.42,0,accept (re-anchored by two),accept (re-anchored by two),4.245e-05,1,4.245e-05,1,4.245e-05,1,4.245e-05,1
1556.62,1560.84,355.764,-1.0056,-0.112,0.418242,285.949,1,4,23,0.0355,90.6348,1.79613,-3.60147,94.2363,ACCEPT,1,94.2363,0,1,0,0,1.0056,17.0054,1556.62,0,accept (re-anchored by two),accept (re-anchored by two),3.74833e-05,1,3.53553e-05,1,3.74833e-05,1,0.00583706,1
1556.83,1561.04,355.748,-0.0155,0.341,-0.327572,285.622,1,4,23,0.0384,89.1449,1.50017,-5.1069,94.2518,ACCEPT,1,94.2518,0,1,0,0,0.0155,17.0054,1556.82,0,accept (re-anchored by two),accept (re-anchored by two),1.41421e-05,1,5.65685e-06,1,1.41421e-05,1,0.00198863,1
1557.03,1561.24,356.189,0.4404,0.351,0,285.622,1,4,23,0.0351,87.7688,1.15299,-6.04257,93.8114,ACCEPT,1,93.8114,0,1,0,0,-0.4404,17.0054,1557.03,0,accept (re-anchored by two),accept (re-anchored by two),3.60555e-06,1,0.000123069,1,7.42765e-05,1,0.00126667,1
1557.23,1561.44,355.846,-0.3424,0.185,-0.558341,285.064,1,4,23,0.0348,88.4425,0.825741,-5.71131,94.1538,ACCEPT,1,94.1538,0,1,0,0,0.3424,17.0054,1557.23,0,accept (re-anchored by two),accept (re-anchored by two),2.12132e-05,1,2.05183e-05,1,2.05183e-05,1,0.00260753,1
1557.43,1561.64,356.433,0.5869,0.107,-0.0943003,284.969,1,4,23,0.0162,87.9904,0.425635,-5.57645,93.5669,ACCEPT,1,93.5669,0,1,0,0,-0.5869,17.0054,1557.43,0,accept (re-anchored by two),accept (re-anchored by two),1.9799e-05,1,1.9799e-05,1,1.9799e-05,1,0.00341531,1
1557.63,1561.84,356.807,0.374,-0.024,0.0253575,284.995,1,4,22,0.0113,111.801,0.0134293,18.6085,93.1929,ACCEPT,1,93.1929,0,1,0,0,-0.374,17.0054,1557.63,0,accept (re-anchored by two),accept (re-anchored by two),0.000309142,1,1.62788e-05,1,1.62788e-05,1,0.00252253,1
1557.83,1562.04,356.151,-0.6563,-0.048,0.0708572,285.065,1,4,22,0.0214,-94.7636,0.0600578,171.387,93.8492,ACCEPT,1,93.8492,0,1,0,0,0.6563,17.0054,1557.83,0,accept (re-anchored by two),accept (re-anchored by two),0.00106728,1,0.00106445,1,0.00106445,1,2.40832e-05,1
1558.03,1562.24,356.213,0.0622,0.025,-0.0277695,285.038,1,4,22,0.0128,85.6013,0.0324338,-8.18571,93.787,ACCEPT,1,93.787,0,1,0,0,-0.0622,17.0054,1558.03,0,accept (re-anchored by two),accept (re-anchored by two),1.41421e-06,1,1.20416e-05,1,1.20416e-05,1,0.000199449,1
1558.23,1562.44,356.359,0.1458,-0,-0.0134556,285.024,1,4,22,0.0059,-75.9638,0.0102565,-169.605,93.6412,ACCEPT,1,93.6412,0,1,0,0,-0.1458,17.0054,1558.23,0,accept (re-anchored by two),accept (re-anchored by two),5.65685e-06,1,5.65685e-06,1,5.65685e-06,1,0.000996555,1
1558.43,1562.64,356.037,-0.3219,-0.012,-0.0082954,285.016,1,4,22,0.0061,-86.1859,0.0373963,179.851,93.9631,ACCEPT,1,93.9631,0,1,0,0,0.3219,17.0054,1558.43,0,accept (re-anchored by two),accept (re-anchored by two),1.27279e-05,1,1.41421e-05,1,1.41421e-05,1,0.00202912,1
1558.63,1562.85,355.953,-0.0836,-0.002,0.0161852,285.032,1,4,23,0.0043,-97.125,0.0201054,168.828,94.0467,ACCEPT,1,94.0467,0,1,0,0,0.0836,17.0054,1558.63,0,accept (re-anchored by two),accept (re-anchored by two),0.000200838,1,2.82843e-06,1,0.000199424,1,0.000526156,1
1558.83,1563.05,356.3,0.3466,-0.002,0.00449314,285.037,1,4,23,0.0082,-93.6914,0.0774674,172.609,93.7001,ACCEPT,1,93.7001,0,1,0,0,-0.3466,17.0054,1558.83,0,accept (re-anchored by two),accept (re-anchored by two),0.000473173,1,1.34536e-05,1,0.000473173,1,0.00225399,1
1559.03,1563.25,355.98,-0.3196,-0.054,0.0768587,285.113,1,4,23,0.0143,-91.8677,0.228977,174.113,94.0197,ACCEPT,1,94.0197,0,1,0,0,0.3196,17.0054,1559.03,0,accept (re-anchored by two),accept (re-anchored by two),1.13137e-05,1,1.13137e-05,1,1.13137e-05,1,0.0017483,1
1559.23,1563.45,355.837,-0.1433,-0.079,0.091869,285.205,1,4,23,0.0133,-91.8965,0.375828,173.94,94.163,ACCEPT,1,94.163,0,1,0,0,0.1433,17.0054,1559.23,0,accept (re-anchored by two),accept (re-anchored by two),2.23607e-06,1,2.23607e-06,1,2.23607e-06,1,0.000707197,1
1559.43,1563.65,355.702,-0.135,-0.109,0.108363,285.314,1,4,23,0.0141,-91.484,0.481458,174.218,94.298,ACCEPT,1,94.298,0,1,0,0,0.135,17.0054,1559.44,0,accept (re-anchored by two),accept (re-anchored by two),0,1,1.41421e-06,1,0,1,0.000456128,1
1559.64,1563.85,356.133,0.4312,-0.155,0.133305,285.447,1,4,23,0.0171,-91.4321,0.598691,174.701,93.8668,ACCEPT,1,93.8668,0,1,0,0,-0.4312,17.0054,1559.64,0,accept (re-anchored by two),accept (re-anchored by two),2.19317e-05,1,2.33452e-05,1,0.00121643,1,0.00346522,1
1559.84,1564.05,356.688,0.5544,-0.195,0.174339,285.621,1,4,23,0.0202,-91.7624,0.80884,174.925,93.3124,ACCEPT,1,93.3124,0,1,0,0,-0.5544,17.0054,1559.84,0,accept (re-anchored by two),accept (re-anchored by two),0.000638762,1,2.9e-05,1,0.000640902,1,0.00442062,1
