run,t_start,t_end,dur_s,peak_m,t_peak,n_frames,label,frozen,hd_ok0,jump_vs_gyro,turning,injection,meas_nonaccept,node_warns
bas_stock_q060,989.5915169715881,989.5915169715881,0.0,0.11473694244208443,989.5915169715881,1,"heading jump, gyro contradicts",0,0,1,0,0,0,
bas_stock_q060,1315.6627941131592,1315.6627941131592,0.0,0.29023246698641,1315.6627941131592,1,frozen heading,1,1,1,0,0,0,
bas_stock_q060,1317.6709899902344,1317.6709899902344,0.0,0.5303332968200558,1317.6709899902344,1,"heading jump, gyro contradicts",0,0,1,0,0,0,
bas_stock_q060,1530.5288081169128,1530.5288081169128,0.0,0.24663877362855943,1530.5288081169128,1,frozen heading,1,0,1,1,0,0,
bas_stock_q060,1684.3633279800415,1684.3633279800415,0.0,0.10363538486926292,1684.3633279800415,1,injection,0,0,1,0,1,0,
bas_gate_q060,989.5915169715881,989.9933190345764,0.40180206298828125,0.11497327027195817,989.9933190345764,3,"heading jump, gyro contradicts",0,0,1,0,0,0,hold;stale
bas_gate_q060,1313.8530700206757,1314.2575631141663,0.4044930934906006,0.22201609429275931,1314.2575631141663,3,frozen heading,1,1,1,0,0,0,hold;reanchor_gyro;stale
bas_gate_q060,1315.4621889591217,1315.8634791374207,0.4012901782989502,0.4927065614603111,1315.6627941131592,3,frozen heading,1,1,1,0,0,0,hold;reanchor_gyro;stale
bas_gate_q060,1317.0689010620117,1317.0689010620117,0.0,0.5161369662454021,1317.0689010620117,1,frozen heading,1,1,1,0,0,0,hold
bas_gate_q060,1430.9257810115814,1435.945855140686,5.020074129104614,0.7261403200931752,1433.5351221561432,25,frozen heading,1,1,1,0,0,0,hold;stale
bas_gate_q060,1436.7484500408173,1436.7484500408173,0.0,0.689982359723064,1436.7484500408173,1,frozen heading,1,1,1,0,0,0,
bas_gate_q060,1438.1530439853668,1438.1530439853668,0.0,0.6456092902832136,1438.1530439853668,1,frozen heading,1,1,1,0,0,0,
bas_gate_q060,1440.362725019455,1440.362725019455,0.0,0.687308496485371,1440.362725019455,1,frozen heading,1,0,0,0,0,0,
bas_gate_q060,1502.409441947937,1502.6100161075592,0.20057415962219238,0.14383006313007057,1502.6100161075592,2,frozen heading,1,0,1,0,0,0,hold
bas_gate_q060,1504.2159931659698,1504.2159931659698,0.0,0.12814321040148804,1504.2159931659698,1,frozen heading,1,0,1,0,0,0,hold;reanchor_gyro;stale
bas_gate_q060,1527.1125569343567,1527.513780117035,0.40122318267822266,0.22955753017054412,1527.313091993332,3,frozen heading,1,0,1,0,0,0,hold;stale
bas_gate_q060,1529.5217070579529,1536.1504859924316,6.62877893447876,0.7295029897128601,1535.1470401287079,28,frozen heading,1,0,1,1,0,0,hold;reanchor_gyro;stale
bas_gate_q060,1536.9525451660156,1536.9525451660156,0.0,0.6524949893462766,1536.9525451660156,1,other,0,0,0,1,0,0,
bas_gate_q060,1537.7557010650635,1538.157376050949,0.4016749858856201,0.5859453942826077,1537.7557010650635,3,other,0,0,0,1,0,0,
bas_gate_q060,1538.959165096283,1538.959165096283,0.0,0.47776045671549644,1538.959165096283,1,other,0,0,0,1,0,0,
bas_gate_q060,1684.1628000736237,1684.1628000736237,0.0,0.12338611593287127,1684.1628000736237,1,injection,0,0,1,0,1,0,
bas_meas_q060,989.5915169715881,990.1938209533691,0.6023039817810059,0.11492481706317534,989.9933190345764,4,"heading jump, gyro contradicts",0,0,1,0,0,3,
bas_meas_q060,1313.8530700206757,1317.4704010486603,3.617331027984619,0.5204616185214902,1316.867558002472,19,frozen heading,1,1,1,0,0,19,
bas_meas_q060,1430.9257810115814,1440.362725019455,9.436944007873535,0.725728522887888,1433.5351221561432,47,frozen heading,1,1,1,0,0,48,
bas_meas_q060,1502.409441947937,1502.6100161075592,0.20057415962219238,0.14383131339871602,1502.6100161075592,2,frozen heading,1,0,1,0,0,2,
bas_meas_q060,1504.2159931659698,1504.2159931659698,0.0,0.13009700498089855,1504.2159931659698,1,frozen heading,1,0,1,0,0,1,
bas_meas_q060,1527.1125569343567,1527.513780117035,0.40122318267822266,0.23151478153241326,1527.513780117035,3,frozen heading,1,0,1,0,0,3,
bas_meas_q060,1529.5217070579529,1539.560940027237,10.039232969284058,0.7141492789662403,1529.5217070579529,50,gate hold in turn (re-anchored on frozen heading),1,0,1,1,0,51,
bas_meas_q060,1684.1628000736237,1684.1628000736237,0.0,0.12337014843145948,1684.1628000736237,1,injection,0,0,1,0,1,1,
bas_both_q060,989.5915169715881,989.9933190345764,0.40180206298828125,0.11492481706317534,989.9933190345764,3,"heading jump, gyro contradicts",0,0,1,0,0,3,
bas_both_q060,1313.8530700206757,1317.4704010486603,3.617331027984619,0.5203428424308345,1316.867558002472,19,frozen heading,1,1,1,0,0,19,reanchor_gyro;stale
bas_both_q060,1380.1236391067505,1380.1236391067505,0.0,0.10113136765613331,1380.1236391067505,1,other,0,0,0,0,0,0,
bas_both_q060,1430.9257810115814,1440.362725019455,9.436944007873535,0.7257235713582718,1433.5351221561432,47,frozen heading,1,1,1,0,0,48,
bas_both_q060,1502.409441947937,1502.6100161075592,0.20057415962219238,0.14383131339871602,1502.6100161075592,2,frozen heading,1,0,1,0,0,2,
bas_both_q060,1504.2159931659698,1504.2159931659698,0.0,0.12972934514981763,1504.2159931659698,1,frozen heading,1,0,1,0,0,1,
bas_both_q060,1527.1125569343567,1527.513780117035,0.40122318267822266,0.23150575756339356,1527.513780117035,3,frozen heading,1,0,1,0,0,3,
bas_both_q060,1529.5217070579529,1549.3965549468994,19.874847888946533,0.7310111806155908,1548.7941040992737,99,gate hold in turn (re-anchored on frozen heading),1,0,1,1,0,51,hold;stale
bas_both_q060,1684.1628000736237,1684.1628000736237,0.0,0.12371161261983592,1684.1628000736237,1,injection,0,0,1,0,1,1,
bas_stock_q1e5,558.1019220352173,558.9066860675812,0.8047640323638916,0.12241221485207288,558.5027360916138,5,other,0,0,0,1,0,0,
bas_stock_q1e5,1313.8530700206757,1313.8530700206757,0.0,0.11157279127546683,1313.8530700206757,1,frozen heading,1,1,1,0,0,0,
bas_stock_q1e5,1315.6627941131592,1316.867558002472,1.2047638893127441,0.2548951201103139,1315.6627941131592,7,frozen heading,1,1,1,0,0,0,
bas_stock_q1e5,1317.6709899902344,1319.2809391021729,1.6099491119384766,0.42051175825655884,1317.6709899902344,9,"heading jump, gyro contradicts",0,0,1,0,0,0,
bas_stock_q1e5,1430.9257810115814,1434.1376991271973,3.2119181156158447,0.6856342684580455,1431.5275189876556,16,frozen heading,1,1,1,0,0,0,
bas_stock_q1e5,1435.745353937149,1437.9525389671326,2.2071850299835205,0.6649812547282761,1435.745353937149,12,frozen heading,1,1,1,0,0,0,
bas_stock_q1e5,1440.563266992569,1442.771353006363,2.2080860137939453,0.6001169171169677,1440.563266992569,12,frozen heading,1,0,1,0,0,0,
bas_stock_q1e5,1527.1125569343567,1527.513780117035,0.40122318267822266,0.1873565892623195,1527.1125569343567,3,frozen heading,1,0,1,0,0,0,
bas_stock_q1e5,1529.5217070579529,1531.733458995819,2.211751937866211,0.6289258004454554,1529.5217070579529,11,frozen heading,1,0,1,1,0,0,
bas_stock_q1e5,1683.5604209899902,1683.5604209899902,0.0,0.10099723139272226,1683.5604209899902,1,injection,0,0,0,0,1,0,
bas_stock_q1e5,1684.1628000736237,1684.1628000736237,0.0,0.10777098906475743,1684.1628000736237,1,injection,0,0,1,0,1,0,
bas_gate_q1e5,558.1019220352173,558.70609998703,0.6041779518127441,0.11859983962902775,558.5027360916138,4,other,0,0,0,1,0,0,
bas_gate_q1e5,830.7638540267944,830.9651391506195,0.20128512382507324,0.10595071460344195,830.7638540267944,2,other,0,0,0,1,0,0,
bas_gate_q1e5,831.7674241065979,831.7674241065979,0.0,0.10077205732736956,831.7674241065979,1,other,0,0,0,1,0,0,
bas_gate_q1e5,988.7893810272217,988.7893810272217,0.0,0.1059131576766853,988.7893810272217,1,gate action,0,0,0,0,0,0,hold
bas_gate_q1e5,1313.8530700206757,1315.8634791374207,2.010409116744995,0.48552081127784935,1315.8634791374207,9,frozen heading,1,1,1,0,0,0,stale
bas_gate_q1e5,1317.8717300891876,1319.4815881252289,1.6098580360412598,0.36583017982950133,1318.0731010437012,9,"heading jump, gyro contradicts",0,0,1,0,0,0,reanchor_two
bas_gate_q1e5,1430.9257810115814,1440.563266992569,9.637485980987549,0.7309373998270798,1434.5387411117554,47,frozen heading,1,1,1,0,0,0,hold;stale
bas_gate_q1e5,1441.366003036499,1442.9719820022583,1.6059789657592773,0.29816888712450895,1441.5665590763092,9,"heading jump, gyro contradicts",0,0,1,0,0,0,reanchor_two
bas_gate_q1e5,1527.1125569343567,1527.513780117035,0.40122318267822266,0.18180525583702203,1527.1125569343567,3,frozen heading,1,0,1,0,0,0,
bas_gate_q1e5,1529.5217070579529,1534.7432751655579,5.2215681076049805,0.7016194793227405,1534.7432751655579,23,frozen heading,1,0,1,1,0,0,hold;stale
bas_gate_q1e5,1535.5480110645294,1539.1601660251617,3.612154960632324,0.7309737824054767,1535.7484800815582,18,other,0,0,0,1,0,0,
bas_gate_q1e5,1684.1628000736237,1684.1628000736237,0.0,0.12806330175745836,1684.1628000736237,1,injection,0,0,1,0,1,0,
bas_meas_q1e5,989.5915169715881,989.9933190345764,0.40180206298828125,0.1142642353014254,989.9933190345764,3,"heading jump, gyro contradicts",0,0,1,0,0,3,
bas_meas_q1e5,1313.8530700206757,1317.4704010486603,3.617331027984619,0.5219107053894403,1316.867558002472,19,frozen heading,1,1,1,0,0,19,
bas_meas_q1e5,1430.9257810115814,1440.362725019455,9.436944007873535,0.7248351029648133,1433.5351221561432,47,frozen heading,1,1,1,0,0,48,
bas_meas_q1e5,1502.6100161075592,1502.6100161075592,0.0,0.12092624069659409,1502.6100161075592,1,frozen heading,1,0,1,0,0,2,
bas_meas_q1e5,1503.2122509479523,1503.2122509479523,0.0,0.1337016066956927,1503.2122509479523,1,frozen heading,1,0,1,0,0,0,
bas_meas_q1e5,1504.2159931659698,1504.2159931659698,0.0,0.1066792220678819,1504.2159931659698,1,frozen heading,1,0,1,0,0,1,
bas_meas_q1e5,1527.1125569343567,1527.513780117035,0.40122318267822266,0.22290339558211006,1527.513780117035,3,frozen heading,1,0,1,0,0,3,
bas_meas_q1e5,1529.5217070579529,1539.560940027237,10.039232969284058,0.7017620523859647,1529.5217070579529,50,gate hold in turn (re-anchored on frozen heading),1,0,1,1,0,51,
bas_meas_q1e5,1683.5604209899902,1683.5604209899902,0.0,0.11123036851950116,1683.5604209899902,1,injection,0,0,0,0,1,0,
bas_meas_q1e5,1684.1628000736237,1684.1628000736237,0.0,0.12613144544079194,1684.1628000736237,1,injection,0,0,1,0,1,1,
bas_both_q1e5,558.1019220352173,558.70609998703,0.6041779518127441,0.1164267622370934,558.5027360916138,4,other,0,0,0,1,0,0,
bas_both_q1e5,989.5915169715881,989.9933190345764,0.40180206298828125,0.11426743581612242,989.9933190345764,3,"heading jump, gyro contradicts",0,0,1,0,0,3,
bas_both_q1e5,1313.8530700206757,1317.4704010486603,3.617331027984619,0.522785257715772,1316.867558002472,19,frozen heading,1,1,1,0,0,19,reanchor_gyro;stale
bas_both_q1e5,1430.9257810115814,1440.362725019455,9.436944007873535,0.7252634675433562,1433.5351221561432,47,frozen heading,1,1,1,0,0,48,
bas_both_q1e5,1502.6100161075592,1502.6100161075592,0.0,0.12060389977110765,1502.6100161075592,1,frozen heading,1,0,1,0,0,2,
bas_both_q1e5,1503.2122509479523,1503.2122509479523,0.0,0.13074446313706994,1503.2122509479523,1,frozen heading,1,0,1,0,0,0,
bas_both_q1e5,1504.2159931659698,1504.2159931659698,0.0,0.10551290860364125,1504.2159931659698,1,frozen heading,1,0,1,0,0,1,
bas_both_q1e5,1527.1125569343567,1527.513780117035,0.40122318267822266,0.22176301522119182,1527.513780117035,3,frozen heading,1,0,1,0,0,3,
bas_both_q1e5,1529.5217070579529,1539.9617941379547,10.440087080001831,0.7059879628896167,1529.5217070579529,52,gate hold in turn (re-anchored on frozen heading),1,0,1,1,0,51,hold;stale
bas_both_q1e5,1544.7798631191254,1549.3965549468994,4.616691827774048,0.731038463929879,1548.7941040992737,24,other,0,0,0,1,0,0,
bas_both_q1e5,1684.1628000736237,1684.1628000736237,0.0,0.10484658442697171,1684.1628000736237,1,injection,0,0,1,0,1,1,
inj_stock_q060,102.16727495193481,102.36755895614624,0.20028400421142578,0.2784068249827798,102.16727495193481,2,injection,0,0,0,0,1,0,
inj_stock_q060,113.80619812011719,114.60941100120544,0.8032128810882568,0.28016570262079754,114.60941100120544,5,injection,0,0,0,0,1,0,
inj_stock_q060,125.85285115242004,126.05353498458862,0.2006838321685791,0.4061920829485021,125.85285115242004,2,injection,0,0,0,0,1,0,
inj_stock_q060,137.90266704559326,138.30350995063782,0.40084290504455566,0.5170434060240113,138.30350995063782,3,injection,0,0,0,0,1,0,
inj_stock_q060,149.9450089931488,150.94837594032288,1.0033669471740723,0.5169677301814157,150.7478449344635,6,injection,0,0,0,0,1,0,
inj_stock_q060,989.5915169715881,989.5915169715881,0.0,0.11473694244208443,989.5915169715881,1,"heading jump, gyro contradicts",0,0,1,0,0,0,
inj_stock_q060,1043.8091959953308,1044.0103771686554,0.20118117332458496,0.12616857755381536,1043.8091959953308,2,injection,0,0,0,0,1,0,
inj_stock_q060,1055.8566420078278,1056.0602669715881,0.20362496376037598,0.1264095311122376,1056.0602669715881,2,injection,0,0,0,0,1,0,
inj_stock_q060,1067.9092490673065,1068.71275806427,0.803508996963501,0.12695799282046188,1068.71275806427,5,injection,0,0,0,0,1,0,
inj_stock_q060,1079.9519619941711,1079.9519619941711,0.0,0.27812511291325653,1079.9519619941711,1,injection,0,0,0,0,1,0,
inj_stock_q060,1530.5288081169128,1530.5288081169128,0.0,0.5201110729546145,1530.5288081169128,1,frozen heading,1,0,1,1,0,0,
inj_stock_q060,1657.8508639335632,1657.8508639335632,0.0,0.12618377555375354,1657.8508639335632,1,injection,0,0,0,0,1,0,
inj_stock_q060,1669.9050290584564,1670.1056520938873,0.2006230354309082,0.1380984587386832,1670.1056520938873,2,injection,0,0,0,0,1,0,
inj_stock_q060,1681.9549441337585,1682.7571420669556,0.8021979331970215,0.12716600782048654,1682.1554601192474,5,injection,0,0,0,0,1,0,
inj_stock_q060,1705.852560043335,1706.0564141273499,0.20385408401489258,0.27983335085189537,1706.0564141273499,2,injection,0,0,0,0,1,0,
inj_stock_q060,1717.9096109867096,1718.713483095169,0.8038721084594727,0.28033085032154476,1718.3119361400604,5,injection,0,0,0,0,1,0,
inj_stock_q060,1729.960032939911,1729.960032939911,0.0,0.5144512990983692,1729.960032939911,1,injection,0,0,0,0,1,0,
inj_stock_q060,1741.8102419376373,1742.0107879638672,0.2005460262298584,0.5169551187956277,1742.0107879638672,2,injection,0,0,0,0,1,0,
inj_stock_q060,1753.8629610538483,1754.6666359901428,0.8036749362945557,0.5169801039285755,1754.4658279418945,5,injection,0,0,0,0,1,0,
inj_stock_q060,1837.8231360912323,1837.8231360912323,0.0,0.12618820709559125,1837.8231360912323,1,injection,0,0,0,0,1,0,
inj_stock_q060,1849.875169992447,1850.0758380889893,0.2006680965423584,0.12695266674631184,1850.0758380889893,2,injection,0,0,0,0,1,0,
inj_stock_q060,1861.9307000637054,1862.7327530384064,0.8020529747009277,0.1274368619395499,1862.3317410945892,5,injection,0,0,0,0,1,0,
inj_stock_q060,1873.9779801368713,1873.9779801368713,0.0,0.27812610655060827,1873.9779801368713,1,injection,0,0,0,0,1,0,
inj_stock_q060,1885.8256449699402,1886.0270690917969,0.20142412185668945,0.27979954714223604,1886.0270690917969,2,injection,0,0,0,0,1,0,
inj_stock_q060,1897.8795380592346,1898.8835129737854,1.0039749145507812,0.29193687669083535,1898.8835129737854,6,injection,0,0,0,0,1,0,
inj_stock_q060,1909.9308240413666,1909.9308240413666,0.0,0.5034229754172928,1909.9308240413666,1,injection,0,0,0,0,1,0,
inj_stock_q060,1921.9803421497345,1922.1837911605835,0.20344901084899902,0.5169411362747215,1922.1837911605835,2,injection,0,0,0,0,1,0,
inj_stock_q060,1933.8305201530457,1934.8342950344086,1.003774881362915,0.5169702101282045,1934.4328379631042,6,injection,0,0,0,0,1,0,
inj_gate_q060,989.5915169715881,989.792809009552,0.2012920379638672,0.11473694244208443,989.5915169715881,2,"heading jump, gyro contradicts",0,0,1,0,0,0,hold
inj_gate_q060,1313.8530700206757,1317.4704010486603,3.617331027984619,0.5102773871425677,1316.867558002472,19,frozen heading,1,1,1,0,0,0,stale
inj_gate_q060,1430.9257810115814,1440.7644491195679,9.83866810798645,0.7261404263047325,1433.5351221561432,47,frozen heading,1,1,1,0,0,0,hold;stale
inj_gate_q060,1502.409441947937,1502.6100161075592,0.20057415962219238,0.1435466880008038,1502.6100161075592,2,frozen heading,1,0,1,0,0,0,hold
inj_gate_q060,1503.2122509479523,1503.2122509479523,0.0,0.1632033835556119,1503.2122509479523,1,frozen heading,1,0,1,0,0,0,hold;reanchor_gyro;stale
inj_gate_q060,1504.2159931659698,1504.2159931659698,0.0,0.129859780675158,1504.2159931659698,1,frozen heading,1,0,1,0,0,0,hold;reanchor_gyro;stale
inj_gate_q060,1527.1125569343567,1527.513780117035,0.40122318267822266,0.23059140791668767,1527.1125569343567,3,frozen heading,1,0,1,0,0,0,hold
inj_gate_q060,1529.5217070579529,1539.3605360984802,9.838829040527344,0.7310786874974535,1535.3475370407104,45,frozen heading,1,0,1,1,0,0,hold;reanchor_gyro;stale
inj_gate_q060,1684.1628000736237,1684.1628000736237,0.0,0.12337014843145948,1684.1628000736237,1,injection,0,0,1,0,1,0,hold;reanchor_gyro;stale
inj_meas_q060,989.5915169715881,989.9933190345764,0.40180206298828125,0.11492481706317534,989.9933190345764,3,"heading jump, gyro contradicts",0,0,1,0,0,3,
inj_meas_q060,1313.8530700206757,1317.4704010486603,3.617331027984619,0.5204616185214902,1316.867558002472,19,frozen heading,1,1,1,0,0,19,
inj_meas_q060,1430.9257810115814,1440.362725019455,9.436944007873535,0.7257233685069024,1433.5351221561432,47,frozen heading,1,1,1,0,0,48,
inj_meas_q060,1502.409441947937,1502.6100161075592,0.20057415962219238,0.14383131339871602,1502.6100161075592,2,frozen heading,1,0,1,0,0,2,
inj_meas_q060,1504.2159931659698,1504.2159931659698,0.0,0.13009700498089855,1504.2159931659698,1,frozen heading,1,0,1,0,0,1,
inj_meas_q060,1527.1125569343567,1527.513780117035,0.40122318267822266,0.23150575756339356,1527.513780117035,3,frozen heading,1,0,1,0,0,3,
inj_meas_q060,1529.5217070579529,1539.560940027237,10.039232969284058,0.7141479735194941,1529.5217070579529,50,gate hold in turn (re-anchored on frozen heading),1,0,1,1,0,51,
inj_meas_q060,1684.1628000736237,1684.1628000736237,0.0,0.12337014843145948,1684.1628000736237,1,injection,0,0,1,0,1,1,
inj_both_q060,989.5915169715881,989.9933190345764,0.40180206298828125,0.11492481706317534,989.9933190345764,3,"heading jump, gyro contradicts",0,0,1,0,0,3,
inj_both_q060,1313.8530700206757,1317.4704010486603,3.617331027984619,0.5204688010015639,1316.867558002472,19,frozen heading,1,1,1,0,0,19,reanchor_gyro;stale
inj_both_q060,1430.9257810115814,1440.362725019455,9.436944007873535,0.7257235713582718,1433.5351221561432,47,frozen heading,1,1,1,0,0,48,
inj_both_q060,1502.409441947937,1502.6100161075592,0.20057415962219238,0.14370851942038798,1502.6100161075592,2,frozen heading,1,0,1,0,0,2,
inj_both_q060,1503.2122509479523,1503.2122509479523,0.0,0.16408240512925193,1503.2122509479523,1,frozen heading,1,0,1,0,0,0,hold
inj_both_q060,1504.2159931659698,1504.2159931659698,0.0,0.13009700498089855,1504.2159931659698,1,frozen heading,1,0,1,0,0,1,hold
inj_both_q060,1527.1125569343567,1527.513780117035,0.40122318267822266,0.23147944012590135,1527.513780117035,3,frozen heading,1,0,1,0,0,3,
inj_both_q060,1529.5217070579529,1549.3965549468994,19.874847888946533,0.731011604652758,1548.7941040992737,99,gate hold in turn (re-anchored on frozen heading),1,0,1,1,0,51,hold;stale
inj_both_q060,1684.1628000736237,1684.1628000736237,0.0,0.12371161261983592,1684.1628000736237,1,injection,0,0,1,0,1,1,
inj_stock_q1e5,114.40799903869629,115.21114706993103,0.8031480312347412,0.15246036977854102,114.60941100120544,5,injection,0,0,0,0,1,0,
inj_stock_q1e5,138.10306310653687,138.70486307144165,0.6017999649047852,0.14565623076958387,138.30350995063782,4,injection,0,0,0,0,1,0,
inj_stock_q1e5,150.3462209701538,152.35544300079346,2.0092220306396484,0.26954245748117783,150.7478449344635,11,injection,0,0,0,0,1,0,
inj_stock_q1e5,1313.8530700206757,1313.8530700206757,0.0,0.11278177662187779,1313.8530700206757,1,frozen heading,1,1,1,0,0,0,
inj_stock_q1e5,1315.6627941131592,1317.0689010620117,1.406106948852539,0.3109199457819139,1315.6627941131592,8,frozen heading,1,1,1,0,0,0,
inj_stock_q1e5,1317.6709899902344,1319.2809391021729,1.6099491119384766,0.418512281555806,1317.6709899902344,9,"heading jump, gyro contradicts",0,0,1,0,0,0,
inj_stock_q1e5,1430.9257810115814,1434.3382320404053,3.4124510288238525,0.727798299289725,1431.5275189876556,17,frozen heading,1,1,1,0,0,0,
inj_stock_q1e5,1435.745353937149,1438.1530439853668,2.4076900482177734,0.6736104266012923,1435.745353937149,13,frozen heading,1,1,1,0,0,0,
inj_stock_q1e5,1440.563266992569,1442.1692290306091,1.6059620380401611,0.6430922277262978,1440.563266992569,9,frozen heading,1,0,1,0,0,0,
inj_stock_q1e5,1503.2122509479523,1503.2122509479523,0.0,0.10783898453711921,1503.2122509479523,1,frozen heading,1,0,1,0,0,0,
inj_stock_q1e5,1527.1125569343567,1527.513780117035,0.40122318267822266,0.18162657233179152,1527.1125569343567,3,frozen heading,1,0,1,0,0,0,
inj_stock_q1e5,1529.5217070579529,1531.733458995819,2.211751937866211,0.6241890616984488,1529.5217070579529,11,frozen heading,1,0,1,1,0,0,
inj_stock_q1e5,1684.1628000736237,1684.1628000736237,0.0,0.10592883861349207,1684.1628000736237,1,injection,0,0,1,0,1,0,
inj_stock_q1e5,1706.0564141273499,1706.256984949112,0.20057082176208496,0.12347600086250012,1706.0564141273499,2,injection,0,0,0,0,1,0,
inj_stock_q1e5,1718.3119361400604,1719.3157019615173,1.0037658214569092,0.17187201503733923,1718.713483095169,6,injection,0,0,0,0,1,0,
inj_stock_q1e5,1742.0107879638672,1742.4127700328827,0.40198206901550293,0.17059724879667607,1742.0107879638672,3,injection,0,0,0,0,1,0,
inj_stock_q1e5,1754.2651290893555,1755.8710141181946,1.6058850288391113,0.3244052321711071,1754.6666359901428,9,injection,0,0,0,0,1,0,
inj_stock_q1e5,1898.2816791534424,1899.0847821235657,0.803102970123291,0.15308481423379355,1898.6828660964966,5,injection,0,0,0,0,1,0,
inj_stock_q1e5,1922.1837911605835,1922.7855250835419,0.601733922958374,0.16645182354661972,1922.1837911605835,4,injection,0,0,0,0,1,0,
inj_stock_q1e5,1934.0310921669006,1936.0383050441742,2.0072128772735596,0.28207664569225177,1934.8342950344086,11,injection,0,0,0,0,1,0,
inj_gate_q1e5,114.40799903869629,115.21114706993103,0.8031480312347412,0.15259101783527687,114.60941100120544,5,injection,0,0,0,0,1,0,
inj_gate_q1e5,138.70486307144165,138.70486307144165,0.0,0.10600505818121692,138.70486307144165,1,injection,0,0,0,0,1,0,hold;reanchor_gyro;stale
inj_gate_q1e5,150.14565205574036,152.15482211112976,2.0091700553894043,0.29508659454643515,150.7478449344635,11,injection,0,0,0,0,1,0,
inj_gate_q1e5,558.1019220352173,558.70609998703,0.6041779518127441,0.11754965005477729,558.5027360916138,4,other,0,0,0,1,0,0,
inj_gate_q1e5,831.1656081676483,831.1656081676483,0.0,0.10248681601066835,831.1656081676483,1,other,0,0,0,1,0,0,
inj_gate_q1e5,831.7674241065979,832.5706520080566,0.8032279014587402,0.10393047433742524,832.3700270652771,4,other,0,0,0,1,0,0,
inj_gate_q1e5,1089.7900159358978,1089.9905469417572,0.200531005859375,0.22833193450318237,1089.9905469417572,2,gate action,0,0,0,1,0,0,hold
inj_gate_q1e5,1090.5933029651642,1090.7938640117645,0.2005610466003418,0.18589854244725154,1090.7938640117645,2,gate action,0,0,0,1,0,0,hold;reanchor_gyro;stale
inj_gate_q1e5,1314.0566580295563,1314.0566580295563,0.0,0.21561800846176649,1314.0566580295563,1,frozen heading,1,1,1,0,0,0,stale
inj_gate_q1e5,1314.6590240001678,1315.061007976532,0.40198397636413574,0.23099294797250272,1314.6590240001678,2,frozen heading,1,1,1,0,0,0,stale
inj_gate_q1e5,1316.466227054596,1316.466227054596,0.0,0.4863038900368669,1316.466227054596,1,frozen heading,1,1,1,0,0,0,stale
inj_gate_q1e5,1317.8717300891876,1318.4749910831451,0.6032609939575195,0.19944482829339677,1318.0731010437012,4,"heading jump, gyro contradicts",0,0,1,0,0,0,reanchor_two
inj_gate_q1e5,1430.9257810115814,1439.7610640525818,8.835283041000366,0.7304922974412735,1433.937138080597,43,frozen heading,1,1,1,0,0,0,hold;stale
inj_gate_q1e5,1440.362725019455,1440.362725019455,0.0,0.7178250306314561,1440.362725019455,1,frozen heading,1,0,0,0,0,0,
inj_gate_q1e5,1440.96497797966,1442.771353006363,1.8063750267028809,0.3046283455047394,1441.366003036499,9,frozen heading,1,0,1,0,0,0,reanchor_two
inj_gate_q1e5,1503.2122509479523,1503.2122509479523,0.0,0.11009360110834004,1503.2122509479523,1,frozen heading,1,0,1,0,0,0,
inj_gate_q1e5,1527.1125569343567,1527.513780117035,0.40122318267822266,0.17535738176939536,1527.1125569343567,3,frozen heading,1,0,1,0,0,0,hold
inj_gate_q1e5,1529.5217070579529,1534.9437589645386,5.422051906585693,0.713479836895849,1534.9437589645386,26,frozen heading,1,0,1,1,0,0,hold;reanchor_gyro;stale
inj_gate_q1e5,1535.5480110645294,1539.3605360984802,3.8125250339508057,0.7310735733925207,1535.7484800815582,19,other,0,0,0,1,0,0,
inj_gate_q1e5,1682.5566229820251,1684.3633279800415,1.8067049980163574,0.20346711540928628,1683.5604209899902,6,injection,0,0,1,0,1,0,hold;stale
inj_gate_q1e5,1684.9656331539154,1684.9656331539154,0.0,0.20478014283122392,1684.9656331539154,1,"heading jump, gyro contradicts",0,0,1,0,0,0,hold;stale
inj_gate_q1e5,1686.774078130722,1686.774078130722,0.0,0.28134458821873737,1686.774078130722,1,"heading jump, gyro contradicts",0,0,1,0,0,0,
inj_gate_q1e5,1689.585165977478,1689.585165977478,0.0,0.16109418873746104,1689.585165977478,1,other,0,0,0,0,0,0,
inj_gate_q1e5,1690.7892191410065,1691.794800043106,1.0055809020996094,0.23313792137911474,1690.7892191410065,6,injection,0,0,0,0,1,0,
inj_gate_q1e5,1706.0564141273499,1706.0564141273499,0.0,0.10811119247333854,1706.0564141273499,1,injection,0,0,0,0,1,0,
inj_gate_q1e5,1718.1111690998077,1719.5164840221405,1.4053149223327637,0.20487167638551085,1718.713483095169,8,injection,0,0,0,0,1,0,
inj_gate_q1e5,1729.960032939911,1729.960032939911,0.0,0.10503560950937779,1729.960032939911,1,injection,0,0,0,0,1,0,
inj_gate_q1e5,1742.0107879638672,1742.4127700328827,0.40198206901550293,0.17190586340206407,1742.0107879638672,3,injection,0,0,0,0,1,0,
inj_gate_q1e5,1755.2690801620483,1755.6703660488129,0.40128588676452637,0.1860391928654023,1755.4696979522705,3,injection,0,0,0,0,1,0,hold;reanchor_gyro;stale
inj_gate_q1e5,1898.4822781085968,1899.4861330986023,1.0038549900054932,0.16837223241677693,1898.8835129737854,6,injection,0,0,0,0,1,0,
inj_gate_q1e5,1922.3843941688538,1922.7855250835419,0.40113091468811035,0.16573264468114984,1922.3843941688538,3,injection,0,0,0,0,1,0,
inj_gate_q1e5,1934.0310921669006,1935.837707042694,1.806614875793457,0.322653168881083,1934.6334030628204,10,injection,0,0,0,0,1,0,
inj_meas_q1e5,558.302323102951,558.70609998703,0.4037768840789795,0.11657602653208401,558.5027360916138,3,other,0,0,0,1,0,0,
inj_meas_q1e5,989.5915169715881,989.9933190345764,0.40180206298828125,0.11627769885047412,989.5915169715881,3,"heading jump, gyro contradicts",0,0,1,0,0,3,
inj_meas_q1e5,1313.8530700206757,1317.4704010486603,3.617331027984619,0.5222962410682425,1316.867558002472,19,frozen heading,1,1,1,0,0,19,
inj_meas_q1e5,1430.9257810115814,1440.362725019455,9.436944007873535,0.7251913701644769,1433.5351221561432,47,frozen heading,1,1,1,0,0,48,
inj_meas_q1e5,1502.409441947937,1502.6100161075592,0.20057415962219238,0.12340638613134007,1502.6100161075592,2,frozen heading,1,0,1,0,0,2,
inj_meas_q1e5,1503.2122509479523,1503.2122509479523,0.0,0.1324973478866542,1503.2122509479523,1,frozen heading,1,0,1,0,0,0,
inj_meas_q1e5,1504.2159931659698,1504.2159931659698,0.0,0.10605375111233863,1504.2159931659698,1,frozen heading,1,0,1,0,0,1,
inj_meas_q1e5,1527.1125569343567,1527.513780117035,0.40122318267822266,0.22259521555055925,1527.513780117035,3,frozen heading,1,0,1,0,0,3,
inj_meas_q1e5,1529.5217070579529,1539.560940027237,10.039232969284058,0.6988879887542581,1529.5217070579529,50,gate hold in turn (re-anchored on frozen heading),1,0,1,1,0,51,
inj_meas_q1e5,1683.159145116806,1683.5604209899902,0.4012758731842041,0.1288909538485947,1683.5604209899902,2,injection,0,0,0,0,1,1,
inj_meas_q1e5,1684.1628000736237,1684.1628000736237,0.0,0.13281185707609647,1684.1628000736237,1,injection,0,0,1,0,1,1,
inj_both_q1e5,558.1019220352173,558.9066860675812,0.8047640323638916,0.122546194955168,558.5027360916138,5,other,0,0,0,1,0,0,
inj_both_q1e5,989.5915169715881,990.1938209533691,0.6023039817810059,0.11425558224447434,989.9933190345764,4,"heading jump, gyro contradicts",0,0,1,0,0,3,
inj_both_q1e5,1313.8530700206757,1317.4704010486603,3.617331027984619,0.5223128790725958,1316.867558002472,19,frozen heading,1,1,1,0,0,19,reanchor_gyro;stale
inj_both_q1e5,1430.9257810115814,1440.362725019455,9.436944007873535,0.724836872605869,1433.5351221561432,47,frozen heading,1,1,1,0,0,48,
inj_both_q1e5,1502.6100161075592,1502.6100161075592,0.0,0.1164235803607078,1502.6100161075592,1,frozen heading,1,0,1,0,0,2,
inj_both_q1e5,1503.2122509479523,1503.2122509479523,0.0,0.12978694569564198,1503.2122509479523,1,frozen heading,1,0,1,0,0,0,
inj_both_q1e5,1527.1125569343567,1527.513780117035,0.40122318267822266,0.22114713495777322,1527.513780117035,3,frozen heading,1,0,1,0,0,3,
inj_both_q1e5,1529.5217070579529,1548.994703054428,19.47299599647522,0.731054946676484,1548.994703054428,93,gate hold in turn (re-anchored on frozen heading),1,0,1,1,0,51,hold;stale
inj_both_q1e5,1683.5604209899902,1683.5604209899902,0.0,0.1083654786774166,1683.5604209899902,1,injection,0,0,0,0,1,0,
inj_both_q1e5,1684.1628000736237,1684.1628000736237,0.0,0.1341580782360287,1684.1628000736237,1,injection,0,0,1,0,1,1,
inj_stock_q1e3,102.16727495193481,102.36755895614624,0.20028400421142578,0.217243752556873,102.16727495193481,2,injection,0,0,0,0,1,0,
inj_stock_q1e3,113.80619812011719,114.80996704101562,1.0037689208984375,0.2798329363048426,114.60941100120544,6,injection,0,0,0,0,1,0,
inj_stock_q1e3,126.05353498458862,126.05353498458862,0.0,0.10001083851764678,126.05353498458862,1,injection,0,0,0,0,1,0,
inj_stock_q1e3,137.90266704559326,138.30350995063782,0.40084290504455566,0.4643976693405297,138.10306310653687,3,injection,0,0,0,0,1,0,
inj_stock_q1e3,149.9450089931488,150.94837594032288,1.0033669471740723,0.5168284269038232,150.7478449344635,6,injection,0,0,0,0,1,0,
inj_stock_q1e3,1056.260801076889,1056.260801076889,0.0,0.12080042524745822,1056.260801076889,1,injection,0,0,0,0,1,0,
inj_stock_q1e3,1068.1108150482178,1068.71275806427,0.6019430160522461,0.1269784759159217,1068.71275806427,4,injection,0,0,0,0,1,0,
inj_stock_q1e3,1079.9519619941711,1080.1531281471252,0.20116615295410156,0.21875030421203562,1079.9519619941711,2,injection,0,0,0,0,1,0,
inj_stock_q1e3,1315.6627941131592,1315.6627941131592,0.0,0.29011049609573636,1315.6627941131592,1,frozen heading,1,1,1,0,0,0,
inj_stock_q1e3,1317.6709899902344,1317.8717300891876,0.20074009895324707,0.5309116914188554,1317.6709899902344,2,"heading jump, gyro contradicts",0,0,1,0,0,0,
inj_stock_q1e3,1431.5275189876556,1431.5275189876556,0.0,0.26109501513410893,1431.5275189876556,1,frozen heading,1,1,1,0,0,0,
inj_stock_q1e3,1435.745353937149,1435.745353937149,0.0,0.2174516202238059,1435.745353937149,1,frozen heading,1,1,1,0,0,0,
inj_stock_q1e3,1436.3468251228333,1436.3468251228333,0.0,0.24985936943990397,1436.3468251228333,1,frozen heading,1,1,1,0,0,0,
inj_stock_q1e3,1440.563266992569,1440.563266992569,0.0,0.6541317577400179,1440.563266992569,1,frozen heading,1,0,1,0,0,0,
inj_stock_q1e3,1529.5217070579529,1529.5217070579529,0.0,0.21600278181793836,1529.5217070579529,1,frozen heading,1,0,1,1,0,0,
inj_stock_q1e3,1530.5288081169128,1530.7294931411743,0.2006850242614746,0.4214296946536584,1530.5288081169128,2,frozen heading,1,0,1,1,0,0,
inj_stock_q1e3,1670.1056520938873,1670.1056520938873,0.0,0.1216046786269006,1670.1056520938873,1,injection,0,0,0,0,1,0,
inj_stock_q1e3,1682.1554601192474,1682.958582162857,0.8031220436096191,0.13043275918636416,1682.7571420669556,4,injection,0,0,0,0,1,0,
inj_stock_q1e3,1684.1628000736237,1684.1628000736237,0.0,0.11079398952119536,1684.1628000736237,1,injection,0,0,1,0,1,0,
inj_stock_q1e3,1693.8020420074463,1693.8020420074463,0.0,0.2196868193451568,1693.8020420074463,1,injection,0,0,0,0,1,0,
inj_stock_q1e3,1705.852560043335,1706.256984949112,0.40442490577697754,0.2688626626141655,1706.256984949112,3,injection,0,0,0,0,1,0,
inj_stock_q1e3,1717.9096109867096,1718.713483095169,0.8038721084594727,0.27955412155248427,1718.713483095169,5,injection,0,0,0,0,1,0,
inj_stock_q1e3,1730.161514043808,1730.161514043808,0.0,0.18221296467589645,1730.161514043808,1,injection,0,0,0,0,1,0,
inj_stock_q1e3,1741.8102419376373,1742.2121360301971,0.40189409255981445,0.49615199520311903,1742.0107879638672,3,injection,0,0,0,0,1,0,
inj_stock_q1e3,1754.063665151596,1755.067873954773,1.0042088031768799,0.5151544637029101,1754.6666359901428,6,injection,0,0,0,0,1,0,
inj_stock_q1e3,1850.2765460014343,1850.2765460014343,0.0,0.12240190124331961,1850.2765460014343,1,injection,0,0,0,0,1,0,
inj_stock_q1e3,1862.1312341690063,1862.7327530384064,0.6015188694000244,0.1274540305560361,1862.7327530384064,4,injection,0,0,0,0,1,0,
inj_stock_q1e3,1874.1786761283875,1874.1786761283875,0.0,0.2226859306062619,1874.1786761283875,1,injection,0,0,0,0,1,0,
inj_stock_q1e3,1885.8256449699402,1886.0270690917969,0.20142412185668945,0.26712332797039656,1886.0270690917969,2,injection,0,0,0,0,1,0,
inj_stock_q1e3,1897.8795380592346,1898.8835129737854,1.0039749145507812,0.2880904318455954,1898.8835129737854,6,injection,0,0,0,0,1,0,
inj_stock_q1e3,1909.9308240413666,1910.1322131156921,0.20138907432556152,0.4073159174068798,1909.9308240413666,2,injection,0,0,0,0,1,0,
inj_stock_q1e3,1922.1837911605835,1922.5849480628967,0.4011569023132324,0.49655389933927924,1922.3843941688538,3,injection,0,0,0,0,1,0,
inj_stock_q1e3,1933.8305201530457,1934.8342950344086,1.003774881362915,0.5165213548228699,1934.6334030628204,6,injection,0,0,0,0,1,0,
inj_gate_q1e3,1068.1108150482178,1068.71275806427,0.6019430160522461,0.1269797059059376,1068.71275806427,4,injection,0,0,0,0,1,0,
inj_gate_q1e3,1313.8530700206757,1314.2575631141663,0.4044930934906006,0.22420843417904598,1314.2575631141663,3,frozen heading,1,1,1,0,0,0,hold;reanchor_gyro;stale
inj_gate_q1e3,1314.8596291542053,1317.4704010486603,2.610771894454956,0.5184845930710424,1316.867558002472,12,frozen heading,1,1,1,0,0,0,hold;reanchor_gyro;stale
inj_gate_q1e3,1430.9257810115814,1432.5310871601105,1.6053061485290527,0.7039167722146004,1431.5275189876556,6,frozen heading,1,1,1,0,0,0,hold;stale
inj_gate_q1e3,1433.1339700222015,1433.1339700222015,0.0,0.7010172586356365,1433.1339700222015,1,frozen heading,1,1,1,0,0,0,hold;stale
inj_gate_q1e3,1434.3382320404053,1434.5387411117554,0.20050907135009766,0.7260284301492693,1434.5387411117554,2,frozen heading,1,0,1,0,0,0,stale
inj_gate_q1e3,1435.1430280208588,1435.745353937149,0.6023259162902832,0.7260284301492693,1435.1430280208588,3,frozen heading,1,1,1,0,0,0,
inj_gate_q1e3,1436.7484500408173,1436.9490611553192,0.20061111450195312,0.6899830344646334,1436.9490611553192,2,frozen heading,1,1,1,0,0,0,
inj_gate_q1e3,1437.9525389671326,1437.9525389671326,0.0,0.6456111974307751,1437.9525389671326,1,frozen heading,1,1,1,0,0,0,
inj_gate_q1e3,1438.755457162857,1438.755457162857,0.0,0.6587076970166694,1438.755457162857,1,frozen heading,1,1,1,0,0,0,
inj_gate_q1e3,1439.3570280075073,1440.1622140407562,0.8051860332489014,0.6873004620309935,1440.1622140407562,3,frozen heading,1,0,1,0,0,0,
inj_gate_q1e3,1440.7644491195679,1440.7644491195679,0.0,0.10040142879963261,1440.7644491195679,1,frozen heading,1,0,1,0,0,0,
inj_gate_q1e3,1527.1125569343567,1527.513780117035,0.40122318267822266,0.21989833462309327,1527.313091993332,3,frozen heading,1,0,1,0,0,0,hold;stale
inj_gate_q1e3,1529.5217070579529,1531.733458995819,2.211751937866211,0.7129805024332581,1529.5217070579529,8,frozen heading,1,0,1,1,0,0,hold;reanchor_gyro;stale
inj_gate_q1e3,1533.539803981781,1533.539803981781,0.0,0.6215265023037989,1533.539803981781,1,other,0,0,0,1,0,0,
inj_gate_q1e3,1534.3421030044556,1534.3421030044556,0.0,0.694755566066213,1534.3421030044556,1,other,0,0,0,1,0,0,
inj_gate_q1e3,1537.354551076889,1537.354551076889,0.0,0.626446805167818,1537.354551076889,1,other,0,0,0,1,0,0,
inj_gate_q1e3,1538.357841014862,1538.357841014862,0.0,0.5421622334043259,1538.357841014862,1,other,0,0,0,1,0,0,
inj_gate_q1e3,1539.1601660251617,1539.1601660251617,0.0,0.4606857210300431,1539.1601660251617,1,other,0,0,0,1,0,0,
inj_gate_q1e3,1850.0758380889893,1850.0758380889893,0.0,0.12050576492850112,1850.0758380889893,1,injection,0,0,0,0,1,0,
inj_gate_q1e3,1862.3317410945892,1862.7327530384064,0.40101194381713867,0.12904365671354504,1862.7327530384064,3,injection,0,0,0,0,1,0,
inj_gate_q1e3,1910.1322131156921,1910.1322131156921,0.0,0.10158610809063771,1910.1322131156921,1,injection,0,0,0,0,1,0,hold
inj_meas_q1e3,989.5915169715881,989.9933190345764,0.40180206298828125,0.1148008964816794,989.9933190345764,3,"heading jump, gyro contradicts",0,0,1,0,0,3,
inj_meas_q1e3,1313.8530700206757,1317.4704010486603,3.617331027984619,0.5209242377945928,1316.6669311523438,19,frozen heading,1,1,1,0,0,19,
inj_meas_q1e3,1430.9257810115814,1440.362725019455,9.436944007873535,0.7257091702610676,1433.5351221561432,47,frozen heading,1,1,1,0,0,48,
inj_meas_q1e3,1502.409441947937,1502.6100161075592,0.20057415962219238,0.14371380891894345,1502.6100161075592,2,frozen heading,1,0,1,0,0,2,
inj_meas_q1e3,1504.2159931659698,1504.2159931659698,0.0,0.12818431795657875,1504.2159931659698,1,frozen heading,1,0,1,0,0,1,
inj_meas_q1e3,1527.1125569343567,1527.513780117035,0.40122318267822266,0.23136780547209232,1527.513780117035,3,frozen heading,1,0,1,0,0,3,
inj_meas_q1e3,1529.5217070579529,1539.3605360984802,9.838829040527344,0.7131003817612553,1529.5217070579529,49,gate hold in turn (re-anchored on frozen heading),1,0,1,1,0,51,
inj_meas_q1e3,1684.1628000736237,1684.1628000736237,0.0,0.11081004506817706,1684.1628000736237,1,injection,0,0,1,0,1,1,
inj_both_q1e3,989.5915169715881,989.9933190345764,0.40180206298828125,0.11479800368484207,989.9933190345764,3,"heading jump, gyro contradicts",0,0,1,0,0,3,
inj_both_q1e3,1313.8530700206757,1317.4704010486603,3.617331027984619,0.5207152788021858,1316.867558002472,19,frozen heading,1,1,1,0,0,19,reanchor_gyro;stale
inj_both_q1e3,1430.9257810115814,1440.362725019455,9.436944007873535,0.725731244230989,1433.5351221561432,47,frozen heading,1,1,1,0,0,48,
inj_both_q1e3,1502.409441947937,1502.6100161075592,0.20057415962219238,0.1437438065344017,1502.6100161075592,2,frozen heading,1,0,1,0,0,2,
inj_both_q1e3,1504.2159931659698,1504.2159931659698,0.0,0.128184425766155,1504.2159931659698,1,frozen heading,1,0,1,0,0,1,
inj_both_q1e3,1527.1125569343567,1527.513780117035,0.40122318267822266,0.23142138730032513,1527.513780117035,3,frozen heading,1,0,1,0,0,3,
inj_both_q1e3,1529.5217070579529,1549.3965549468994,19.874847888946533,0.7310560943306936,1548.7941040992737,99,gate hold in turn (re-anchored on frozen heading),1,0,1,1,0,51,hold;stale
inj_both_q1e3,1684.1628000736237,1684.1628000736237,0.0,0.12079342807039703,1684.1628000736237,1,injection,0,0,1,0,1,1,
inj_stock_q1e4,102.16727495193481,102.36755895614624,0.20028400421142578,0.16311335955403636,102.36755895614624,2,injection,0,0,0,0,1,0,
inj_stock_q1e4,114.0067970752716,115.01061415672302,1.003817081451416,0.2545555327408706,114.60941100120544,6,injection,0,0,0,0,1,0,
inj_stock_q1e4,126.05353498458862,126.05353498458862,0.0,0.22413528541933767,126.05353498458862,1,injection,0,0,0,0,1,0,
inj_stock_q1e4,137.90266704559326,138.70486307144165,0.8021960258483887,0.2899360605323326,138.10306310653687,5,injection,0,0,0,0,1,0,
inj_stock_q1e4,150.14565205574036,151.55019116401672,1.4045391082763672,0.48325649741098065,150.94837594032288,8,injection,0,0,0,0,1,0,
inj_stock_q1e4,1068.512174129486,1068.71275806427,0.20058393478393555,0.11742876964328369,1068.71275806427,2,injection,0,0,0,0,1,0,
inj_stock_q1e4,1080.1531281471252,1080.1531281471252,0.0,0.11303750344449186,1080.1531281471252,1,injection,0,0,0,0,1,0,
inj_stock_q1e4,1313.8530700206757,1313.8530700206757,0.0,0.2258042510781062,1313.8530700206757,1,frozen heading,1,1,1,0,0,0,
inj_stock_q1e4,1315.6627941131592,1315.8634791374207,0.2006850242614746,0.17824593013575643,1315.6627941131592,2,frozen heading,1,1,1,0,0,0,
inj_stock_q1e4,1317.6709899902344,1318.0731010437012,0.4021110534667969,0.3358153374103977,1317.6709899902344,3,"heading jump, gyro contradicts",0,0,1,0,0,0,
inj_stock_q1e4,1430.9257810115814,1430.9257810115814,0.0,0.15570627494431102,1430.9257810115814,1,frozen heading,1,1,1,0,0,0,
inj_stock_q1e4,1431.5275189876556,1432.3305671215057,0.8030481338500977,0.6088801382183698,1431.5275189876556,5,frozen heading,1,1,1,0,0,0,
inj_stock_q1e4,1433.5351221561432,1433.5351221561432,0.0,0.11611174695536146,1433.5351221561432,1,frozen heading,1,1,1,0,0,0,
inj_stock_q1e4,1435.745353937149,1437.3501479625702,1.6047940254211426,0.6972353336598974,1436.3468251228333,9,frozen heading,1,1,1,0,0,0,
inj_stock_q1e4,1440.563266992569,1441.1655049324036,0.6022379398345947,0.5328967687883476,1440.563266992569,4,frozen heading,1,0,1,0,0,0,
inj_stock_q1e4,1527.1125569343567,1527.1125569343567,0.0,0.13535746727084433,1527.1125569343567,1,"heading jump, gyro contradicts",0,0,1,0,0,0,
inj_stock_q1e4,1529.5217070579529,1529.9230630397797,0.4013559818267822,0.5038482651127385,1529.5217070579529,3,frozen heading,1,0,1,1,0,0,
inj_stock_q1e4,1530.5288081169128,1531.332589149475,0.8037810325622559,0.49762993365843156,1530.5288081169128,4,frozen heading,1,0,1,1,0,0,
inj_stock_q1e4,1682.7571420669556,1682.7571420669556,0.0,0.10612942146728276,1682.7571420669556,1,injection,0,0,0,0,1,0,
inj_stock_q1e4,1693.8020420074463,1693.8020420074463,0.0,0.11784146557553471,1693.8020420074463,1,injection,0,0,0,0,1,0,
inj_stock_q1e4,1706.0564141273499,1706.256984949112,0.20057082176208496,0.1347623347118313,1706.0564141273499,2,injection,0,0,0,0,1,0,
inj_stock_q1e4,1717.9096109867096,1718.9139750003815,1.004364013671875,0.25908726113219294,1718.713483095169,6,injection,0,0,0,0,1,0,
inj_stock_q1e4,1729.960032939911,1730.161514043808,0.20148110389709473,0.22982087237233806,1729.960032939911,2,injection,0,0,0,0,1,0,
inj_stock_q1e4,1741.8102419376373,1742.4127700328827,0.6025280952453613,0.35385812955616447,1742.0107879638672,4,injection,0,0,0,0,1,0,
inj_stock_q1e4,1753.8629610538483,1755.2690801620483,1.4061191082000732,0.4847266586077189,1754.6666359901428,8,injection,0,0,0,0,1,0,
inj_stock_q1e4,1862.5322289466858,1862.93404006958,0.4018111228942871,0.1220998796272302,1862.93404006958,3,injection,0,0,0,0,1,0,
inj_stock_q1e4,1873.9779801368713,1873.9779801368713,0.0,0.11477046606155093,1873.9779801368713,1,injection,0,0,0,0,1,0,
inj_stock_q1e4,1885.8256449699402,1886.227637052536,0.4019920825958252,0.18757124199882189,1886.227637052536,3,injection,0,0,0,0,1,0,
inj_stock_q1e4,1897.8795380592346,1898.8835129737854,1.0039749145507812,0.25054782087454536,1898.6828660964966,6,injection,0,0,0,0,1,0,
inj_stock_q1e4,1910.1322131156921,1910.1322131156921,0.0,0.23090128638009122,1910.1322131156921,1,injection,0,0,0,0,1,0,
inj_stock_q1e4,1921.9803421497345,1922.5849480628967,0.6046059131622314,0.35638778317163183,1922.1837911605835,4,injection,0,0,0,0,1,0,
inj_stock_q1e4,1933.8305201530457,1935.4365651607513,1.6060450077056885,0.4848008497723736,1934.6334030628204,9,injection,0,0,0,0,1,0,
inj_gate_q1e4,102.16727495193481,102.56805896759033,0.4007840156555176,0.163094280249191,102.36755895614624,3,injection,0,0,0,0,1,0,
inj_gate_q1e4,114.0067970752716,115.01061415672302,1.003817081451416,0.25457240849704676,114.60941100120544,6,injection,0,0,0,0,1,0,
inj_gate_q1e4,138.70486307144165,138.70486307144165,0.0,0.10359632922067961,138.70486307144165,1,injection,0,0,0,0,1,0,hold;reanchor_gyro;stale
inj_gate_q1e4,1068.3116459846497,1068.71275806427,0.40111207962036133,0.11882078003413729,1068.71275806427,3,injection,0,0,0,0,1,0,
inj_gate_q1e4,1313.8530700206757,1317.4704010486603,3.617331027984619,0.519649274127156,1316.867558002472,19,frozen heading,1,1,1,0,0,0,hold;reanchor_gyro;stale
inj_gate_q1e4,1430.9257810115814,1431.9293949604034,1.0036139488220215,0.7310644311549589,1431.9293949604034,5,frozen heading,1,1,1,0,0,0,hold
inj_gate_q1e4,1438.3536660671234,1438.3536660671234,0.0,0.7149838080829958,1438.3536660671234,1,frozen heading,1,1,1,0,0,0,
inj_gate_q1e4,1439.3570280075073,1441.5665590763092,2.20953106880188,0.7293023208957062,1440.362725019455,12,frozen heading,1,0,1,0,0,0,
inj_gate_q1e4,1527.1125569343567,1527.1125569343567,0.0,0.13520736634510486,1527.1125569343567,1,"heading jump, gyro contradicts",0,0,1,0,0,0,
inj_gate_q1e4,1529.5217070579529,1530.9301149845123,1.4084079265594482,0.707957809220365,1529.5217070579529,6,frozen heading,1,0,1,1,0,0,hold;stale
inj_gate_q1e4,1536.9525451660156,1537.354551076889,0.4020059108734131,0.6641696247015321,1536.9525451660156,2,other,0,0,0,1,0,0,
inj_gate_q1e4,1537.956216096878,1539.3605360984802,1.4043200016021729,0.5879554138411921,1537.956216096878,5,other,0,0,0,1,0,0,
inj_gate_q1e4,1683.159145116806,1691.9961161613464,8.836971044540405,0.2766560646724458,1687.3770599365234,42,injection,0,0,1,0,1,0,hold;stale
inj_gate_q1e4,1706.256984949112,1706.256984949112,0.0,0.11683536177453814,1706.256984949112,1,injection,0,0,0,0,1,0,hold
inj_gate_q1e4,1862.7327530384064,1862.93404006958,0.20128703117370605,0.1213097326061919,1862.93404006958,2,injection,0,0,0,0,1,0,
inj_gate_q1e4,1897.8795380592346,1898.8835129737854,1.0039749145507812,0.25055883024349457,1898.6828660964966,6,injection,0,0,0,0,1,0,
inj_meas_q1e4,989.5915169715881,989.9933190345764,0.40180206298828125,0.11434792152471686,989.9933190345764,3,"heading jump, gyro contradicts",0,0,1,0,0,3,
inj_meas_q1e4,1313.8530700206757,1317.4704010486603,3.617331027984619,0.5218976834591142,1316.867558002472,19,frozen heading,1,1,1,0,0,19,
inj_meas_q1e4,1430.9257810115814,1440.362725019455,9.436944007873535,0.7256800387884441,1433.5351221561432,47,frozen heading,1,1,1,0,0,48,
inj_meas_q1e4,1502.409441947937,1502.6100161075592,0.20057415962219238,0.13937331267140335,1502.6100161075592,2,frozen heading,1,0,1,0,0,2,
inj_meas_q1e4,1504.2159931659698,1504.2159931659698,0.0,0.11361210289402282,1504.2159931659698,1,frozen heading,1,0,1,0,0,1,
inj_meas_q1e4,1527.1125569343567,1527.513780117035,0.40122318267822266,0.23019252223517978,1527.513780117035,3,frozen heading,1,0,1,0,0,3,
inj_meas_q1e4,1529.5217070579529,1539.3605360984802,9.838829040527344,0.7082663004217042,1529.5217070579529,49,gate hold in turn (re-anchored on frozen heading),1,0,1,1,0,51,
inj_meas_q1e4,1580.525092124939,1580.525092124939,0.0,0.10660911710543286,1580.525092124939,1,frozen heading,1,0,0,0,0,0,
inj_meas_q1e4,1684.1628000736237,1684.1628000736237,0.0,0.10891132659646369,1684.1628000736237,1,injection,0,0,1,0,1,1,
inj_both_q1e4,989.5915169715881,989.9933190345764,0.40180206298828125,0.11434991892027552,989.9933190345764,3,"heading jump, gyro contradicts",0,0,1,0,0,3,
inj_both_q1e4,1313.8530700206757,1317.4704010486603,3.617331027984619,0.5215119607767212,1316.867558002472,19,frozen heading,1,1,1,0,0,19,reanchor_gyro;stale
inj_both_q1e4,1430.9257810115814,1440.362725019455,9.436944007873535,0.7256740970504789,1433.5351221561432,47,frozen heading,1,1,1,0,0,48,
inj_both_q1e4,1502.409441947937,1502.6100161075592,0.20057415962219238,0.13936852532052754,1502.6100161075592,2,frozen heading,1,0,1,0,0,2,
inj_both_q1e4,1504.2159931659698,1504.2159931659698,0.0,0.11391065478703845,1504.2159931659698,1,frozen heading,1,0,1,0,0,1,
inj_both_q1e4,1527.1125569343567,1527.513780117035,0.40122318267822266,0.2304437975126709,1527.513780117035,3,frozen heading,1,0,1,0,0,3,
inj_both_q1e4,1529.5217070579529,1540.9670650959015,11.445358037948608,0.7088404169627293,1529.5217070579529,56,gate hold in turn (re-anchored on frozen heading),1,0,1,1,0,51,hold;stale
inj_both_q1e4,1541.9706449508667,1541.9706449508667,0.0,0.6191770558169978,1541.9706449508667,1,gate action,0,0,0,1,0,0,hold;stale
inj_both_q1e4,1543.1753170490265,1543.1753170490265,0.0,0.6958178363237396,1543.1753170490265,1,gate action,0,0,0,1,0,0,stale
inj_both_q1e4,1543.9775819778442,1549.5970780849457,5.61949610710144,0.7310648175950376,1548.994703054428,29,other,0,0,0,1,0,0,
inj_both_q1e4,1684.1628000736237,1684.1628000736237,0.0,0.10897228191139922,1684.1628000736237,1,injection,0,0,1,0,1,1,
