arm,family,q,event_id,amp_deg,dur,t_abs,jump_m,peak_m,peak_base_m,recovery_s,withheld,gate_warns,filt_step_deg,filt_exc_deg,meas_nopub,meas_hold
inj_both_q060,both,0.06,E00,5.0,1,1788913392.737,0.0317,0.0317,0.0017,0.361,0,0,5.361,5.357,0,0
inj_both_q060,both,0.06,E01,5.0,2,1788913404.737,0.0317,0.0319,0.0005,0.409,0,0,5.377,5.874,0,0
inj_both_q060,both,0.06,E02,5.0,5,1788913416.737,0.0251,0.0319,0.0036,1.063,0,0,4.269,5.444,0,0
inj_both_q060,both,0.06,E03,10.0,1,1788913428.737,0.0635,0.0635,0.0044,0.515,0,0,9.564,5.955,0,0
inj_both_q060,both,0.06,E04,10.0,2,1788913440.737,0.0559,0.0637,0.0002,0.564,0,0,10.019,9.956,0,0
inj_both_q060,both,0.06,E05,10.0,5,1788913452.737,0.0632,0.0691,0.0065,1.216,0,0,10.826,9.255,0,0
inj_both_q060,both,0.06,E06,20.0,1,1788913464.737,0.0018,0.0092,0.0005,1.068,0,0,4.351,5.48,0,1
inj_both_q060,both,0.06,E07,20.0,2,1788913476.737,0.0212,0.0366,0.0597,0.72,0,0,9.305,9.284,0,2
inj_both_q060,both,0.06,E08,20.0,5,1788913488.737,0.0413,0.0543,0.0004,1.172,0,0,9.319,32.968,3,3
inj_both_q060,both,0.06,E09,45.0,1,1788913500.737,-0.0006,0.0337,0.003,1.22,0,0,4.1,7.802,0,1
inj_both_q060,both,0.06,E10,45.0,2,1788913512.737,0.0101,0.0214,0.0023,0.47,0,0,3.298,5.503,0,2
inj_both_q060,both,0.06,E11,45.0,5,1788913524.737,0.0054,0.0135,0.0135,0.324,0,0,1.262,1.274,3,2
inj_both_q060,both,0.06,E12,90.0,1,1788913536.737,0.0074,0.0074,0.0002,0.375,0,0,1.695,1.831,0,1
inj_both_q060,both,0.06,E13,90.0,2,1788913548.737,0.0049,0.0068,0.0099,0.425,0,0,1.548,1.713,0,2
inj_both_q060,both,0.06,E14,90.0,5,1788913560.737,0.0019,0.0065,0.0,0.478,0,0,0.583,0.611,3,2
inj_both_q060,both,0.06,E15,5.0,1,1788913572.737,0.0317,0.0317,0.0032,0.333,0,0,5.074,4.691,0,0
inj_both_q060,both,0.06,E16,5.0,2,1788913584.737,0.0317,0.0317,0.0,0.585,0,0,4.552,4.884,0,0
inj_both_q060,both,0.06,E17,5.0,5,1788913596.737,0.0317,0.0319,0.0031,1.034,0,0,5.304,5.298,0,0
inj_both_q060,both,0.06,E18,10.0,1,1788913608.737,0.0633,0.0633,0.0,0.286,0,0,9.883,9.614,0,0
inj_both_q060,both,0.06,E19,10.0,2,1788913620.737,0.063,0.0637,0.0051,0.542,0,0,10.081,9.903,0,0
inj_both_q060,both,0.06,E20,10.0,5,1788913632.737,0.0633,0.0637,0.0011,1.194,0,0,11.226,10.027,0,0
inj_both_q060,both,0.06,E21,20.0,1,1788913644.737,0.0027,0.0028,0.0041,0.237,0,0,0.632,0.612,0,1
inj_both_q060,both,0.06,E22,20.0,2,1788913656.737,0.002,0.0036,0.0009,0.289,0,0,0.841,0.782,0,2
inj_both_q060,both,0.06,E23,20.0,5,1788913668.737,0.002,0.0081,0.0096,0.545,0,0,1.509,1.193,3,2
inj_both_q060,both,0.06,E24,45.0,1,1788913680.737,-0.0008,0.0004,0.0011,0.392,0,0,1.415,1.186,0,1
inj_both_q060,both,0.06,E25,45.0,2,1788913692.737,0.006,0.006,0.0139,0.24,0,0,2.131,1.152,0,2
inj_both_q060,both,0.06,E26,45.0,5,1788913704.737,-0.0001,0.0136,0.0034,1.097,0,0,1.202,1.176,3,2
inj_both_q060,both,0.06,E27,90.0,1,1788913716.737,0.0016,0.0017,0.0065,0.345,0,0,1.279,1.275,0,1
inj_both_q060,both,0.06,E28,90.0,2,1788913728.737,0.0022,0.0036,0.0013,0.598,0,0,2.949,2.464,0,2
inj_both_q060,both,0.06,E29,90.0,5,1788913740.737,0.0053,0.0065,0.0053,0.446,0,0,0.753,0.764,3,2
inj_both_q060,both,0.06,E30,5.0,1,1788913752.737,0.0317,0.0318,0.0025,0.298,0,0,4.589,4.732,0,0
inj_both_q060,both,0.06,E31,5.0,2,1788913764.737,0.0225,0.0319,0.0139,0.553,0,0,3.552,4.618,0,0
inj_both_q060,both,0.06,E32,5.0,5,1788912802.737,0.0317,0.0319,0.0069,1.037,0,0,4.754,6.051,0,0
inj_both_q060,both,0.06,E33,10.0,1,1788912814.737,0.0634,0.0634,0.0,0.284,0,0,10.738,10.036,0,0
inj_both_q060,both,0.06,E34,10.0,2,1788912826.737,0.0633,0.0637,0.0181,0.533,0,0,10.155,10.162,0,0
inj_both_q060,both,0.06,E35,10.0,5,1788912838.737,0.0633,0.0638,0.0,1.179,0,0,10.334,10.166,0,0
inj_both_q060,both,0.06,E36,20.0,1,1788912850.737,-0.0007,0.0005,0.001,1.829,0,0,0.141,0.166,0,1
inj_both_q060,both,0.06,E37,20.0,2,1788912862.737,0.0002,0.0008,0.0001,0.474,0,0,0.491,0.333,0,2
inj_both_q060,both,0.06,E38,20.0,5,1788912874.737,-0.0002,0.0014,0.0021,1.729,0,0,0.321,0.282,3,2
inj_both_q060,both,0.06,E39,45.0,1,1788912886.737,0.001,0.001,0.0005,0.366,0,0,0.564,0.494,0,1
inj_both_q060,both,0.06,E40,45.0,2,1788911908.737,0.0,0.0026,0.0,0.982,0,0,0.264,0.309,0,2
inj_both_q060,both,0.06,E41,45.0,5,1788911920.737,0.0018,0.0021,0.0015,0.22,0,0,0.114,0.183,3,2
inj_both_q060,both,0.06,E42,90.0,1,1788911932.737,0.0014,0.0016,0.0011,0.267,0,0,0.351,0.362,0,1
inj_both_q060,both,0.06,E43,90.0,2,1788911944.737,-0.001,0.002,0.0011,1.519,0,0,0.236,0.171,0,2
inj_both_q060,both,0.06,E44,90.0,5,1788911956.737,0.0011,0.0031,0.0018,0.961,0,0,0.315,0.339,3,2
inj_both_q060,both,0.06,_RUN_,,,,,0.0001,0.0002,0.3353,0,4,,,92,9
inj_both_q1e3,both,0.001,E00,5.0,1,1788913392.737,0.0024,0.0232,0.0019,0.562,0,0,4.176,4.198,0,0
inj_both_q1e3,both,0.001,E01,5.0,2,1788913404.737,0.0186,0.03,0.0224,0.409,0,0,3.64,5.517,0,0
inj_both_q1e3,both,0.001,E02,5.0,5,1788913416.737,0.0005,0.0323,0.0066,1.264,0,0,3.365,5.427,0,0
inj_both_q1e3,both,0.001,E03,10.0,1,1788913428.737,0.0543,0.0549,0.0246,0.315,0,0,6.394,4.607,0,0
inj_both_q1e3,both,0.001,E04,10.0,2,1788913440.737,-0.0041,0.061,0.0022,0.764,0,0,7.405,8.962,0,0
inj_both_q1e3,both,0.001,E05,10.0,5,1788913452.737,0.0317,0.0643,0.0063,1.216,0,0,6.666,8.753,0,0
inj_both_q1e3,both,0.001,E06,20.0,1,1788913464.737,-0.0075,0.0356,0.0081,1.068,0,0,4.383,4.989,0,1
inj_both_q1e3,both,0.001,E07,20.0,2,1788913476.737,0.0318,0.0358,0.0562,0.52,0,0,6.816,7.026,0,2
inj_both_q1e3,both,0.001,E08,20.0,5,1788913488.737,-0.0015,0.0549,0.0415,1.172,0,0,7.388,30.254,3,3
inj_both_q1e3,both,0.001,E09,45.0,1,1788913500.737,0.0049,0.008,0.0349,1.22,0,0,4.26,7.839,0,1
inj_both_q1e3,both,0.001,E10,45.0,2,1788913512.737,0.0073,0.0215,0.0046,0.47,0,0,2.571,5.199,0,2
inj_both_q1e3,both,0.001,E11,45.0,5,1788913524.737,0.0114,0.0132,0.0118,0.324,0,0,0.966,1.237,3,2
inj_both_q1e3,both,0.001,E12,90.0,1,1788913536.737,0.0073,0.0074,0.0021,0.375,0,0,1.006,1.397,0,1
inj_both_q1e3,both,0.001,E13,90.0,2,1788913548.737,0.004,0.0067,0.0091,0.425,0,0,1.107,1.414,0,2
inj_both_q1e3,both,0.001,E14,90.0,5,1788913560.737,0.0017,0.0065,0.0021,0.478,0,0,0.491,0.364,3,2
inj_both_q1e3,both,0.001,E15,5.0,1,1788913572.737,0.0247,0.0249,0.0011,0.333,0,0,3.747,3.624,0,0
inj_both_q1e3,both,0.001,E16,5.0,2,1788913584.737,0.0252,0.0298,0.0008,0.585,0,0,3.467,4.806,0,0
inj_both_q1e3,both,0.001,E17,5.0,5,1788913596.737,0.0252,0.0316,0.0022,1.034,0,0,4.09,5.255,0,0
inj_both_q1e3,both,0.001,E18,10.0,1,1788913608.737,0.0491,0.0494,0.0006,0.286,0,0,7.649,7.464,0,0
inj_both_q1e3,both,0.001,E19,10.0,2,1788913620.737,0.0014,0.0606,0.0015,0.743,0,0,7.281,8.304,0,0
inj_both_q1e3,both,0.001,E20,10.0,5,1788913632.737,0.0497,0.0634,0.0017,1.194,0,0,8.648,9.924,0,0
inj_both_q1e3,both,0.001,E21,20.0,1,1788913644.737,0.0026,0.0034,0.001,2.044,0,0,0.515,0.508,0,1
inj_both_q1e3,both,0.001,E22,20.0,2,1788913656.737,0.0031,0.0035,0.0013,0.289,0,0,0.676,0.493,0,2
inj_both_q1e3,both,0.001,E23,20.0,5,1788913668.737,-0.0032,0.0095,0.0034,2.151,0,0,1.139,0.851,3,2
inj_both_q1e3,both,0.001,E24,45.0,1,1788913680.737,-0.0001,0.0018,0.0018,0.793,0,0,0.982,0.914,0,1
inj_both_q1e3,both,0.001,E25,45.0,2,1788913692.737,0.0047,0.0127,0.0036,1.447,0,0,1.543,1.114,0,2
inj_both_q1e3,both,0.001,E26,45.0,5,1788913704.737,0.0004,0.0135,0.0041,1.097,0,0,0.988,0.986,3,2
inj_both_q1e3,both,0.001,E27,90.0,1,1788913716.737,-0.0071,0.0079,0.0015,0.546,0,0,0.944,0.967,0,1
inj_both_q1e3,both,0.001,E28,90.0,2,1788913728.737,0.0018,0.004,0.0082,1.401,0,0,2.153,1.856,0,2
inj_both_q1e3,both,0.001,E29,90.0,5,1788913740.737,0.0012,0.0063,0.0012,0.446,0,0,0.617,0.635,3,2
inj_both_q1e3,both,0.001,E30,5.0,1,1788913752.737,0.0242,0.0264,0.0017,0.298,0,0,3.02,4.119,0,0
inj_both_q1e3,both,0.001,E31,5.0,2,1788913764.737,-0.0048,0.0322,0.0049,0.553,0,0,2.47,4.412,0,0
inj_both_q1e3,both,0.001,E32,5.0,5,1788912802.737,0.0286,0.0334,0.0067,1.037,0,0,4.257,6.09,0,0
inj_both_q1e3,both,0.001,E33,10.0,1,1788912814.737,0.0573,0.0573,0.001,0.284,0,0,8.889,9.112,0,0
inj_both_q1e3,both,0.001,E34,10.0,2,1788912826.737,0.0567,0.0568,0.0024,0.533,0,0,9.126,10.501,0,0
inj_both_q1e3,both,0.001,E35,10.0,5,1788912838.737,0.0566,0.0664,0.0004,1.179,0,0,9.272,10.276,0,0
inj_both_q1e3,both,0.001,E36,20.0,1,1788912850.737,-0.0001,0.0002,0.0009,0.625,0,0,0.112,0.135,0,1
inj_both_q1e3,both,0.001,E37,20.0,2,1788912862.737,0.0002,0.0008,0.0006,0.474,0,0,0.34,0.187,0,2
inj_both_q1e3,both,0.001,E38,20.0,5,1788912874.737,0.0,0.0007,0.002,0.725,0,0,0.23,0.226,3,2
inj_both_q1e3,both,0.001,E39,45.0,1,1788912886.737,-0.0003,0.0021,0.0008,1.372,0,0,0.4,0.305,0,1
inj_both_q1e3,both,0.001,E40,45.0,2,1788911908.737,-0.0004,0.0025,0.0016,0.982,0,0,0.251,0.416,0,2
inj_both_q1e3,both,0.001,E41,45.0,5,1788911920.737,0.0021,0.0021,0.0021,0.22,0,0,0.095,0.183,3,2
inj_both_q1e3,both,0.001,E42,90.0,1,1788911932.737,0.0013,0.0024,0.0011,0.668,0,0,0.28,0.264,0,1
inj_both_q1e3,both,0.001,E43,90.0,2,1788911944.737,-0.0006,0.0011,0.0019,1.519,0,0,0.11,0.139,0,2
inj_both_q1e3,both,0.001,E44,90.0,5,1788911956.737,-0.0006,0.0031,0.0008,1.362,0,0,0.449,0.325,3,2
inj_both_q1e3,both,0.001,_RUN_,,,,,0.001,0.0009,0.3166,0,3,,,92,9
inj_both_q1e4,both,0.0001,E00,5.0,1,1788913392.737,0.0112,0.0112,0.0048,0.361,0,0,2.163,2.167,0,0
inj_both_q1e4,both,0.0001,E01,5.0,2,1788913404.737,0.0112,0.0193,0.0216,0.409,0,0,2.166,3.49,0,0
inj_both_q1e4,both,0.0001,E02,5.0,5,1788913416.737,0.0083,0.0288,0.01,1.063,0,0,1.635,4.451,0,0
inj_both_q1e4,both,0.0001,E03,10.0,1,1788913428.737,0.0381,0.0398,0.0257,0.515,0,0,2.249,4.24,0,0
inj_both_q1e4,both,0.0001,E04,10.0,2,1788913440.737,0.0201,0.0424,0.0057,0.764,0,0,3.46,5.571,0,0
inj_both_q1e4,both,0.0001,E05,10.0,5,1788913452.737,0.024,0.0616,0.0072,1.417,0,0,4.67,7.718,0,0
inj_both_q1e4,both,0.0001,E06,20.0,1,1788913464.737,-0.0025,0.0198,0.0199,1.068,0,0,2.085,3.665,0,1
inj_both_q1e4,both,0.0001,E07,20.0,2,1788913476.737,0.0129,0.0314,0.0306,2.128,0,0,3.282,3.055,0,2
inj_both_q1e4,both,0.0001,E08,20.0,5,1788913488.737,0.0279,0.0667,0.0547,1.974,0,0,6.458,26.809,3,3
inj_both_q1e4,both,0.0001,E09,45.0,1,1788913500.737,0.0054,0.0253,0.0295,1.421,0,0,2.639,5.984,0,1
inj_both_q1e4,both,0.0001,E10,45.0,2,1788913512.737,0.0085,0.0227,0.0126,0.47,0,0,1.429,5.061,0,2
inj_both_q1e4,both,0.0001,E11,45.0,5,1788913524.737,0.0066,0.011,0.0055,0.324,0,0,0.458,0.903,3,2
inj_both_q1e4,both,0.0001,E12,90.0,1,1788913536.737,0.0054,0.0067,0.0048,0.375,0,0,0.639,0.919,0,1
inj_both_q1e4,both,0.0001,E13,90.0,2,1788913548.737,0.0006,0.0058,0.0049,0.425,0,0,0.563,0.932,0,2
inj_both_q1e4,both,0.0001,E14,90.0,5,1788913560.737,0.0019,0.0069,0.0038,0.478,0,0,0.236,0.294,3,2
inj_both_q1e4,both,0.0001,E15,5.0,1,1788913572.737,0.0136,0.014,0.0016,0.333,0,0,2.006,1.948,0,0
inj_both_q1e4,both,0.0001,E16,5.0,2,1788913584.737,0.0019,0.0122,0.0021,0.787,0,0,1.811,3.192,0,0
inj_both_q1e4,both,0.0001,E17,5.0,5,1788913596.737,0.0133,0.0284,0.0014,1.034,0,0,1.921,4.926,0,0
inj_both_q1e4,both,0.0001,E18,10.0,1,1788913608.737,-0.0,0.0239,0.0018,0.486,0,0,4.009,3.976,0,0
inj_both_q1e4,both,0.0001,E19,10.0,2,1788913620.737,0.0238,0.0378,0.0033,0.743,0,0,3.453,5.985,0,0
inj_both_q1e4,both,0.0001,E20,10.0,5,1788913632.737,0.0021,0.0668,0.0061,1.595,0,0,5.24,9.236,0,0
inj_both_q1e4,both,0.0001,E21,20.0,1,1788913644.737,0.0007,0.0028,0.0028,1.442,0,0,0.292,0.525,0,1
inj_both_q1e4,both,0.0001,E22,20.0,2,1788913656.737,0.0018,0.0033,0.0033,2.1,0,0,0.33,0.19,0,2
inj_both_q1e4,both,0.0001,E23,20.0,5,1788913668.737,-0.0002,0.0076,0.0051,0.545,0,0,0.545,0.528,3,2
inj_both_q1e4,both,0.0001,E24,45.0,1,1788913680.737,-0.0006,0.0066,0.0067,0.793,0,0,0.418,0.58,0,1
inj_both_q1e4,both,0.0001,E25,45.0,2,1788913692.737,0.0059,0.0062,0.0057,0.24,0,0,0.552,0.93,0,2
inj_both_q1e4,both,0.0001,E26,45.0,5,1788913704.737,0.0004,0.0128,0.0091,1.097,0,0,0.428,0.715,3,2
inj_both_q1e4,both,0.0001,E27,90.0,1,1788913716.737,-0.0031,0.0045,0.0042,0.747,0,0,0.466,0.605,0,1
inj_both_q1e4,both,0.0001,E28,90.0,2,1788913728.737,0.0016,0.0088,0.0086,1.401,0,0,0.862,0.926,0,2
inj_both_q1e4,both,0.0001,E29,90.0,5,1788913740.737,0.0021,0.0057,0.0033,0.446,0,0,0.377,0.491,3,2
inj_both_q1e4,both,0.0001,E30,5.0,1,1788913752.737,-0.0008,0.0061,0.0042,0.499,0,0,1.817,2.586,0,0
inj_both_q1e4,both,0.0001,E31,5.0,2,1788913764.737,0.0093,0.0254,0.0071,0.553,0,0,1.837,3.106,0,0
inj_both_q1e4,both,0.0001,E32,5.0,5,1788912802.737,0.0268,0.0343,0.0016,1.037,0,0,3.986,6.149,0,0
inj_both_q1e4,both,0.0001,E33,10.0,1,1788912814.737,-0.0009,0.0596,0.0015,0.484,0,0,8.391,8.632,0,0
inj_both_q1e4,both,0.0001,E34,10.0,2,1788912826.737,0.0532,0.0676,0.0036,0.533,0,0,8.569,10.753,0,0
inj_both_q1e4,both,0.0001,E35,10.0,5,1788912838.737,0.053,0.0683,0.0007,1.38,0,0,8.716,10.502,0,0
inj_both_q1e4,both,0.0001,E36,20.0,1,1788912850.737,-0.0001,0.0005,0.0006,1.227,0,0,0.051,0.079,0,1
inj_both_q1e4,both,0.0001,E37,20.0,2,1788912862.737,0.0001,0.0014,0.0014,2.08,0,0,0.151,0.127,0,2
inj_both_q1e4,both,0.0001,E38,20.0,5,1788912874.737,-0.0001,0.0009,0.0011,1.93,0,0,0.136,0.072,3,2
inj_both_q1e4,both,0.0001,E39,45.0,1,1788912886.737,0.0006,0.0016,0.0017,2.174,0,0,0.174,0.1,0,1
inj_both_q1e4,both,0.0001,E40,45.0,2,1788911908.737,-0.0009,0.0027,0.0022,0.982,0,0,0.139,0.276,0,2
inj_both_q1e4,both,0.0001,E41,45.0,5,1788911920.737,0.0019,0.002,0.0015,0.22,0,0,0.036,0.115,3,2
inj_both_q1e4,both,0.0001,E42,90.0,1,1788911932.737,0.0015,0.0018,0.0027,0.668,0,0,0.135,0.178,0,1
inj_both_q1e4,both,0.0001,E43,90.0,2,1788911944.737,-0.0002,0.0018,0.0015,1.519,0,0,0.104,0.107,0,2
inj_both_q1e4,both,0.0001,E44,90.0,5,1788911956.737,-0.0007,0.0026,0.0009,0.961,0,0,0.159,0.272,3,2
inj_both_q1e4,both,0.0001,_RUN_,,,,,0.0017,0.0016,0.2974,13,3,,,92,9
inj_both_q1e5,both,1e-05,E00,5.0,1,1788913392.737,0.0029,0.0072,0.0059,1.967,0,0,0.855,0.836,0,0
inj_both_q1e5,both,1e-05,E01,5.0,2,1788913404.737,-0.0026,0.0293,0.0183,1.613,0,0,0.694,2.176,0,0
inj_both_q1e5,both,1e-05,E02,5.0,5,1788913416.737,0.0009,0.0219,0.015,1.063,0,0,0.753,1.695,0,0
inj_both_q1e5,both,1e-05,E03,10.0,1,1788913428.737,0.0234,0.0325,0.0214,0.917,0,0,0.802,3.541,0,0
inj_both_q1e5,both,1e-05,E04,10.0,2,1788913440.737,0.0096,0.0264,0.0076,0.764,0,0,1.815,2.819,0,0
inj_both_q1e5,both,1e-05,E05,10.0,5,1788913452.737,-0.0097,0.0518,0.0125,2.621,0,0,1.343,3.706,0,0
inj_both_q1e5,both,1e-05,E06,20.0,1,1788913464.737,-0.0006,0.026,0.0262,1.068,0,0,0.763,1.969,0,1
inj_both_q1e5,both,1e-05,E07,20.0,2,1788913476.737,-0.0253,0.0534,0.0418,2.93,0,0,1.57,3.097,0,2
inj_both_q1e5,both,1e-05,E08,20.0,5,1788913488.737,0.0324,0.1084,0.0822,2.175,0,0,3.648,19.573,3,3
inj_both_q1e5,both,1e-05,E09,45.0,1,1788913500.737,-0.0021,0.0465,0.0389,1.421,0,0,1.154,3.389,0,1
inj_both_q1e5,both,1e-05,E10,45.0,2,1788913512.737,0.0083,0.0294,0.0242,0.671,0,0,0.791,4.501,0,2
inj_both_q1e5,both,1e-05,E11,45.0,5,1788913524.737,0.0002,0.0085,0.0095,0.726,0,0,0.182,0.685,3,2
inj_both_q1e5,both,1e-05,E12,90.0,1,1788913536.737,0.0021,0.0075,0.0074,0.575,0,0,0.153,0.469,0,1
inj_both_q1e5,both,1e-05,E13,90.0,2,1788913548.737,-0.0031,0.0074,0.0069,1.228,0,0,0.648,1.027,0,2
inj_both_q1e5,both,1e-05,E14,90.0,5,1788913560.737,0.0016,0.0081,0.008,0.478,0,0,0.096,0.218,3,2
inj_both_q1e5,both,1e-05,E15,5.0,1,1788913572.737,0.0056,0.0064,0.0019,0.333,0,0,0.753,0.729,0,0
inj_both_q1e5,both,1e-05,E16,5.0,2,1788913584.737,0.0077,0.0084,0.0034,0.787,0,0,0.731,1.204,0,0
inj_both_q1e5,both,1e-05,E17,5.0,5,1788913596.737,0.004,0.0181,0.0023,1.235,0,0,0.768,3.114,0,0
inj_both_q1e5,both,1e-05,E18,10.0,1,1788913608.737,0.0123,0.0123,0.0037,0.286,0,0,1.872,1.865,0,0
inj_both_q1e5,both,1e-05,E19,10.0,2,1788913620.737,0.0086,0.0164,0.0038,0.944,0,0,1.426,2.813,0,0
inj_both_q1e5,both,1e-05,E20,10.0,5,1788913632.737,0.0132,0.0457,0.0055,1.796,0,0,1.659,6.01,0,0
inj_both_q1e5,both,1e-05,E21,20.0,1,1788913644.737,-0.0011,0.0037,0.004,1.442,0,0,0.122,0.316,0,1
inj_both_q1e5,both,1e-05,E22,20.0,2,1788913656.737,0.0019,0.0043,0.0048,2.1,0,0,0.125,0.093,0,2
inj_both_q1e5,both,1e-05,E23,20.0,5,1788913668.737,0.0017,0.008,0.0065,0.545,0,0,0.234,0.162,3,2
inj_both_q1e5,both,1e-05,E24,45.0,1,1788913680.737,-0.0006,0.0055,0.0051,1.195,0,0,0.167,0.41,0,1
inj_both_q1e5,both,1e-05,E25,45.0,2,1788913692.737,0.0059,0.0067,0.0069,1.246,0,0,0.251,0.573,0,2
inj_both_q1e5,both,1e-05,E26,45.0,5,1788913704.737,0.0009,0.0119,0.0111,1.097,0,0,0.17,0.419,3,2
inj_both_q1e5,both,1e-05,E27,90.0,1,1788913716.737,-0.0025,0.0064,0.0063,0.747,0,0,0.19,0.231,0,1
inj_both_q1e5,both,1e-05,E28,90.0,2,1788913728.737,0.0018,0.0115,0.011,1.401,0,0,0.331,0.367,0,2
inj_both_q1e5,both,1e-05,E29,90.0,5,1788913740.737,-0.0007,0.005,0.0047,2.051,0,0,0.173,0.382,3,2
inj_both_q1e5,both,1e-05,E30,5.0,1,1788913752.737,-0.0004,0.0075,0.0062,1.706,0,0,0.739,0.96,0,0
inj_both_q1e5,both,1e-05,E31,5.0,2,1788913764.737,-0.001,0.0159,0.0086,0.553,0,0,0.634,1.435,0,0
inj_both_q1e5,both,1e-05,E32,5.0,5,1788912802.737,0.0245,0.0344,0.0016,1.037,0,0,3.941,6.16,0,0
inj_both_q1e5,both,1e-05,E33,10.0,1,1788912814.737,0.0536,0.0536,0.0083,0.284,0,0,8.309,8.553,0,0
inj_both_q1e5,both,1e-05,E34,10.0,2,1788912826.737,0.0527,0.0679,0.0038,0.533,0,0,8.475,10.797,0,0
inj_both_q1e5,both,1e-05,E35,10.0,5,1788912838.737,0.0524,0.0686,0.0025,1.179,0,0,8.624,10.544,0,0
inj_both_q1e5,both,1e-05,E36,20.0,1,1788912850.737,-0.0001,0.0007,0.0006,1.227,0,0,0.019,0.034,0,1
inj_both_q1e5,both,1e-05,E37,20.0,2,1788912862.737,0.0001,0.0017,0.0021,2.08,0,0,0.062,0.093,0,2
inj_both_q1e5,both,1e-05,E38,20.0,5,1788912874.737,-0.0001,0.0014,0.0013,1.93,0,0,0.039,0.044,3,2
inj_both_q1e5,both,1e-05,E39,45.0,1,1788912886.737,0.0007,0.0019,0.0019,2.174,0,0,0.053,0.061,0,1
inj_both_q1e5,both,1e-05,E40,45.0,2,1788911908.737,-0.0019,0.0016,0.0017,0.982,0,0,0.049,0.14,0,2
inj_both_q1e5,both,1e-05,E41,45.0,5,1788911920.737,0.0014,0.0018,0.0016,0.22,0,0,0.03,0.046,3,2
inj_both_q1e5,both,1e-05,E42,90.0,1,1788911932.737,0.0011,0.0025,0.0031,0.668,0,0,0.057,0.112,0,1
inj_both_q1e5,both,1e-05,E43,90.0,2,1788911944.737,-0.0002,0.002,0.0018,1.519,0,0,0.028,0.044,0,2
inj_both_q1e5,both,1e-05,E44,90.0,5,1788911956.737,-0.0016,0.0018,0.0012,0.961,0,0,0.059,0.131,3,2
inj_both_q1e5,both,1e-05,_RUN_,,,,,0.0027,0.0026,0.284,5,3,,,92,9
inj_meas_q060,meas,0.06,E00,5.0,1,1788913392.737,0.0317,0.0317,0.0001,0.361,0,0,5.361,5.357,0,0
inj_meas_q060,meas,0.06,E01,5.0,2,1788913404.737,0.0246,0.0319,0.0011,0.409,0,0,4.971,5.874,0,0
inj_meas_q060,meas,0.06,E02,5.0,5,1788913416.737,0.0317,0.0319,0.0001,1.063,0,0,5.296,5.636,0,0
inj_meas_q060,meas,0.06,E03,10.0,1,1788913428.737,0.0602,0.0605,0.002,0.315,0,0,9.1,5.492,0,0
inj_meas_q060,meas,0.06,E04,10.0,2,1788913440.737,0.0564,0.0637,0.0031,0.564,0,0,10.019,9.956,0,0
inj_meas_q060,meas,0.06,E05,10.0,5,1788913452.737,0.0632,0.0637,0.0012,1.016,0,0,10.826,9.255,0,0
inj_meas_q060,meas,0.06,E06,20.0,1,1788913464.737,0.0018,0.0018,0.0018,0.265,0,0,5.765,5.827,0,1
inj_meas_q060,meas,0.06,E07,20.0,2,1788913476.737,0.0366,0.0367,0.0004,0.52,0,0,9.305,9.284,0,2
inj_meas_q060,meas,0.06,E08,20.0,5,1788913488.737,0.0413,0.0568,0.0332,1.372,0,0,9.319,32.968,3,3
inj_meas_q060,meas,0.06,E09,45.0,1,1788913500.737,0.0057,0.0058,0.0012,0.217,0,0,5.257,7.6,0,1
inj_meas_q060,meas,0.06,E10,45.0,2,1788913512.737,0.0101,0.0214,0.0204,0.47,0,0,3.298,5.503,0,2
inj_meas_q060,meas,0.06,E11,45.0,5,1788913524.737,0.0135,0.0136,0.0001,0.324,0,0,1.262,1.274,3,2
inj_meas_q060,meas,0.06,E12,90.0,1,1788913536.737,0.0074,0.0078,0.0078,1.581,0,0,1.697,1.831,0,1
inj_meas_q060,meas,0.06,E13,90.0,2,1788913548.737,0.0049,0.0068,0.0001,0.425,0,0,1.548,1.713,0,2
inj_meas_q060,meas,0.06,E14,90.0,5,1788913560.737,0.0013,0.0065,0.007,0.478,0,0,0.583,0.609,3,2
inj_meas_q060,meas,0.06,E15,5.0,1,1788913572.737,0.0317,0.0317,0.0012,0.333,0,0,5.074,4.691,0,0
inj_meas_q060,meas,0.06,E16,5.0,2,1788913584.737,0.0029,0.0328,0.0037,0.787,0,0,4.753,5.086,0,0
inj_meas_q060,meas,0.06,E17,5.0,5,1788913596.737,0.0317,0.0319,0.001,1.034,0,0,5.304,5.231,0,0
inj_meas_q060,meas,0.06,E18,10.0,1,1788913608.737,-0.0012,0.0608,0.0028,0.486,0,0,9.883,9.614,0,0
inj_meas_q060,meas,0.06,E19,10.0,2,1788913620.737,0.063,0.0637,0.0012,0.542,0,0,9.617,9.903,0,0
inj_meas_q060,meas,0.06,E20,10.0,5,1788913632.737,0.0013,0.072,0.0083,1.394,0,0,11.226,10.027,0,0
inj_meas_q060,meas,0.06,E21,20.0,1,1788913644.737,0.0028,0.0028,0.0007,0.237,0,0,0.632,0.612,0,1
inj_meas_q060,meas,0.06,E22,20.0,2,1788913656.737,0.002,0.0058,0.0058,2.1,0,0,0.884,0.782,0,2
inj_meas_q060,meas,0.06,E23,20.0,5,1788913668.737,0.0014,0.0081,0.0019,0.545,0,0,1.509,1.193,3,2
inj_meas_q060,meas,0.06,E24,45.0,1,1788913680.737,-0.0008,0.0091,0.0091,0.793,0,0,1.415,1.186,0,1
inj_meas_q060,meas,0.06,E25,45.0,2,1788913692.737,0.006,0.006,0.0012,0.24,0,0,2.173,1.152,0,2
inj_meas_q060,meas,0.06,E26,45.0,5,1788913704.737,-0.0042,0.0136,0.0199,1.097,0,0,1.333,1.176,3,2
inj_meas_q060,meas,0.06,E27,90.0,1,1788913716.737,0.0,0.0017,0.0002,0.345,0,0,1.28,1.275,0,1
inj_meas_q060,meas,0.06,E28,90.0,2,1788913728.737,-0.0002,0.0118,0.0202,1.199,0,0,3.147,2.464,0,2
inj_meas_q060,meas,0.06,E29,90.0,5,1788913740.737,0.0053,0.0065,0.0005,0.446,0,0,0.752,0.764,3,2
inj_meas_q060,meas,0.06,E30,5.0,1,1788913752.737,0.0015,0.0295,0.0097,0.499,0,0,4.589,4.732,0,0
inj_meas_q060,meas,0.06,E31,5.0,2,1788913764.737,0.0268,0.0319,0.0026,0.553,0,0,2.878,4.618,0,0
inj_meas_q060,meas,0.06,E32,5.0,5,1788912802.737,0.0317,0.0319,0.0,1.037,0,0,4.754,6.051,0,0
inj_meas_q060,meas,0.06,E33,10.0,1,1788912814.737,-0.0006,0.0688,0.0084,0.484,0,0,10.738,10.036,0,0
inj_meas_q060,meas,0.06,E34,10.0,2,1788912826.737,0.0633,0.0637,0.0001,0.533,0,0,10.155,10.162,0,0
inj_meas_q060,meas,0.06,E35,10.0,5,1788912838.737,0.0012,0.0657,0.0025,1.38,0,0,10.334,10.166,0,0
inj_meas_q060,meas,0.06,E36,20.0,1,1788912850.737,0.0,0.0,0.0,0.625,0,0,0.149,0.166,0,1
inj_meas_q060,meas,0.06,E37,20.0,2,1788912862.737,0.0002,0.0032,0.0032,2.08,0,0,0.491,0.333,0,2
inj_meas_q060,meas,0.06,E38,20.0,5,1788912874.737,0.0,0.0007,0.0002,0.725,0,0,0.306,0.282,3,2
inj_meas_q060,meas,0.06,E39,45.0,1,1788912886.737,0.001,0.0027,0.0036,1.573,0,0,0.564,0.494,0,1
inj_meas_q060,meas,0.06,E40,45.0,2,1788911908.737,0.0017,0.003,0.003,0.982,0,0,0.425,0.431,0,2
inj_meas_q060,meas,0.06,E41,45.0,5,1788911920.737,0.002,0.0021,0.0009,0.22,0,0,0.13,0.184,3,2
inj_meas_q060,meas,0.06,E42,90.0,1,1788911932.737,0.0016,0.0023,0.0023,1.876,0,0,0.287,0.361,0,1
inj_meas_q060,meas,0.06,E43,90.0,2,1788911944.737,-0.0005,0.0009,0.0009,1.519,0,0,0.144,0.151,0,2
inj_meas_q060,meas,0.06,E44,90.0,5,1788911956.737,0.002,0.0031,0.0006,0.961,0,0,0.337,0.34,3,2
inj_meas_q060,meas,0.06,_RUN_,,,,,0.0002,0.0003,0.1218,0,0,,,92,9
inj_meas_q1e3,meas,0.001,E00,5.0,1,1788913392.737,0.024,0.0241,0.0084,0.361,0,0,4.18,4.198,0,0
inj_meas_q1e3,meas,0.001,E01,5.0,2,1788913404.737,0.0235,0.03,0.0071,0.409,0,0,4.242,5.518,0,0
inj_meas_q1e3,meas,0.001,E02,5.0,5,1788913416.737,0.0236,0.032,0.0177,1.063,0,0,4.174,5.426,0,0
inj_meas_q1e3,meas,0.001,E03,10.0,1,1788913428.737,0.0521,0.0526,0.007,0.315,0,0,6.036,4.313,0,0
inj_meas_q1e3,meas,0.001,E04,10.0,2,1788913440.737,0.0481,0.0605,0.0096,0.564,0,0,7.841,8.963,0,0
inj_meas_q1e3,meas,0.001,E05,10.0,5,1788913452.737,0.0317,0.0643,0.0014,1.216,0,0,6.666,8.753,0,0
inj_meas_q1e3,meas,0.001,E06,20.0,1,1788913464.737,-0.0003,0.0081,0.0357,1.068,0,0,4.32,4.977,0,1
inj_meas_q1e3,meas,0.001,E07,20.0,2,1788913476.737,0.0318,0.0358,0.0265,0.52,0,0,6.816,7.026,0,2
inj_meas_q1e3,meas,0.001,E08,20.0,5,1788913488.737,0.0319,0.0609,0.061,1.974,0,0,7.388,30.254,3,3
inj_meas_q1e3,meas,0.001,E09,45.0,1,1788913500.737,0.0049,0.008,0.008,1.22,0,0,4.258,7.708,0,1
inj_meas_q1e3,meas,0.001,E10,45.0,2,1788913512.737,0.0096,0.0215,0.0138,0.47,0,0,2.803,5.199,0,2
inj_meas_q1e3,meas,0.001,E11,45.0,5,1788913524.737,0.0114,0.0132,0.0066,0.324,0,0,0.966,1.239,3,2
inj_meas_q1e3,meas,0.001,E12,90.0,1,1788913536.737,0.0072,0.0109,0.0023,0.575,0,0,1.006,1.396,0,1
inj_meas_q1e3,meas,0.001,E13,90.0,2,1788913548.737,0.004,0.0067,0.0021,0.425,0,0,1.107,1.395,0,2
inj_meas_q1e3,meas,0.001,E14,90.0,5,1788913560.737,0.0008,0.0065,0.0027,0.478,0,0,0.491,0.433,3,2
inj_meas_q1e3,meas,0.001,E15,5.0,1,1788913572.737,0.0247,0.0249,0.0011,0.333,0,0,3.748,3.624,0,0
inj_meas_q1e3,meas,0.001,E16,5.0,2,1788913584.737,0.0024,0.0305,0.0008,0.787,0,0,3.45,4.783,0,0
inj_meas_q1e3,meas,0.001,E17,5.0,5,1788913596.737,0.0253,0.0316,0.0007,1.034,0,0,4.09,5.239,0,0
inj_meas_q1e3,meas,0.001,E18,10.0,1,1788913608.737,-0.0009,0.0469,0.0006,0.486,0,0,7.649,7.463,0,0
inj_meas_q1e3,meas,0.001,E19,10.0,2,1788913620.737,0.0482,0.0597,0.0015,0.743,0,0,7.281,9.281,0,0
inj_meas_q1e3,meas,0.001,E20,10.0,5,1788913632.737,0.0016,0.0626,0.0019,1.194,0,0,8.648,9.924,0,0
inj_meas_q1e3,meas,0.001,E21,20.0,1,1788913644.737,0.0026,0.0028,0.001,0.237,0,0,0.515,0.488,0,1
inj_meas_q1e3,meas,0.001,E22,20.0,2,1788913656.737,0.0022,0.0056,0.0013,2.1,0,0,0.641,0.482,0,2
inj_meas_q1e3,meas,0.001,E23,20.0,5,1788913668.737,0.0005,0.0081,0.0021,0.545,0,0,1.141,1.001,3,2
inj_meas_q1e3,meas,0.001,E24,45.0,1,1788913680.737,-0.0011,0.0081,0.0018,0.793,0,0,1.0,0.913,0,1
inj_meas_q1e3,meas,0.001,E25,45.0,2,1788913692.737,0.0057,0.006,0.0029,0.24,0,0,1.541,1.113,0,2
inj_meas_q1e3,meas,0.001,E26,45.0,5,1788913704.737,-0.0024,0.0135,0.0065,1.097,0,0,0.89,0.988,3,2
inj_meas_q1e3,meas,0.001,E27,90.0,1,1788913716.737,-0.0014,0.0018,0.0013,0.546,0,0,0.947,1.059,0,1
inj_meas_q1e3,meas,0.001,E28,90.0,2,1788913728.737,0.0003,0.0111,0.004,1.199,0,0,2.153,1.855,0,2
inj_meas_q1e3,meas,0.001,E29,90.0,5,1788913740.737,0.0042,0.0064,0.0012,0.446,0,0,0.617,0.635,3,2
inj_meas_q1e3,meas,0.001,E30,5.0,1,1788913752.737,0.0054,0.0076,0.0033,0.298,0,0,2.945,4.119,0,0
inj_meas_q1e3,meas,0.001,E31,5.0,2,1788913764.737,0.0194,0.032,0.0093,0.553,0,0,2.47,4.412,0,0
inj_meas_q1e3,meas,0.001,E32,5.0,5,1788912802.737,0.0286,0.0334,0.001,1.037,0,0,4.257,6.09,0,0
inj_meas_q1e3,meas,0.001,E33,10.0,1,1788912814.737,-0.0008,0.0628,0.001,0.484,0,0,8.889,9.112,0,0
inj_meas_q1e3,meas,0.001,E34,10.0,2,1788912826.737,0.0567,0.066,0.0024,0.533,0,0,9.126,10.501,0,0
inj_meas_q1e3,meas,0.001,E35,10.0,5,1788912838.737,0.055,0.0662,0.0004,1.38,0,0,9.272,10.276,0,0
inj_meas_q1e3,meas,0.001,E36,20.0,1,1788912850.737,-0.0001,0.0002,0.0005,0.625,0,0,0.115,0.135,0,1
inj_meas_q1e3,meas,0.001,E37,20.0,2,1788912862.737,0.0001,0.0028,0.0012,2.08,0,0,0.34,0.186,0,2
inj_meas_q1e3,meas,0.001,E38,20.0,5,1788912874.737,0.0,0.0007,0.0008,0.725,0,0,0.23,0.225,3,2
inj_meas_q1e3,meas,0.001,E39,45.0,1,1788912886.737,0.0007,0.0014,0.0033,1.974,0,0,0.4,0.326,0,1
inj_meas_q1e3,meas,0.001,E40,45.0,2,1788911908.737,-0.0008,0.003,0.0007,0.982,0,0,0.243,0.418,0,2
inj_meas_q1e3,meas,0.001,E41,45.0,5,1788911920.737,0.0021,0.0021,0.0011,0.22,0,0,0.095,0.177,3,2
inj_meas_q1e3,meas,0.001,E42,90.0,1,1788911932.737,0.0015,0.0017,0.0027,1.073,0,0,0.307,0.378,0,1
inj_meas_q1e3,meas,0.001,E43,90.0,2,1788911944.737,-0.0006,0.0011,0.0004,1.519,0,0,0.108,0.142,0,2
inj_meas_q1e3,meas,0.001,E44,90.0,5,1788911956.737,0.0006,0.0031,0.0011,0.961,0,0,0.289,0.325,3,2
inj_meas_q1e3,meas,0.001,_RUN_,,,,,0.001,0.0008,0.1202,0,0,,,92,9
inj_meas_q1e4,meas,0.0001,E00,5.0,1,1788913392.737,0.0173,0.0174,0.0048,0.361,0,0,3.14,3.161,0,0
inj_meas_q1e4,meas,0.0001,E01,5.0,2,1788913404.737,0.0087,0.0192,0.0139,0.409,0,0,1.773,3.481,0,0
inj_meas_q1e4,meas,0.0001,E02,5.0,5,1788913416.737,0.0113,0.0289,0.0169,1.063,0,0,2.091,4.455,0,0
inj_meas_q1e4,meas,0.0001,E03,10.0,1,1788913428.737,0.0386,0.0399,0.0153,0.515,0,0,2.273,4.223,0,0
inj_meas_q1e4,meas,0.0001,E04,10.0,2,1788913440.737,0.0306,0.0477,0.0096,0.764,0,0,5.096,6.298,0,0
inj_meas_q1e4,meas,0.0001,E05,10.0,5,1788913452.737,0.0191,0.0608,0.0049,1.216,0,0,5.435,7.592,0,0
inj_meas_q1e4,meas,0.0001,E06,20.0,1,1788913464.737,-0.0025,0.0199,0.0332,1.068,0,0,2.072,3.666,0,1
inj_meas_q1e4,meas,0.0001,E07,20.0,2,1788913476.737,0.0132,0.0313,0.031,2.128,0,0,3.282,3.039,0,2
inj_meas_q1e4,meas,0.0001,E08,20.0,5,1788913488.737,0.0278,0.0667,0.0547,1.974,0,0,5.659,26.231,3,3
inj_meas_q1e4,meas,0.0001,E09,45.0,1,1788913500.737,0.0055,0.0253,0.0251,1.22,0,0,2.64,5.988,0,1
inj_meas_q1e4,meas,0.0001,E10,45.0,2,1788913512.737,0.0081,0.0236,0.0213,0.47,0,0,1.322,5.372,0,2
inj_meas_q1e4,meas,0.0001,E11,45.0,5,1788913524.737,0.0079,0.0123,0.007,0.324,0,0,0.478,1.015,3,2
inj_meas_q1e4,meas,0.0001,E12,90.0,1,1788913536.737,0.0054,0.0071,0.0072,0.575,0,0,0.487,0.917,0,1
inj_meas_q1e4,meas,0.0001,E13,90.0,2,1788913548.737,0.0005,0.0058,0.0049,0.425,0,0,0.562,0.967,0,2
inj_meas_q1e4,meas,0.0001,E14,90.0,5,1788913560.737,0.0014,0.007,0.0064,0.478,0,0,0.256,0.304,3,2
inj_meas_q1e4,meas,0.0001,E15,5.0,1,1788913572.737,0.0127,0.0144,0.0016,0.536,0,0,1.925,1.868,0,0
inj_meas_q1e4,meas,0.0001,E16,5.0,2,1788913584.737,0.0138,0.0194,0.0034,0.585,0,0,1.811,3.193,0,0
inj_meas_q1e4,meas,0.0001,E17,5.0,5,1788913596.737,0.0136,0.0304,0.0014,1.235,0,0,1.911,4.857,0,0
inj_meas_q1e4,meas,0.0001,E18,10.0,1,1788913608.737,0.0257,0.0261,0.0029,0.286,0,0,3.969,3.915,0,0
inj_meas_q1e4,meas,0.0001,E19,10.0,2,1788913620.737,0.0017,0.0387,0.0031,0.944,0,0,3.453,4.839,0,0
inj_meas_q1e4,meas,0.0001,E20,10.0,5,1788913632.737,0.027,0.0584,0.0057,1.394,0,0,4.331,9.218,0,0
inj_meas_q1e4,meas,0.0001,E21,20.0,1,1788913644.737,0.0001,0.0046,0.0028,1.442,0,0,0.295,0.605,0,1
inj_meas_q1e4,meas,0.0001,E22,20.0,2,1788913656.737,0.0026,0.0033,0.0053,2.1,0,0,0.331,0.197,0,2
inj_meas_q1e4,meas,0.0001,E23,20.0,5,1788913668.737,-0.0015,0.0073,0.0051,0.545,0,0,0.538,0.443,3,2
inj_meas_q1e4,meas,0.0001,E24,45.0,1,1788913680.737,-0.0007,0.004,0.004,0.793,0,0,0.422,0.618,0,1
inj_meas_q1e4,meas,0.0001,E25,45.0,2,1788913692.737,0.0058,0.0077,0.0096,1.246,0,0,0.579,0.924,0,2
inj_meas_q1e4,meas,0.0001,E26,45.0,5,1788913704.737,0.0004,0.0128,0.0151,1.097,0,0,0.428,0.716,3,2
inj_meas_q1e4,meas,0.0001,E27,90.0,1,1788913716.737,-0.0042,0.0074,0.0042,0.747,0,0,0.466,0.611,0,1
inj_meas_q1e4,meas,0.0001,E28,90.0,2,1788913728.737,0.0019,0.0089,0.0143,1.401,0,0,0.921,0.924,0,2
inj_meas_q1e4,meas,0.0001,E29,90.0,5,1788913740.737,-0.0001,0.006,0.0033,2.051,0,0,0.387,0.489,3,2
inj_meas_q1e4,meas,0.0001,E30,5.0,1,1788913752.737,0.0089,0.015,0.0069,0.298,0,0,1.77,2.407,0,0
inj_meas_q1e4,meas,0.0001,E31,5.0,2,1788913764.737,0.0066,0.0252,0.0071,0.553,0,0,1.427,3.082,0,0
inj_meas_q1e4,meas,0.0001,E32,5.0,5,1788912802.737,0.0014,0.0406,0.0016,1.238,0,0,3.986,6.149,0,0
inj_meas_q1e4,meas,0.0001,E33,10.0,1,1788912814.737,0.0541,0.0541,0.0083,0.284,0,0,8.391,8.632,0,0
inj_meas_q1e4,meas,0.0001,E34,10.0,2,1788912826.737,0.0532,0.0689,0.0036,0.734,0,0,8.569,10.753,0,0
inj_meas_q1e4,meas,0.0001,E35,10.0,5,1788912838.737,0.053,0.0683,0.0025,1.179,0,0,8.716,10.502,0,0
inj_meas_q1e4,meas,0.0001,E36,20.0,1,1788912850.737,-0.0001,0.0005,0.0005,1.227,0,0,0.051,0.079,0,1
inj_meas_q1e4,meas,0.0001,E37,20.0,2,1788912862.737,0.0001,0.0014,0.0024,2.08,0,0,0.151,0.132,0,2
inj_meas_q1e4,meas,0.0001,E38,20.0,5,1788912874.737,-0.0001,0.0009,0.0011,1.93,0,0,0.139,0.077,3,2
inj_meas_q1e4,meas,0.0001,E39,45.0,1,1788912886.737,0.0004,0.0017,0.0027,2.174,0,0,0.168,0.103,0,1
inj_meas_q1e4,meas,0.0001,E40,45.0,2,1788911908.737,-0.001,0.002,0.0024,0.982,0,0,0.107,0.312,0,2
inj_meas_q1e4,meas,0.0001,E41,45.0,5,1788911920.737,0.0019,0.002,0.0016,0.22,0,0,0.063,0.135,3,2
inj_meas_q1e4,meas,0.0001,E42,90.0,1,1788911932.737,0.0015,0.0023,0.0026,0.668,0,0,0.11,0.191,0,1
inj_meas_q1e4,meas,0.0001,E43,90.0,2,1788911944.737,-0.0004,0.0012,0.0012,1.519,0,0,0.118,0.11,0,2
inj_meas_q1e4,meas,0.0001,E44,90.0,5,1788911956.737,-0.0001,0.0026,0.001,0.961,0,0,0.248,0.264,3,2
inj_meas_q1e4,meas,0.0001,_RUN_,,,,,0.0017,0.0017,0.1142,0,0,,,92,9
inj_meas_q1e5,meas,1e-05,E00,5.0,1,1788913392.737,0.0028,0.0071,0.0059,1.967,0,0,0.83,0.806,0,0
inj_meas_q1e5,meas,1e-05,E01,5.0,2,1788913404.737,0.001,0.0251,0.0201,1.212,0,0,0.694,2.752,0,0
inj_meas_q1e5,meas,1e-05,E02,5.0,5,1788913416.737,0.0019,0.0227,0.0134,1.063,0,0,0.73,1.854,0,0
inj_meas_q1e5,meas,1e-05,E03,10.0,1,1788913428.737,0.0302,0.0352,0.0214,0.716,0,0,0.948,3.78,0,0
inj_meas_q1e5,meas,1e-05,E04,10.0,2,1788913440.737,0.0095,0.0267,0.0107,0.764,0,0,1.798,2.879,0,0
inj_meas_q1e5,meas,1e-05,E05,10.0,5,1788913452.737,0.003,0.0495,0.0105,2.22,0,0,1.646,4.164,0,0
inj_meas_q1e5,meas,1e-05,E06,20.0,1,1788913464.737,-0.0007,0.026,0.0262,1.068,0,0,0.779,1.993,0,1
inj_meas_q1e5,meas,1e-05,E07,20.0,2,1788913476.737,-0.0143,0.0438,0.0327,2.328,0,0,1.332,2.352,0,2
inj_meas_q1e5,meas,1e-05,E08,20.0,5,1788913488.737,0.0317,0.1289,0.1112,2.175,0,0,3.618,18.945,3,3
inj_meas_q1e5,meas,1e-05,E09,45.0,1,1788913500.737,-0.0006,0.038,0.0357,1.421,0,0,1.245,3.566,0,1
inj_meas_q1e5,meas,1e-05,E10,45.0,2,1788913512.737,0.0083,0.029,0.0284,0.671,0,0,1.688,5.453,0,2
inj_meas_q1e5,meas,1e-05,E11,45.0,5,1788913524.737,0.0023,0.0085,0.0097,0.726,0,0,0.2,0.695,3,2
inj_meas_q1e5,meas,1e-05,E12,90.0,1,1788913536.737,0.0048,0.0098,0.0056,0.575,0,0,0.259,0.699,0,1
inj_meas_q1e5,meas,1e-05,E13,90.0,2,1788913548.737,-0.0017,0.0061,0.007,1.228,0,0,0.506,0.737,0,2
inj_meas_q1e5,meas,1e-05,E14,90.0,5,1788913560.737,0.0019,0.0083,0.008,0.478,0,0,0.097,0.227,3,2
inj_meas_q1e5,meas,1e-05,E15,5.0,1,1788913572.737,0.008,0.0088,0.002,0.333,0,0,1.141,1.094,0,0
inj_meas_q1e5,meas,1e-05,E16,5.0,2,1788913584.737,0.003,0.0139,0.0033,0.787,0,0,1.44,2.151,0,0
inj_meas_q1e5,meas,1e-05,E17,5.0,5,1788913596.737,0.004,0.0159,0.0023,1.034,0,0,0.765,3.106,0,0
inj_meas_q1e5,meas,1e-05,E18,10.0,1,1788913608.737,-0.0001,0.0076,0.0033,0.486,0,0,1.566,1.586,0,0
inj_meas_q1e5,meas,1e-05,E19,10.0,2,1788913620.737,0.0086,0.0162,0.0039,0.944,0,0,1.424,2.86,0,0
inj_meas_q1e5,meas,1e-05,E20,10.0,5,1788913632.737,0.0025,0.0443,0.0054,1.997,0,0,1.628,5.791,0,0
inj_meas_q1e5,meas,1e-05,E21,20.0,1,1788913644.737,-0.001,0.0038,0.004,1.442,0,0,0.113,0.305,0,1
inj_meas_q1e5,meas,1e-05,E22,20.0,2,1788913656.737,0.0015,0.0051,0.0048,2.1,0,0,0.133,0.086,0,2
inj_meas_q1e5,meas,1e-05,E23,20.0,5,1788913668.737,0.0017,0.008,0.0064,0.545,0,0,0.209,0.106,3,2
inj_meas_q1e5,meas,1e-05,E24,45.0,1,1788913680.737,-0.0006,0.006,0.0061,0.793,0,0,0.179,0.373,0,1
inj_meas_q1e5,meas,1e-05,E25,45.0,2,1788913692.737,0.006,0.0071,0.0066,1.246,0,0,0.225,0.46,0,2
inj_meas_q1e5,meas,1e-05,E26,45.0,5,1788913704.737,0.0007,0.0118,0.013,1.097,0,0,0.153,0.444,3,2
inj_meas_q1e5,meas,1e-05,E27,90.0,1,1788913716.737,-0.0024,0.0064,0.0062,0.747,0,0,0.193,0.241,0,1
inj_meas_q1e5,meas,1e-05,E28,90.0,2,1788913728.737,0.0021,0.0138,0.011,1.401,0,0,0.341,0.443,0,2
inj_meas_q1e5,meas,1e-05,E29,90.0,5,1788913740.737,-0.0007,0.005,0.0047,2.051,0,0,0.167,0.368,3,2
inj_meas_q1e5,meas,1e-05,E30,5.0,1,1788913752.737,-0.0064,0.0076,0.0061,1.706,0,0,0.744,0.966,0,0
inj_meas_q1e5,meas,1e-05,E31,5.0,2,1788913764.737,0.0001,0.0169,0.0083,0.553,0,0,0.991,1.666,0,0
inj_meas_q1e5,meas,1e-05,E32,5.0,5,1788912802.737,0.0265,0.0344,0.0016,1.037,0,0,3.941,6.16,0,0
inj_meas_q1e5,meas,1e-05,E33,10.0,1,1788912814.737,-0.0009,0.0591,0.0083,0.484,0,0,8.309,8.553,0,0
inj_meas_q1e5,meas,1e-05,E34,10.0,2,1788912826.737,0.0527,0.0679,0.0038,0.533,0,0,8.475,10.797,0,0
inj_meas_q1e5,meas,1e-05,E35,10.0,5,1788912838.737,0.0524,0.0686,0.0025,1.38,0,0,8.624,10.544,0,0
inj_meas_q1e5,meas,1e-05,E36,20.0,1,1788912850.737,-0.0001,0.0006,0.0006,1.227,0,0,0.019,0.042,0,1
inj_meas_q1e5,meas,1e-05,E37,20.0,2,1788912862.737,0.0001,0.0021,0.0021,2.08,0,0,0.054,0.086,0,2
inj_meas_q1e5,meas,1e-05,E38,20.0,5,1788912874.737,-0.0001,0.0011,0.0013,1.93,0,0,0.045,0.047,3,2
inj_meas_q1e5,meas,1e-05,E39,45.0,1,1788912886.737,0.0001,0.0024,0.002,2.174,0,0,0.066,0.128,0,1
inj_meas_q1e5,meas,1e-05,E40,45.0,2,1788911908.737,-0.002,0.0018,0.0017,0.982,0,0,0.055,0.141,0,2
inj_meas_q1e5,meas,1e-05,E41,45.0,5,1788911920.737,0.0015,0.0018,0.0016,0.22,0,0,0.03,0.047,3,2
inj_meas_q1e5,meas,1e-05,E42,90.0,1,1788911932.737,0.0011,0.0025,0.0031,0.668,0,0,0.071,0.106,0,1
inj_meas_q1e5,meas,1e-05,E43,90.0,2,1788911944.737,-0.0002,0.0018,0.0018,1.519,0,0,0.028,0.044,0,2
inj_meas_q1e5,meas,1e-05,E44,90.0,5,1788911956.737,-0.0014,0.0018,0.0012,0.961,0,0,0.059,0.132,3,2
inj_meas_q1e5,meas,1e-05,_RUN_,,,,,0.0028,0.0023,0.1142,0,0,,,92,9
