bag,n_frames,duration_s,odom_hz,fixed_frames,hdok_false_frames,has_fix,fix_origin,imu_topic,imu_hz,dpsi_med,dpsi_p90,dpsi_p99,dpsi_max,n_straight,straight_p99,straight_max,straight_med,n_turn,turn_p99,turn_max,turn_med,n_slow,slow_p99,slow_max,slow_med,n_na,na_p99,na_max,na_med,n_imu_straight,imu_straight_p99,imu_straight_max,n_imu_turn,imu_turn_p99,imu_turn_max,n_gt5,n_gt10,n_gt20,n_gt45,max_dp_pub,max_dp_ant,max_dp_fix,gyro_p99_deg_frame,gyro_max_deg_frame,runtime_s,gyro_p99_deg_frame_filt,gyro_max_deg_frame_filt,gyro_bad_samples,pstep_5cm,pstep_10cm,pstep_20cm,pstep_30cm
concrete_20260826_2026-08-26-17-52-24.bag,9586,1917.0,5.00,9586,0,0,,/ch110/data_raw,85.0,0.1661,0.4909,3.6667,32.4422,1086,1.6758,10.2601,0.2108,405,13.1348,14.2672,1.8810,8080,1.0478,32.4422,0.1537,14,0.4529,0.4781,0.1300,7681,1.1642,32.4422,448,12.9918,14.2672,85,49,2,0,0.3140,0.3143,0.0000,6.9878,13.9318,6.3,6.9877,13.9320,0,2,1,1,0
demo_0824_2026-08-24-18-39-18.bag,1689,337.4,5.01,1689,0,0,,,0.0,0.1863,0.8850,2.8981,4.2924,1040,0.7082,0.9848,0.1833,196,3.6183,4.2924,1.9520,438,0.7785,1.2751,0.1225,14,0.3125,0.3272,0.1178,0,nan,nan,0,nan,nan,0,0,0,0,0.0919,0.0992,0.0000,,,0.5,,,0,0,0,0,0
fixed_0824_2026-08-24-17-36-06.bag,9026,1805.1,5.00,9026,0,0,,,0.0,0.2579,1.6135,9.0426,13.8241,4189,0.9083,12.6699,0.2038,2184,11.5288,13.8241,1.2177,2638,8.6106,12.7870,0.1876,14,0.3965,0.4164,0.1423,0,nan,nan,0,nan,nan,195,79,0,0,0.3044,0.3093,0.0000,,,2.9,,,0,0,0,0,0
fusion_20260825_132239_2026-08-25-13-22-39.bag,774,154.7,5.00,774,0,0,,/ch110/data_raw,100.1,0.1902,10.5406,12.6144,13.5952,147,1.5533,1.6722,0.2487,41,13.5402,13.5952,3.1177,571,12.3737,13.2107,0.1671,14,0.2176,0.2222,0.0984,600,1.3405,2.6860,159,13.3144,13.5952,95,86,0,0,0.3063,0.3093,0.0000,12.7716,13.2286,1.5,12.7719,13.2284,0,0,0,0,0
newfield_20260826_2026-08-26-16-36-00.bag,14931,2986.0,5.00,14931,0,0,,/ch110/data_raw,90.4,0.1966,0.7188,5.5274,14.3077,2456,2.1367,8.9683,0.3342,443,12.5647,14.3077,1.2346,12017,4.7220,13.8422,0.1733,14,0.3382,0.3483,0.1041,12708,1.8408,10.5448,767,12.8668,14.3077,191,55,0,0,0.3288,0.3321,0.0000,6.8809,16.6587,10.4,6.8813,16.6582,0,0,0,0,0
orchard3src_20260826_2026-08-26-10-02-59.bag,4200,839.8,5.00,4200,0,0,,/ch110/data_raw,100.0,1.1429,4.5554,12.0018,15.5060,2068,6.1253,12.9156,1.0148,1731,12.5761,15.5060,1.6227,386,14.0879,14.6122,0.4903,14,2.4712,2.5278,0.9236,2320,5.8762,11.8265,1864,12.8888,15.5060,376,105,0,0,0.3379,0.3456,0.0000,12.7019,15.6491,3.5,12.7021,15.6486,0,1,0,0,0
orchard_20260826_2026-08-26-08-31-44.bag,4293,858.5,5.00,4293,0,0,,/ch110/data_raw,100.0,1.1125,4.4951,11.9668,15.5060,2065,6.1255,12.9156,1.0146,1733,12.5713,15.5060,1.6227,480,13.7568,14.6122,0.4072,14,2.4712,2.5278,0.9236,2420,5.6097,11.8265,1858,12.8913,15.5060,376,105,0,0,0.3379,0.3456,0.0000,12.6692,15.6491,8.2,12.6693,15.6486,0,1,0,0,0
quad_20260825_2026-08-25-17-03-46.bag,1932,386.8,4.99,1932,0,0,,/ch110/data_raw,99.8,0.3575,1.1858,12.3027,14.6175,313,1.5685,1.8278,0.3349,0,nan,nan,nan,1604,12.3481,14.6175,0.3709,14,0.7916,0.8231,0.2284,1827,1.7726,3.3570,88,13.4558,14.6175,59,58,0,0,0.3103,0.3134,0.0000,12.4616,13.6537,3.7,12.4615,13.6536,0,0,0,0,0
r03_0824_2026-08-24-19-13-50.bag,1313,262.5,5.00,1313,0,0,,,0.0,0.1957,0.6141,3.0349,3.9717,1,0.1709,0.1709,0.1709,1,1.4431,1.4431,1.4431,1296,3.0475,3.9717,0.1955,14,0.4279,0.4318,0.2380,0,nan,nan,0,nan,nan,0,0,0,0,0.0429,0.0559,0.0000,,,0.4,,,0,0,0,0,0
repeat5_0819_2026-08-19-17-48-18.bag,3270,653.6,5.00,3085,0,0,,,0.0,0.2458,0.6996,2.3534,12.9276,991,2.3714,9.1625,0.3186,235,9.5297,12.9276,0.4913,2029,1.5891,2.3525,0.2034,14,0.6325,0.6496,0.2747,0,nan,nan,0,nan,nan,10,1,0,0,0.5796,0.5789,0.0000,,,1.1,,,0,0,0,0,0
repeat_0824_2026-08-24-17-15-53.bag,3155,630.6,5.00,3155,0,0,,,0.0,0.1545,0.4306,1.0813,2.7867,168,0.9640,1.1661,0.2084,42,1.8507,1.9620,0.5826,2930,1.0317,2.7867,0.1526,14,1.2052,1.2900,0.3436,0,nan,nan,0,nan,nan,0,0,0,0,0.0708,0.0788,0.0000,,,0.9,,,0,0,0,0,0
run_20260826_2026-08-26-19-52-27.bag,768,153.2,5.01,0,0,0,,/ch110/data_raw,96.8,0.3473,0.8377,1.4778,1.8127,15,0.8118,0.8371,0.3916,0,nan,nan,nan,738,1.4807,1.8127,0.3463,14,0.6967,0.7312,0.3051,726,1.4818,1.8127,0,nan,nan,0,0,0,0,1.0441,1.0455,0.0000,0.0308,0.0438,0.5,0.0309,0.0435,0,0,0,0,0
run_20260826_2026-08-26-19-56-35.bag,1107,222.2,4.98,0,0,0,,/ch110/data_raw,84.2,0.3658,0.8991,1.6281,6.1064,0,nan,nan,nan,0,nan,nan,nan,1092,1.6512,6.1064,0.3681,14,0.9565,0.9750,0.3418,919,1.3624,1.6310,0,nan,nan,1,0,0,0,0.0479,0.0518,0.0000,0.0297,0.0385,0.6,0.0298,0.0390,0,0,0,0,0
run_20260826_2026-08-26-20-01-01.bag,1840,367.5,5.01,0,0,0,,/ch110/data_raw,97.1,0.3405,0.8372,1.3122,1.8467,0,nan,nan,nan,0,nan,nan,nan,1825,1.3124,1.8467,0.3405,14,0.7133,0.7211,0.3277,1769,1.3183,1.8467,0,nan,nan,0,0,0,0,0.0122,0.0105,0.0000,0.0307,0.0981,1.2,0.0309,0.0985,0,0,0,0,0
run_20260827_2026-08-27-18-54-23.bag,11153,2230.2,5.00,11153,0,0,,/ch110/data_raw,98.1,0.2859,1.0639,5.1942,12.7299,5907,0.9770,2.5789,0.2426,86,12.2127,12.7299,1.0666,5144,5.3693,9.0548,0.3699,15,0.8285,0.8581,0.2279,9200,1.1946,9.0548,1725,5.6867,12.7299,213,5,0,0,0.3033,0.3049,0.0000,5.4713,12.8601,8.4,5.4714,12.8606,0,1,0,0,0
run_20260828_2026-08-28-10-16-47.bag,29355,6022.0,4.87,18042,0,0,,/ch110/data_raw,99.9,0.2627,1.4588,7.8772,168.2874,3089,7.3505,146.2451,0.6113,1917,19.2767,168.2874,1.7603,24333,3.6924,62.7413,0.2207,15,0.6650,0.7149,0.0648,27219,4.1596,83.6299,2082,19.7044,168.2874,604,192,28,10,2.1764,2.3605,0.0000,8.1627,15.6237,23.2,8.1626,15.6234,0,17,7,2,2
run_20260828_2026-08-28-16-38-15.bag,10999,2199.7,5.00,10999,0,0,,/ch110/data_raw,82.1,0.6766,3.7514,10.8884,123.4849,3561,8.7932,35.2012,1.4273,872,23.7738,123.4849,2.1241,6551,8.5696,28.0138,0.3988,14,1.9312,1.9963,0.6280,7955,8.8466,38.0238,1062,14.2471,28.0138,602,129,23,3,1.7898,1.7954,0.0000,5.3673,14.0539,14.5,5.3675,14.0535,0,13,3,2,2
run_20260829_2026-08-29-09-12-05.bag,15714,3142.6,5.00,13499,0,0,,/ch110/data_raw,85.7,0.2117,2.0569,7.5142,175.7729,2408,7.2599,26.3912,1.0245,1205,40.1586,175.7729,1.4846,12086,5.2480,64.9576,0.1562,14,0.6944,0.7057,0.4519,11697,5.6871,175.7729,1755,16.6618,104.5554,384,91,33,14,2.5031,2.5018,0.0000,7.0283,14.4160,21.9,7.0280,14.4156,0,10,4,3,2
run_20260830_2026-08-30-09-41-47.bag,448,89.5,5.01,448,0,0,,/ch110/data_raw,46.6,0.1898,0.4470,0.6529,1.2455,0,nan,nan,nan,0,nan,nan,nan,433,0.6503,1.2455,0.1895,14,0.6223,0.6523,0.2213,193,0.6353,0.7578,0,nan,nan,0,0,0,0,0.0089,0.0106,0.0000,0.0486,0.1187,0.2,0.0486,0.1192,0,0,0,0,0
run_20260830_2026-08-30-09-44-06.bag,3748,749.5,5.00,3748,0,0,,/ch110/data_raw,93.8,0.1862,0.4517,0.7351,1.8667,0,nan,nan,nan,0,nan,nan,nan,3733,0.7351,1.8667,0.1862,14,0.4176,0.4394,0.1889,3501,0.7446,1.8667,0,nan,nan,0,0,0,0,0.0136,0.0124,0.0000,0.0304,0.1528,7.3,0.0309,0.1524,0,0,0,0,0
run_20260830_2026-08-30-10-12-33.bag,621,124.1,5.00,621,0,0,,/ch110/data_raw,87.3,0.2450,1.8666,11.9855,13.4646,28,10.1648,10.7274,0.3732,86,13.2289,13.4646,0.8170,492,11.5973,12.8689,0.2191,14,0.5758,0.5925,0.0938,365,0.9962,8.6436,161,12.9963,13.4646,45,27,0,0,0.2606,0.2619,0.0000,12.6191,13.3217,1.0,12.6193,13.3213,0,0,0,0,0
run_20260830_2026-08-30-10-15-08.bag,2456,491.0,5.00,2456,0,0,,/ch110/data_raw,97.5,0.2361,0.9633,5.2355,5.9548,1138,0.9215,1.3057,0.2280,24,1.4215,1.4646,0.3921,1279,5.4105,5.9548,0.2423,14,0.6445,0.6730,0.2397,2007,1.0892,4.3308,370,5.7375,5.9548,49,0,0,0,0.0704,0.0695,0.0000,5.5625,6.0324,4.8,5.5627,6.0321,0,0,0,0,0
run_20260830_2026-08-30-10-35-18.bag,25356,5070.9,5.00,25356,0,0,,/ch110/data_raw,99.0,0.3408,4.5113,5.4313,7.0293,17517,4.3188,6.4330,0.2450,1031,5.4541,6.1334,0.9831,6793,5.7146,7.0293,2.8461,14,0.4340,0.4440,0.2227,18158,4.1535,6.4330,7108,5.7158,7.0293,1081,0,0,0,0.1246,0.1385,0.0000,5.7687,654314905.6000,52.2,5.7677,7.2800,3,0,0,0,0
run_20260830_2026-08-30-17-20-39.bag,3814,762.6,5.00,3814,0,0,,/ch110/data_raw,98.9,0.2443,0.7534,5.0358,34.9011,1964,2.0452,7.1919,0.2581,307,11.1733,34.9011,0.6669,1528,1.5275,3.3882,0.1906,14,0.5782,0.5892,0.2199,3441,1.8168,8.3577,313,11.1273,34.9011,39,7,2,0,0.3313,0.3296,0.0000,6.0209,12.7039,7.2,6.0212,12.7036,0,1,0,0,0
run_20260830_2026-08-30-18-16-30.bag,508,101.4,5.01,200,0,0,,/ch110/data_raw,148.1,0.3792,1.5789,10.3151,18.8772,31,6.5407,7.0709,0.9125,37,17.1699,18.8772,2.7317,425,5.5236,18.4232,0.3502,14,0.8350,0.8351,0.1019,405,5.3675,7.4627,44,18.6820,18.8772,22,8,0,0,1.8121,1.8120,0.0000,9.6131,11.6707,1.3,9.6131,11.6712,0,0,0,0,0
run_20260904_2026-09-04-13-49-34.bag,6073,1214.3,5.00,6073,0,0,,/ch110/data_raw,99.5,0.5369,3.8650,5.1161,7.7824,2835,2.6038,4.7330,0.3837,725,4.0926,6.0135,0.4848,2498,5.4293,7.7824,1.1743,14,0.3639,0.3651,0.1632,3603,3.2368,4.6230,2421,5.4371,7.7824,100,0,0,0,0.3440,0.3411,0.0000,5.3061,7.2434,11.7,5.3059,7.2433,0,0,0,0,0
run_20260906_2026-09-06-08-02-57.bag,3035,607.0,5.00,3035,0,0,,/ch110/data_raw,99.0,0.1899,0.5691,5.0510,12.9966,77,3.6275,3.6333,0.2639,74,5.6844,6.8112,0.6721,2869,5.0491,12.9966,0.1867,14,0.3766,0.3954,0.1055,2698,0.8052,3.8591,289,8.2564,12.9966,38,2,0,0,0.3209,0.3456,0.0000,5.2912,13.0048,6.1,5.2909,13.0050,0,0,0,0,0
run_20260906_2026-09-06-08-13-50.bag,3944,788.7,5.00,3944,0,0,,/ch110/data_raw,99.2,0.5674,4.0851,8.7377,14.3845,1894,3.3325,9.3283,0.5157,646,10.3953,14.3845,1.3594,1389,8.7823,9.8814,0.4486,14,0.5924,0.6197,0.1452,2506,2.7435,9.3283,1389,9.6835,14.3845,275,11,0,0,0.1981,0.2012,0.0000,9.1101,12.9149,6.8,9.1101,12.9145,0,0,0,0,0
run_20260906_2026-09-06-08-28-44.bag,4272,854.2,5.00,4272,0,0,,/ch110/data_raw,96.4,0.5092,3.7848,8.8742,13.8534,2140,2.8393,7.4876,0.4630,658,10.7509,13.8534,1.1631,1459,8.9019,10.5561,0.3944,14,0.4020,0.4162,0.1281,2710,2.7371,7.6140,1393,9.7047,13.8534,278,9,0,0,0.2569,0.2299,0.0000,9.0378,13.3485,6.5,9.0377,13.3488,0,0,0,0,0
run_20260906_2026-09-06-08-43-55.bag,4992,998.1,5.00,4992,0,0,,/ch110/data_raw,98.5,0.4007,3.4872,9.8426,14.4068,2178,2.8242,8.3468,0.4200,700,11.7654,14.0936,1.4430,2099,11.3658,14.4068,0.2772,14,0.6178,0.6522,0.1523,3413,2.5067,8.3468,1486,12.2740,14.4068,325,46,0,0,0.2919,0.2958,0.0000,10.7695,13.5743,8.6,10.7691,13.5745,0,0,0,0,0
run_20260906_2026-09-06-15-26-15.bag,17585,3516.9,5.00,14289,33,0,,/ch110/data_raw,99.8,0.2045,0.9845,5.4381,178.8736,64,21.7057,23.8073,0.5940,125,163.7006,178.8736,3.0231,17381,4.3001,176.9576,0.2025,14,0.8315,0.8486,0.2220,17433,4.8490,178.8736,98,28.5773,85.4066,197,70,37,23,0.8667,0.7246,0.0000,0.0908,14.7963,30.7,0.0910,14.7961,0,42,17,9,8
run_20260906_2026-09-06-16-32-55.bag,17244,3448.5,5.00,17244,0,0,,/ch110/data_raw,99.3,0.3354,4.3076,5.4380,6.3384,11181,4.2055,5.7056,0.2636,685,5.5569,5.9551,1.0278,5363,5.6910,6.3384,1.0064,14,0.7670,0.8184,0.2270,12843,4.0883,5.7056,4269,5.7594,6.3384,660,0,0,0,0.1222,0.1365,0.0000,5.7529,7.1957,31.2,5.7534,7.1952,0,0,0,0,0
run_20260906_2026-09-06-17-50-37.bag,256,51.0,5.02,256,0,0,,/ch110/data_raw,83.9,0.1406,0.3542,0.6867,0.9345,0,nan,nan,nan,0,nan,nan,nan,241,0.6918,0.9345,0.1333,14,0.4854,0.4939,0.1878,198,0.7071,0.9345,0,nan,nan,0,0,0,0,0.0061,0.0076,0.0000,0.0339,0.0401,0.3,0.0337,0.0401,0,0,0,0,0
run_20260906_2026-09-06-17-52-42.bag,10815,2162.8,5.00,10815,0,0,,/ch110/data_raw,98.7,0.3038,4.4670,5.4620,6.2375,7404,4.3071,5.8843,0.2373,533,5.3957,5.6795,0.8548,2863,5.7083,6.2375,2.5248,14,0.5898,0.6316,0.1157,7940,4.1270,5.8843,2720,5.7199,6.2375,471,0,0,0,0.1212,0.1322,0.0000,5.8794,6.6624,19.6,5.8792,6.6624,0,0,0,0,0
run_20260907_2026-09-07-13-07-40.bag,233,46.4,5.03,233,0,0,,/ch110/data_raw,85.4,0.1682,0.4736,1.0786,2.1472,0,nan,nan,nan,0,nan,nan,nan,218,1.0875,2.1472,0.1809,14,0.3153,0.3196,0.1267,183,1.1335,2.1472,0,nan,nan,0,0,0,0,0.0168,0.0117,0.0000,0.0305,0.0526,0.2,0.0311,0.0527,0,0,0,0,0
run_20260907_2026-09-07-13-09-09.bag,1278,255.4,5.00,1278,0,0,,/ch110/data_raw,96.4,0.1299,0.3276,0.5440,1.4128,0,nan,nan,nan,0,nan,nan,nan,1263,0.5444,1.4128,0.1309,14,0.4104,0.4253,0.0985,1215,0.5456,1.4128,0,nan,nan,0,0,0,0,0.0110,0.0092,0.0000,0.0293,0.0348,2.3,0.0297,0.0344,0,0,0,0,0
run_20260907_2026-09-07-13-15-11.bag,19012,3806.5,4.99,18812,11,0,,/ch110/data_raw,98.8,0.2152,1.4289,5.5148,81.1024,10852,0.8715,81.1024,0.1816,350,47.9003,67.5135,0.6430,7795,5.6238,70.5975,0.3093,14,0.2865,0.2882,0.0729,15420,3.8379,81.1024,3341,5.9425,25.4285,503,60,37,13,5.5390,5.5397,0.0000,5.6632,9.2802,33.4,5.6631,9.2796,0,7,4,1,0
run_20260907_2026-09-07-14-19-47.bag,9621,1924.3,5.00,9572,0,0,,/ch110/data_raw,94.5,0.2138,1.1978,5.3421,109.5974,5440,0.8540,16.9498,0.1880,95,98.4437,109.5974,0.6323,4071,5.5224,52.5550,0.2742,14,0.5574,0.5980,0.1115,7476,1.8994,109.5974,1603,5.6740,6.3259,217,11,8,5,2.4527,2.4527,0.0000,5.6887,6.5285,19.9,5.6884,6.5283,0,1,1,1,1
run_20260907_2026-09-07-15-27-57.bag,10581,2116.1,5.00,10581,0,0,,/ch110/data_raw,85.6,0.2484,1.4749,5.3426,7.8566,5733,0.8934,1.3755,0.2110,96,2.0347,2.4711,0.6167,4737,5.5506,7.8566,0.3425,14,0.3926,0.4058,0.0931,8311,4.6083,6.3144,1814,5.8005,7.8566,277,0,0,0,0.0769,0.0766,0.0000,5.7502,7.4907,20.8,5.7498,7.4909,0,0,0,0,0
run_20260909_2026-09-09-07-19-13.bag,10648,2129.3,5.00,10648,0,0,,/ch110/data_raw,99.4,0.3244,2.7725,8.8922,13.8180,4032,2.6185,7.9904,0.4249,1425,10.5943,13.8180,1.2170,5176,8.7202,10.0517,0.2057,14,0.5573,0.5772,0.1553,7932,2.2274,7.9904,2635,9.7842,13.8180,685,22,0,0,0.2922,0.2774,0.0000,9.4466,13.1044,19.6,9.4464,13.1047,0,0,0,0,0
run_20260909_2026-09-09-07-56-42.bag,9876,1980.8,4.99,7686,10,0,,/ch110/data_raw,93.2,0.4312,3.1216,9.2880,178.0294,3093,5.7028,16.0642,0.4620,1797,13.2678,178.0294,1.3777,4961,9.1064,19.4846,0.3068,24,43.9366,46.9329,0.1142,7053,7.0448,178.0294,2301,10.2583,155.2969,581,69,14,8,30.4044,30.1271,0.0000,9.2684,13.6161,15.9,9.2680,13.6158,0,4,1,0,0
tight08_0824_2026-08-24-18-56-08.bag,1894,378.3,5.01,1894,0,0,,,0.0,0.1894,1.3602,10.5927,13.2524,328,1.6263,2.9698,0.2575,283,11.9919,12.8119,1.4600,1268,5.2477,13.2524,0.1464,14,12.7844,12.8228,0.2677,0,nan,nan,0,nan,nan,64,25,0,0,0.3096,0.3077,0.0000,,,0.6,,,0,0,0,0,0
tight08slow_0824_2026-08-24-19-03-53.bag,1578,315.3,5.01,1578,0,0,,,0.0,0.1625,0.6573,1.9048,4.5752,1,0.2733,0.2733,0.2733,0,nan,nan,nan,1561,1.9166,4.5752,0.1631,15,0.2272,0.2280,0.0961,0,nan,nan,0,nan,nan,0,0,0,0,0.0580,0.0579,0.0000,,,1.0,,,0,0,0,0,0
run_20260910_2026-09-10-16-42-10.bag,12427,2485.1,5.00,12427,0,1,rtk_origin.yaml,/ch110/data_raw,99.6,0.2960,4.1781,5.4178,11.6113,7150,4.2244,5.7750,0.2375,772,5.3993,10.6893,0.8033,4489,5.6266,11.6113,0.4881,15,0.3435,0.3539,0.0743,9054,3.5752,5.7750,3305,5.6893,11.6113,413,7,0,0,0.1286,0.1307,0.2126,5.6971,12.0605,25.8,5.6973,12.0608,0,0,0,0,0
run_20260910_2026-09-10-17-55-11.bag,14278,2855.4,5.00,14278,0,1,rtk_origin.yaml,/ch110/data_raw,99.7,0.2747,3.7161,5.3805,13.7723,7516,4.2205,5.9163,0.2613,427,5.5406,8.8933,1.1066,6317,5.6536,13.7723,0.2772,17,3.5803,3.9627,0.2757,11357,3.4011,5.9163,2859,5.8774,13.7723,444,18,0,0,0.3077,0.3044,0.3044,5.7587,13.1995,30.9,5.7587,13.1998,0,0,0,0,0
run_20260912_2026-09-12-07-46-55.bag,14359,2871.5,5.00,14359,0,1,rtk_origin.yaml,/ch110/data_raw,99.4,0.4299,3.0483,8.8976,13.3994,6108,2.8436,10.7230,0.4739,2108,9.9083,13.3994,1.3505,6128,8.7430,10.5906,0.2755,14,0.3689,0.3748,0.1133,10156,2.5175,10.7230,4108,9.6742,13.3994,933,24,0,0,0.3078,0.3112,0.3112,9.4201,14.3189,27.4,9.4202,14.3194,0,0,0,0,0
run_20260912_2026-09-12-13-52-20.bag,1379,275.6,5.00,1379,0,1,rtk_origin.yaml,/ch110/data_raw,96.5,0.2597,1.3881,5.4101,12.2058,389,2.9963,11.7995,0.2740,119,9.8357,12.2058,0.9960,856,5.3528,6.1093,0.2212,14,0.6444,0.6458,0.2923,1052,1.2623,12.2058,263,8.7369,11.7995,24,2,0,0,0.3076,0.3095,0.3095,5.6215,12.4240,1.1,5.6211,12.4240,0,0,0,0,0
run_20260912_2026-09-12-13-58-05.bag,31680,6335.7,5.00,31680,0,1,rtk_origin.yaml,/ch110/data_raw,99.8,0.3168,4.1563,5.4414,13.8687,18266,4.3083,5.9545,0.2635,1715,9.4263,13.7704,0.8207,11680,5.6181,13.8687,0.4814,18,9.1500,10.3598,0.3067,23789,3.8497,7.6676,7822,5.8207,13.8687,1113,29,0,0,0.5430,0.5430,0.5430,5.7512,14.6835,68.3,5.7509,14.6838,0,1,0,0,0
