variant,gate_deg,max_yaw_rate,yaw_gate_margin,nominal_dt,max_hold_frames,max_gap_frames,gyro_drift_rate,held,unpublished,unpublished_pct,not_accepted,not_accepted_pct,genuine_not_accepted,genuine_unpublished,outlier_not_accepted,false_gate_pct,max_consecutive_not_accepted,max_consecutive_genuine_not_accepted,hold_err_max_m,hold_err_rms_m,hold_err_frames,reanchors,fallback_b_frames,gaps,episodes,episodes_outlier_triggered,genuine_in_outlier_episodes,genuine_in_genuine_episodes,false_gate_attributed_pct,pstep_caught,pstep_missed,pstep_caught_pct,pstep_missed_dpsi,false_gate_pct_straight,genuine_straight,false_gate_pct_turn,genuine_turn,false_gate_pct_slow,genuine_slow,false_gate_pct_na,genuine_na,event1_caught,event2_caught,residual_frames_0.05,residual_episodes_0.05,residual_frames_0.10,residual_episodes_0.10,residual_frames_0.20,residual_episodes_0.20,residual_frames_0.30,residual_episodes_0.30,residual_frames_0.50,residual_episodes_0.50
v3a,2.000000,0.087266,0.017453,0.200000,5,3,0.002000,20581,70659,19.369297,91240,25.011033,80413,63365,8282,25.032219,6173,154,0.169548,0.044185,17048,9694,1026,9701,10700,2175,39948,40465,12.596579,31,5,86.111111,65.0;52.6;33.3;32.4;25.4,17.067345,135645,61.310822,26594,25.766736,158953,0.000000,46,1,1,199,183,4,3,0,0,0,0,0,0
v3b,2.000000,0.087266,0.017453,0.200000,5,3,0.002000,13277,31308,8.582260,44585,12.221799,34667,26730,8302,10.791687,307,41,0.153700,0.035837,7937,5756,0,5756,7487,3714,6938,27729,8.631918,36,0,100.000000,,2.833868,135645,52.714898,26594,10.571678,158953,0.000000,46,1,1,74,53,25,21,12,10,8,7,2,1
v3a,3.000000,0.130900,0.026180,0.200000,5,3,0.002000,19112,54782,15.017037,73894,20.256086,64975,48277,7226,20.226436,5776,116,0.169715,0.049018,16698,9214,492,9222,9727,1487,36868,28107,8.749588,31,5,86.111111,52.6;32.4;22.4;18.0;17.4,10.721368,135645,48.221403,26594,23.659824,158953,0.000000,46,1,1,276,256,9,9,0,0,0,0,0,0
v3b,3.000000,0.130900,0.026180,0.200000,5,3,0.002000,9554,25148,6.893659,34702,9.512636,28129,22186,5740,8.756436,306,56,0.169715,0.043999,5943,4251,0,4251,5292,2544,3533,24596,7.656628,36,0,100.000000,,1.658742,135645,42.893134,26594,9.104578,158953,0.000000,46,1,1,82,62,29,25,13,10,9,7,2,1
v3a,4.000000,0.174533,0.034907,0.200000,5,3,0.002000,16749,44577,12.219606,61326,16.810901,53545,38580,6369,16.668327,5775,18,0.169715,0.052801,14965,8130,309,8138,8471,1108,30343,23202,7.222682,29,7,80.555556,52.6;44.5;32.4;25.4;22.4;18.0;17.4,8.146264,135645,37.865684,26594,20.399112,158953,0.000000,46,1,1,241,227,6,6,0,0,0,0,0,0
v3b,4.000000,0.174533,0.034907,0.200000,5,3,0.002000,8106,19991,5.480004,28097,7.702050,23396,17843,4158,7.283074,108,39,0.169715,0.049502,5553,3702,0,3702,4388,1789,2493,20903,6.507013,36,0,100.000000,,1.056434,135645,35.395202,26594,7.895416,158953,0.000000,46,1,1,86,66,28,23,14,10,9,7,1,1
v3a,5.000000,0.218166,0.043633,0.200000,5,3,0.002000,10395,41632,11.412312,52027,14.261826,45154,36102,5526,14.056245,5775,5,0.169715,0.058399,9052,5061,252,5069,5273,794,29543,15611,4.859637,29,7,80.555556,52.6;33.3;32.4;22.4;18.5;18.0;17.4,5.926499,135645,25.242536,26594,19.126408,158953,0.000000,46,1,1,184,183,7,7,0,0,0,0,0,0
v3b,5.000000,0.218166,0.043633,0.200000,5,3,0.002000,9198,7934,2.174896,17132,4.696285,13777,6602,2925,4.288721,32,27,0.169715,0.052510,7175,4382,0,4382,4803,1325,1557,12220,3.804033,36,0,100.000000,,0.471820,135645,23.422577,26594,4.345939,158953,0.000000,46,1,1,101,78,32,26,14,10,9,7,1,1
v3a,6.000000,0.273599,0.050000,0.200000,5,3,0.002000,3446,39694,10.881061,43140,11.825690,37322,34825,4566,11.618177,6726,4,0.169715,0.079433,2497,1646,212,1651,1782,543,29481,7841,2.440869,28,8,77.777778,52.6;44.5;33.3;32.4;25.4;22.4;18.0;17.4,5.184858,135645,14.465669,26594,16.635106,158953,0.000000,46,1,1,63,62,8,8,0,0,0,0,0,0
v3b,6.000000,0.273599,0.050000,0.200000,5,3,0.002000,2949,3398,0.931472,6347,1.739862,4076,2505,1900,1.268841,32,18,0.169715,0.069274,1571,1338,0,1338,1630,894,981,3095,0.963460,36,0,100.000000,,0.185042,135645,11.228097,26594,0.527829,158953,0.000000,46,1,1,81,58,32,25,14,10,9,7,1,1
v3a,7.000000,0.360865,0.050000,0.200000,5,3,0.002000,2727,36671,10.052385,39398,10.799920,33918,31947,4265,10.558527,6691,2,0.169715,0.084611,1971,1309,180,1314,1409,398,26501,7417,2.308880,30,6,83.333333,44.5;32.4;25.4;22.4;18.0;17.4,3.346235,135645,12.198240,26594,16.441967,158953,0.000000,46,1,1,44,43,10,10,0,0,0,0,0,0
v3b,7.000000,0.360865,0.050000,0.200000,5,3,0.002000,2310,2565,0.703127,4875,1.336352,3104,1867,1463,0.966262,32,17,0.169715,0.076120,1237,1061,0,1061,1272,662,625,2479,0.771702,36,0,100.000000,,0.143020,135645,8.908024,26594,0.340352,158953,0.000000,46,1,1,79,56,34,27,14,10,9,7,1,1
v3a,8.000000,0.448132,0.050000,0.200000,5,3,0.002000,2112,34109,9.350080,36221,9.929029,31032,29547,4015,9.660127,6872,2,0.169715,0.089469,1485,1016,158,1020,1091,320,24636,6396,1.991047,30,6,83.333333,44.5;32.4;25.7;25.4;22.4;17.4,3.118434,135645,10.069941,26594,15.176813,158953,0.000000,46,1,1,35,34,13,13,0,0,0,0,0,0
v3b,8.000000,0.448132,0.050000,0.200000,5,3,0.002000,1926,1851,0.507403,3777,1.035365,2338,1296,1167,0.727809,32,15,0.169715,0.080294,1042,899,0,899,1049,521,490,1848,0.575274,36,0,100.000000,,0.109108,135645,6.700760,26594,0.256680,158953,0.000000,46,1,1,69,48,31,24,14,10,9,7,1,1
v3a,9.000000,0.535398,0.050000,0.200000,5,3,0.002000,1427,33065,9.063895,34492,9.455070,29557,28636,3800,9.200966,6858,2,0.169715,0.096010,921,682,126,685,747,262,24287,5270,1.640528,30,6,83.333333,33.3;32.4;25.7;25.4;22.4;17.4,2.890634,135645,7.543055,26594,14.866030,158953,0.000000,46,1,1,34,30,10,10,0,0,0,0,0,0
v3b,9.000000,0.535398,0.050000,0.200000,5,3,0.002000,1488,1207,0.330867,2695,0.738763,1522,781,945,0.473792,32,30,0.169715,0.084601,741,689,0,689,823,439,376,1146,0.356745,36,0,100.000000,,0.092890,135645,4.215237,26594,0.173007,158953,0.000000,46,1,1,76,54,30,23,14,10,9,7,1,1
v3a,10.000000,0.622665,0.050000,0.200000,5,3,0.002000,924,28646,7.852543,29570,8.105834,25022,24525,3437,7.789240,6818,2,0.169715,0.104171,497,432,110,435,497,220,20441,4581,1.426045,28,8,77.777778,59.1;52.6;44.5;32.4;25.7;25.4;22.4;16.7,2.956246,135645,6.110401,26594,12.196687,158953,0.000000,46,1,1,43,39,13,13,0,0,0,0,0,0
v3b,10.000000,0.622665,0.050000,0.200000,5,3,0.002000,996,869,0.238213,1865,0.511240,913,543,751,0.284213,31,31,0.169715,0.086954,370,462,0,462,561,363,322,591,0.183976,36,0,100.000000,,0.086255,135645,2.293750,26594,0.117016,158953,0.000000,46,1,1,78,55,31,23,14,10,9,7,1,1
v3a,11.000000,0.709931,0.050000,0.200000,5,3,0.002000,725,27096,7.427652,27821,7.626392,23424,23045,3330,7.291790,6799,2,0.169715,0.107639,379,340,77,343,388,174,19129,4295,1.337015,27,9,75.000000,59.1;52.6;44.5;33.3;32.4;25.7;25.4;22.4;16.7,2.441668,135645,5.610288,26594,11.714154,158953,0.000000,46,1,1,47,43,17,17,0,0,0,0,0,0
v3b,11.000000,0.709931,0.050000,0.200000,5,3,0.002000,844,632,0.173246,1476,0.404606,697,384,625,0.216973,18,18,0.169715,0.093299,313,395,0,395,474,303,255,442,0.137593,35,1,97.222222,79.9,0.071510,135645,1.692111,26594,0.094368,158953,0.000000,46,1,1,83,56,31,23,13,10,9,7,2,1
v3a,12.000000,0.797198,0.050000,0.200000,5,3,0.002000,577,23001,6.305116,23578,6.463285,19760,19471,2811,6.151203,6745,2,0.169157,0.106556,289,268,40,271,315,168,16376,3384,1.053425,27,9,75.000000,59.1;52.6;44.5;33.3;32.4;25.7;25.4;22.4;18.0,1.759003,135645,3.741445,26594,10.304304,158953,0.000000,46,1,1,46,42,13,13,0,0,0,0,0,0
v3b,12.000000,0.797198,0.050000,0.200000,5,3,0.002000,733,442,0.121163,1175,0.322095,557,257,528,0.173392,9,9,0.169548,0.097058,300,346,0,346,413,271,238,319,0.099303,33,3,91.666667,79.9;32.4;29.7,0.064875,135645,1.274724,26594,0.081785,158953,0.000000,46,1,1,88,58,32,24,13,10,9,7,2,1
v3a,13.000000,0.884464,0.050000,0.200000,5,3,0.002000,337,22628,6.202868,22965,6.295248,19268,19149,2738,5.998045,6700,2,0.169548,0.094442,119,157,8,160,193,149,16058,3210,0.999259,27,9,75.000000,59.1;52.6;44.5;33.3;32.4;25.7;25.4;22.4;18.0,1.767113,135645,3.245093,26594,10.070901,158953,0.000000,46,1,1,42,38,7,7,0,0,0,0,0,0
v3b,13.000000,0.884464,0.050000,0.200000,5,3,0.002000,522,277,0.075932,799,0.219025,304,146,456,0.094634,8,4,0.169548,0.081759,158,245,0,245,304,244,209,95,0.029573,33,3,91.666667,79.9;32.4;29.7,0.057503,135645,0.541476,26594,0.051588,158953,0.000000,46,1,1,87,58,32,24,13,10,9,7,2,1
v3a,14.000000,0.971730,0.050000,0.200000,5,3,0.002000,235,21908,6.005499,22143,6.069918,18601,18534,2595,5.790411,6677,2,0.169157,0.080719,67,106,0,109,140,126,15435,3166,0.985562,25,11,69.444444,59.1;52.6;44.5;33.3;32.4;25.7;25.4;22.4;22.1;19.2;17.4,1.715507,135645,2.887869,26594,9.755085,158953,0.000000,46,1,1,46,35,3,3,0,0,0,0,0,0
v3b,14.000000,0.971730,0.050000,0.200000,5,3,0.002000,397,204,0.055921,601,0.164748,210,106,364,0.065372,8,3,0.169157,0.068314,104,182,0,182,240,209,177,33,0.010273,33,3,91.666667,79.9;32.4;29.7,0.054554,135645,0.285779,26594,0.037747,158953,0.000000,46,1,1,88,56,27,21,13,10,9,7,2,1
v3a,15.000000,1.058997,0.050000,0.200000,5,3,0.002000,192,22206,6.087188,22398,6.139819,18965,18920,2486,5.903722,6644,0,0.161917,0.036770,45,85,0,88,117,110,15813,3152,0.981204,26,10,72.222222,59.1;52.6;44.5;33.3;32.4;25.7;22.4;22.1;19.2;17.4,1.844521,135645,2.865308,26594,9.877763,158953,0.000000,46,1,1,45,33,2,2,0,0,0,0,0,0
v3b,15.000000,1.058997,0.050000,0.200000,5,3,0.002000,340,177,0.048520,517,0.141722,170,92,323,0.052920,8,1,0.161917,0.037573,78,156,0,156,209,187,156,14,0.004358,33,3,91.666667,79.9;32.4;29.7,0.056029,135645,0.161691,26594,0.032085,158953,0.000000,46,1,1,86,54,26,20,13,10,9,7,2,1
v3a,16.000000,1.146263,0.050000,0.200000,5,3,0.002000,174,21337,5.848974,21511,5.896672,18214,18175,2350,5.669939,6604,2,0.161917,0.026577,39,79,0,82,105,99,15080,3134,0.975601,26,10,72.222222,59.1;52.6;44.5;33.3;32.4;25.7;22.4;22.1;19.2;17.4,1.714033,135645,2.662255,26594,9.550622,158953,0.000000,46,1,1,46,33,3,3,0,0,0,0,0,0
v3b,16.000000,1.146263,0.050000,0.200000,5,3,0.002000,307,162,0.044408,469,0.128564,159,88,286,0.049496,8,1,0.161917,0.029164,71,143,0,143,189,168,146,13,0.004047,33,3,91.666667,79.9;32.4;29.7,0.053080,135645,0.135369,26594,0.032085,158953,0.000000,46,1,1,87,53,27,20,13,10,9,7,2,1
v3a,17.000000,1.233530,0.050000,0.200000,5,3,0.002000,154,19466,5.336089,19620,5.378304,17117,17083,1560,5.328448,6488,2,0.023519,0.006198,34,71,0,73,95,89,15182,1935,0.602357,25,11,69.444444,59.1;52.6;44.5;32.4;25.7;22.4;22.1;19.2;17.4;16.7;16.6,1.277600,135645,2.459201,26594,9.266890,158953,0.000000,46,1,1,47,35,4,4,0,0,0,0,0,0
v3b,17.000000,1.233530,0.050000,0.200000,5,3,0.002000,262,139,0.038103,401,0.109924,141,80,242,0.043893,8,1,0.077886,0.015519,61,124,0,124,164,143,128,13,0.004047,31,5,86.111111,79.9;32.4;29.7;16.7;16.6,0.048656,135645,0.109047,26594,0.028939,158953,0.000000,46,1,1,86,54,27,20,13,10,9,7,2,1
v3a,18.000000,1.320796,0.050000,0.200000,5,3,0.002000,146,19098,5.235212,19244,5.275234,16782,16748,1529,5.224164,6405,2,0.023519,0.006201,34,71,0,72,89,84,14847,1935,0.602357,25,11,69.444444,59.1;52.6;44.5;32.4;25.7;22.4;22.1;19.2;17.4;16.7;16.6,1.224520,135645,2.432880,26594,9.105836,158953,0.000000,46,1,1,51,35,4,4,0,0,0,0,0,0
v3b,18.000000,1.320796,0.050000,0.200000,5,3,0.002000,240,128,0.035088,368,0.100877,131,75,223,0.040780,8,1,0.077886,0.015321,56,117,0,117,149,130,118,13,0.004047,31,5,86.111111,79.9;32.4;17.4;16.7;16.6,0.045708,135645,0.097766,26594,0.027052,158953,0.000000,46,1,1,88,54,29,20,15,11,10,8,2,1
v3a,19.000000,1.408063,0.050000,0.200000,5,3,0.002000,131,18852,5.167777,18983,5.203688,16579,16550,1471,5.160971,6405,2,0.023519,0.006593,29,63,0,64,83,78,14661,1918,0.597065,22,14,61.111111,59.1;52.6;44.5;32.4;25.7;22.4;22.1;19.2;18.6;18.5;18.0;17.4;16.7;16.6,1.169966,135645,2.425359,26594,9.025938,158953,0.000000,46,1,1,53,36,5,5,0,0,0,0,0,0
v3b,19.000000,1.408063,0.050000,0.200000,5,3,0.002000,218,115,0.031524,333,0.091283,111,64,208,0.034554,8,1,0.077886,0.015279,47,105,0,105,140,121,98,13,0.004047,28,8,77.777778,79.9;32.4;18.6;18.5;18.0;17.4;16.7;16.6,0.039073,135645,0.078965,26594,0.023277,158953,0.000000,46,1,1,90,55,29,20,15,11,11,8,2,1
v3a,20.000000,1.495329,0.050000,0.200000,5,3,0.002000,122,19034,5.217668,19156,5.251111,16764,16736,1459,5.218561,6373,2,0.023519,0.006699,28,58,0,60,78,73,14851,1913,0.595509,23,13,63.888889,59.1;52.6;44.5;32.4;22.4;19.2;19.1;18.6;18.5;18.0;17.4;16.7;16.6,1.081500,135645,2.504324,26594,9.204608,158953,0.000000,46,1,1,55,35,7,7,0,0,0,0,0,0
v3b,20.000000,1.495329,0.050000,0.200000,5,3,0.002000,205,113,0.030976,318,0.087171,107,61,197,0.033309,8,1,0.077886,0.015442,46,100,0,100,132,113,94,13,0.004047,26,10,72.222222,79.9;32.4;19.2;19.1;18.6;18.5;18.0;17.4;16.7;16.6,0.036124,135645,0.078965,26594,0.023277,158953,0.000000,46,1,1,92,54,30,20,15,11,11,8,2,1
v3a,21.000000,1.582596,0.050000,0.200000,5,3,0.002000,114,18789,5.150508,18903,5.181758,16539,16514,1431,5.148519,6351,2,0.023519,0.006796,25,56,0,58,73,68,14627,1912,0.595197,22,14,61.111111,59.1;52.6;44.5;32.4;22.4;20.6;19.2;19.1;18.6;18.5;18.0;17.4;16.7;16.6,1.050536,135645,2.493044,26594,9.091367,158953,0.000000,46,1,1,56,35,9,7,0,0,0,0,0,0
v3b,21.000000,1.582596,0.050000,0.200000,5,3,0.002000,190,106,0.029057,296,0.081141,98,57,182,0.030507,8,1,0.077886,0.016307,41,94,0,94,123,104,85,13,0.004047,25,11,69.444444,79.9;32.4;20.6;20.0;19.2;19.1;18.5;18.0;17.4;16.7;16.6,0.034649,135645,0.071445,26594,0.020132,158953,0.000000,46,1,1,91,54,30,21,13,10,9,7,2,1
v3a,22.000000,1.669862,0.050000,0.200000,5,3,0.002000,108,19063,5.225617,19171,5.255223,16751,16726,1405,5.214514,6340,2,0.023519,0.006788,25,54,0,56,69,64,14839,1912,0.595197,23,13,63.888889,59.1;52.6;44.5;21.7;20.6;19.2;19.1;18.6;18.5;18.0;17.4;16.7;16.6,0.998931,135645,2.493044,26594,9.268778,158953,0.000000,46,1,1,58,36,11,8,0,0,0,0,0,0
v3b,22.000000,1.669862,0.050000,0.200000,5,3,0.002000,175,102,0.027961,277,0.075932,94,54,167,0.029262,8,1,0.077886,0.016508,40,88,0,88,114,95,81,13,0.004047,24,12,66.666667,79.9;21.7;21.4;20.6;20.0;19.2;19.1;18.5;18.0;17.4;16.7;16.6,0.030963,135645,0.071445,26594,0.020761,158953,0.000000,46,1,1,91,55,31,22,13,10,9,7,2,1
v3a,23.000000,1.757129,0.050000,0.200000,5,3,0.002000,104,18295,5.015091,18399,5.043599,16026,16001,1378,4.988824,6278,0,0.023519,0.006788,25,55,0,56,65,61,14143,1883,0.586170,21,15,58.333333,59.1;52.6;44.5;22.4;22.1;21.7;20.6;19.2;19.1;18.6;18.5;18.0;17.4;16.7;16.6,0.951749,135645,2.368955,26594,8.873692,158953,0.000000,46,1,1,59,36,12,8,0,0,0,0,0,0
v3b,23.000000,1.757129,0.050000,0.200000,5,3,0.002000,172,98,0.026864,270,0.074013,94,54,162,0.029262,8,1,0.077886,0.016508,40,87,0,87,112,93,81,13,0.004047,22,14,61.111111,79.9;22.4;22.1;21.7;21.4;20.6;20.0;19.2;19.1;18.5;18.0;17.4;16.7;16.6,0.030963,135645,0.071445,26594,0.020761,158953,0.000000,46,1,1,92,55,32,22,13,10,9,7,2,1
v3a,24.000000,1.844395,0.050000,0.200000,5,3,0.002000,101,19074,5.228633,19175,5.256319,16873,16849,1360,5.252492,6277,0,0.023519,0.006730,24,54,0,55,63,59,14998,1875,0.583679,21,15,58.333333,59.1;52.6;44.5;22.4;22.1;21.7;20.6;19.2;19.1;18.6;18.5;18.0;17.4;16.7;16.6,0.920786,135645,2.383996,26594,9.430461,158953,0.000000,46,1,1,59,36,12,8,0,0,0,0,0,0
v3b,24.000000,1.844395,0.050000,0.200000,5,3,0.002000,169,95,0.026042,264,0.072369,94,55,157,0.029262,8,1,0.077886,0.016668,39,86,0,86,110,92,81,13,0.004047,22,14,61.111111,79.9;22.4;22.1;21.7;21.4;20.6;20.0;19.2;19.1;18.5;18.0;17.4;16.7;16.6,0.031700,135645,0.067684,26594,0.020761,158953,0.000000,46,1,1,92,55,32,22,13,10,9,7,2,1
v3a,25.000000,1.931662,0.050000,0.200000,5,3,0.002000,97,22155,6.073207,22252,6.099797,19957,19936,1362,6.212528,6249,0,0.023519,0.006922,21,51,0,52,62,58,18121,1836,0.571539,22,14,61.111111,59.1;44.5;22.4;22.1;21.7;20.6;19.2;19.1;18.6;18.5;18.0;17.4;16.7;16.6,2.721073,135645,2.635933,26594,9.792203,158953,0.000000,46,1,1,61,38,14,10,1,1,0,0,0,0
v3b,25.000000,1.931662,0.050000,0.200000,5,3,0.002000,154,87,0.023849,241,0.066064,86,52,143,0.026771,8,1,0.056165,0.011742,34,78,0,78,103,86,73,13,0.004047,21,15,58.333333,79.9;24.0;22.4;22.1;21.7;21.4;20.6;20.0;19.2;19.1;18.5;18.0;17.4;16.7;16.6,0.030226,135645,0.056404,26594,0.018874,158953,0.000000,46,1,1,92,54,32,21,13,10,9,7,2,1
v3a,26.000000,2.018928,0.050000,0.200000,5,3,0.002000,88,22253,6.100072,22341,6.124194,20070,20051,1338,6.247704,6230,0,0.023519,0.007266,19,49,0,50,55,51,18311,1759,0.547569,21,15,58.333333,59.1;25.7;25.4;22.4;22.1;21.7;20.6;19.2;19.1;18.6;18.5;18.0;17.4;16.7;16.6,2.715176,135645,2.624652,26594,9.870213,158953,0.000000,46,1,0,62,39,15,11,1,1,0,0,0,0
v3b,26.000000,2.018928,0.050000,0.200000,5,3,0.002000,141,83,0.022752,224,0.061404,82,50,130,0.025526,8,1,0.056165,0.012099,32,74,0,74,94,77,69,13,0.004047,19,17,52.777778,79.9;25.7;25.4;24.0;22.4;22.1;21.7;21.4;20.6;20.0;19.2;19.1;18.5;18.0;17.4;16.7;16.6,0.028752,135645,0.056404,26594,0.017615,158953,0.000000,46,1,1,92,54,32,21,13,10,9,7,2,1
v3a,27.000000,2.106194,0.050000,0.200000,5,3,0.002000,86,22267,6.103909,22353,6.127484,20111,20092,1309,6.260467,6176,0,0.023519,0.007208,19,49,0,50,53,49,18398,1713,0.533249,21,15,58.333333,59.1;25.7;25.4;22.4;22.1;21.7;20.6;19.2;19.1;18.6;18.5;18.0;17.4;16.7;16.6,2.926020,135645,2.624652,26594,9.716080,158953,0.000000,46,1,0,61,38,14,10,1,1,0,0,0,0
v3b,27.000000,2.106194,0.050000,0.200000,5,3,0.002000,137,82,0.022478,219,0.060033,80,49,127,0.024904,8,1,0.056165,0.012272,31,73,0,73,91,74,67,13,0.004047,19,17,52.777778,79.9;25.7;25.4;24.0;22.4;22.1;21.7;21.4;20.6;20.0;19.2;19.1;18.5;18.0;17.4;16.7;16.6,0.028752,135645,0.048883,26594,0.017615,158953,0.000000,46,1,1,92,54,32,21,13,10,9,7,2,1
v3a,28.000000,2.193461,0.050000,0.200000,5,3,0.002000,81,21674,5.941354,21755,5.963558,19556,19539,1266,6.087698,6145,0,0.015234,0.005053,17,47,0,48,50,46,17874,1682,0.523599,20,16,55.555556,62.7;25.7;25.4;22.4;22.1;21.7;21.4;20.6;20.0;19.2;19.1;18.5;18.0;17.4;16.7;16.6,2.921597,135645,2.590810,26594,9.376357,158953,0.000000,46,1,0,64,39,17,12,1,1,0,0,0,0
v3b,28.000000,2.193461,0.050000,0.200000,5,3,0.002000,132,77,0.021108,209,0.057292,77,47,120,0.023970,7,1,0.056165,0.011712,30,71,0,71,88,71,64,13,0.004047,18,18,50.000000,79.9;27.4;25.7;25.4;24.0;22.4;22.1;21.7;21.4;20.6;20.0;19.2;19.1;18.5;18.0;17.4;16.7;16.6,0.028752,135645,0.041363,26594,0.016986,158953,0.000000,46,1,1,93,54,32,21,13,10,9,7,2,1
v3a,29.000000,2.280727,0.050000,0.200000,5,3,0.002000,83,21848,5.989052,21931,6.011804,19729,19710,1269,6.141552,6103,0,0.015234,0.004875,19,49,0,50,50,46,18065,1664,0.517996,20,16,55.555556,62.7;25.7;25.4;22.4;22.1;21.7;21.4;20.6;20.0;19.2;19.1;18.5;18.0;17.4;16.7;16.6,3.127281,135645,2.669775,26594,9.296459,158953,0.000000,46,1,0,63,38,16,11,1,1,0,0,0,0
v3b,29.000000,2.280727,0.050000,0.200000,5,3,0.002000,130,77,0.021108,207,0.056744,77,47,118,0.023970,7,1,0.056165,0.011712,30,71,0,71,86,69,64,13,0.004047,18,18,50.000000,79.9;27.4;25.7;25.4;24.0;22.4;22.1;21.7;21.4;20.6;20.0;19.2;19.1;18.5;18.0;17.4;16.7;16.6,0.028752,135645,0.041363,26594,0.016986,158953,0.000000,46,1,1,92,53,31,20,13,10,9,7,2,1
v3a,30.000000,2.367994,0.050000,0.200000,5,3,0.002000,83,18743,5.137898,18826,5.160650,16653,16633,1240,5.184007,6055,0,0.015234,0.004752,20,49,0,50,50,46,15091,1562,0.486244,20,16,55.555556,62.7;25.7;25.4;22.4;22.1;21.7;21.4;20.6;20.0;19.2;19.1;18.5;18.0;17.4;16.7;16.6,1.681595,135645,2.508085,26594,8.622046,158953,0.000000,46,1,0,63,37,16,11,0,0,0,0,0,0
v3b,30.000000,2.367994,0.050000,0.200000,5,3,0.002000,127,76,0.020833,203,0.055647,77,47,114,0.023970,7,1,0.056165,0.011712,30,70,0,70,84,67,64,13,0.004047,17,19,47.222222,79.9;29.7;27.4;25.7;25.4;24.0;22.4;22.1;21.7;21.4;20.6;20.0;19.2;19.1;18.5;18.0;17.4;16.7;16.6,0.028752,135645,0.041363,26594,0.016986,158953,0.000000,46,1,1,92,53,31,20,13,10,9,7,2,1
