gate_deg,max_yaw_rate,yaw_gate_margin,max_hold_frames,nominal_dt,held,unpublished,unpublished_pct,not_accepted,not_accepted_pct,genuine_not_accepted,outlier_not_accepted,false_gate_pct,genuine_unpublished,max_consecutive_not_accepted,max_consecutive_genuine_not_accepted,episodes,episodes_outlier_triggered,genuine_in_outlier_episodes,genuine_in_genuine_episodes,false_gate_attributed_pct,hold_err_max_m,hold_err_rms_m,hold_err_frames,pstep_caught,pstep_missed,pstep_caught_pct,false_gate_pct_straight,genuine_straight,false_gate_pct_turn,genuine_turn,false_gate_pct_slow,genuine_slow,false_gate_pct_na,genuine_na,event1_caught,event2_caught,residual_frames_0.05,residual_episodes_0.05,residual_frames_0.10,residual_episodes_0.10,residual_frames_0.20,residual_episodes_0.20,residual_frames_0.30,residual_episodes_0.30,residual_frames_0.50,residual_episodes_0.50
2.000000,0.087266,0.017453,5,0.200000,19571,25863,7.089658,45434,12.454530,35920,7666,11.181741,23006,307,41,7670,3961,6233,29687,9.241435,0.304178,0.067201,12914,32,4,88.888889,2.699694,135645,58.182297,26594,10.559725,158953,0.000000,46,1,1,95,80,34,29,13,11,5,5,2,2
3.000000,0.130900,0.026180,5,0.200000,14550,21105,5.785378,35655,9.773875,29209,5477,9.092635,19172,306,56,5349,2713,3363,25846,8.045748,0.313633,0.078519,10037,31,5,86.111111,1.537101,135645,47.830338,26594,9.061798,158953,0.000000,46,1,1,156,146,36,33,14,12,6,6,1,1
4.000000,0.174533,0.034907,5,0.200000,12588,16464,4.513170,29052,7.963838,24363,4110,7.584097,15061,108,39,4272,1933,2655,21708,6.757607,0.313633,0.087002,9302,31,5,86.111111,0.959858,135645,37.824321,26594,8.179776,158953,0.000000,46,1,1,171,160,34,33,12,11,6,6,1,1
5.000000,0.218166,0.043633,5,0.200000,12840,7621,2.089096,20461,5.608842,16919,3078,5.266812,6687,32,24,3957,1441,1873,15046,4.683755,0.313633,0.091917,10232,29,7,80.555556,0.426112,135645,27.085057,26594,5.748869,158953,0.000000,46,1,1,185,171,49,48,13,12,6,6,1,1
6.000000,0.273599,0.050000,5,0.200000,5015,2730,0.748357,7745,2.123087,5072,2268,1.578892,2119,32,18,1796,1125,1475,3597,1.119731,0.344281,0.116909,2953,29,7,80.555556,0.168086,135645,13.600812,26594,0.771926,158953,0.000000,46,1,1,108,94,33,30,12,11,6,6,1,1
7.000000,0.360865,0.050000,5,0.200000,4018,2012,0.551537,6030,1.652965,3919,1764,1.219968,1538,32,17,1503,966,1134,2785,0.866958,0.344281,0.123454,2381,28,8,77.777778,0.126802,135645,10.927277,26594,0.529087,158953,0.000000,46,1,1,109,91,46,43,12,11,6,6,1,1
8.000000,0.448132,0.050000,5,0.200000,3416,1405,0.385144,4821,1.321550,3052,1471,0.950074,1047,32,15,1311,852,892,2160,0.672399,0.344281,0.127384,2005,29,7,80.555556,0.097313,135645,8.558321,26594,0.405151,158953,0.000000,46,1,1,128,105,65,60,12,11,6,6,1,1
9.000000,0.535398,0.050000,5,0.200000,2561,929,0.254661,3490,0.956691,1962,1269,0.610762,645,32,30,1123,783,527,1435,0.446709,0.313633,0.134076,1317,30,6,83.333333,0.074459,135645,5.644130,26594,0.226482,158953,0.000000,46,1,1,117,88,51,45,11,11,6,6,1,1
10.000000,0.622665,0.050000,5,0.200000,1704,574,0.157347,2278,0.624453,990,1060,0.308183,378,31,31,903,721,356,634,0.197361,0.313633,0.143280,612,31,5,86.111111,0.056766,135645,2.726179,26594,0.118274,158953,0.000000,46,1,1,104,73,42,35,10,10,6,6,1,1
11.000000,0.709931,0.050000,5,0.200000,1438,384,0.105263,1822,0.499453,728,925,0.226623,256,18,18,816,666,242,486,0.151290,0.313633,0.154642,472,31,5,86.111111,0.050868,135645,1.985410,26594,0.082414,158953,0.000000,46,1,1,110,76,49,43,15,15,5,5,0,0
12.000000,0.797198,0.050000,5,0.200000,1251,252,0.069079,1503,0.412008,578,837,0.179929,166,12,10,752,634,200,378,0.117670,0.313091,0.159745,412,32,4,88.888889,0.044233,135645,1.549222,26594,0.066686,158953,0.000000,46,1,1,102,68,41,35,15,15,5,5,0,0
13.000000,0.884464,0.050000,5,0.200000,971,130,0.035636,1101,0.301810,296,757,0.092144,72,12,8,666,614,181,115,0.035799,0.313091,0.133819,224,34,2,94.444444,0.038335,135645,0.703166,26594,0.035860,158953,0.000000,46,1,1,98,63,40,30,16,15,7,7,0,0
14.000000,0.971730,0.050000,5,0.200000,809,79,0.021656,888,0.243422,168,684,0.052298,37,12,6,606,581,137,31,0.009650,0.310610,0.106705,131,33,3,91.666667,0.034649,135645,0.304580,26594,0.025165,158953,0.000000,46,1,1,94,58,34,26,13,13,7,7,0,0
15.000000,1.058997,0.050000,5,0.200000,736,54,0.014803,790,0.216558,115,644,0.035799,23,12,1,578,560,109,6,0.001868,0.256334,0.069849,92,33,3,91.666667,0.030963,135645,0.154170,26594,0.020132,158953,0.000000,46,1,1,91,56,31,24,11,10,8,7,1,1
16.000000,1.146263,0.050000,5,0.200000,702,46,0.012610,748,0.205044,102,618,0.031752,16,12,0,560,543,97,5,0.001556,0.256334,0.067560,86,33,3,91.666667,0.030226,135645,0.124088,26594,0.017615,158953,0.000000,46,1,1,90,55,31,24,12,11,8,7,1,1
17.000000,1.233530,0.050000,5,0.200000,662,40,0.010965,702,0.192435,90,586,0.028017,13,12,0,534,518,85,5,0.001556,0.256334,0.062305,77,31,5,86.111111,0.030226,135645,0.090246,26594,0.015728,158953,0.000000,46,1,1,90,56,32,23,12,10,8,7,0,0
18.000000,1.320796,0.050000,5,0.200000,632,40,0.010965,672,0.184211,84,565,0.026149,13,12,0,516,502,79,5,0.001556,0.256334,0.053459,71,31,5,86.111111,0.028752,135645,0.078965,26594,0.015099,158953,0.000000,46,1,1,90,56,31,24,11,10,6,6,0,0
19.000000,1.408063,0.050000,5,0.200000,615,40,0.010965,655,0.179551,75,554,0.023347,13,12,0,508,494,70,5,0.001556,0.256334,0.049618,62,28,8,77.777778,0.027277,135645,0.063924,26594,0.013211,158953,0.000000,46,1,1,91,57,31,24,12,11,7,7,0,0
20.000000,1.495329,0.050000,5,0.200000,597,37,0.010143,634,0.173794,68,541,0.021168,13,12,0,501,487,63,5,0.001556,0.256334,0.048160,55,27,9,75.000000,0.025065,135645,0.056404,26594,0.011953,158953,0.000000,46,1,1,89,55,29,22,11,10,6,6,0,0
21.000000,1.582596,0.050000,5,0.200000,581,35,0.009594,616,0.168860,59,532,0.018366,11,12,0,494,480,54,5,0.001556,0.256334,0.045359,48,25,11,69.444444,0.020642,135645,0.048883,26594,0.011324,158953,0.000000,46,1,1,89,55,29,22,11,10,6,6,0,0
22.000000,1.669862,0.050000,5,0.200000,571,33,0.009046,604,0.165571,57,522,0.017744,10,12,0,486,472,52,5,0.001556,0.256334,0.045779,47,24,12,66.666667,0.020642,135645,0.048883,26594,0.010066,158953,0.000000,46,1,1,90,57,31,24,12,11,7,7,1,1
23.000000,1.757129,0.050000,5,0.200000,566,33,0.009046,599,0.164200,58,518,0.018055,10,12,0,484,470,53,5,0.001556,0.256334,0.044461,48,23,13,63.888889,0.020642,135645,0.045123,26594,0.011324,158953,0.000000,46,1,1,93,57,34,24,14,12,9,8,1,1
24.000000,1.844395,0.050000,5,0.200000,555,30,0.008224,585,0.160362,50,513,0.015565,9,12,0,480,466,45,5,0.001556,0.256334,0.045212,41,22,14,61.111111,0.019905,135645,0.033842,26594,0.008808,158953,0.000000,46,1,1,94,57,35,24,14,12,9,8,1,1
25.000000,1.931662,0.050000,5,0.200000,544,24,0.006579,568,0.155702,44,503,0.013697,5,12,0,473,460,39,5,0.001556,0.083713,0.021541,39,22,14,61.111111,0.017693,135645,0.030082,26594,0.007549,158953,0.000000,46,1,1,93,56,34,23,14,12,9,8,1,1
26.000000,2.018928,0.050000,5,0.200000,529,22,0.006031,551,0.151042,40,493,0.012452,5,12,0,465,452,35,5,0.001556,0.083586,0.017777,35,20,16,55.555556,0.016219,135645,0.026322,26594,0.006920,158953,0.000000,46,1,1,94,56,34,23,14,12,9,8,1,1
27.000000,2.106194,0.050000,5,0.200000,521,22,0.006031,543,0.148849,38,488,0.011829,5,12,0,462,449,33,5,0.001556,0.056165,0.011111,33,20,16,55.555556,0.015482,135645,0.026322,26594,0.006291,158953,0.000000,46,1,1,92,54,32,21,13,11,8,7,0,0
28.000000,2.193461,0.050000,5,0.200000,511,20,0.005482,531,0.145560,34,480,0.010584,3,12,0,457,444,29,5,0.001556,0.056165,0.011460,31,19,17,52.777778,0.012533,135645,0.026322,26594,0.006291,158953,0.000000,46,1,1,93,54,32,21,13,11,9,8,0,0
29.000000,2.280727,0.050000,5,0.200000,507,20,0.005482,527,0.144463,33,477,0.010273,3,12,0,454,441,28,5,0.001556,0.056165,0.011649,30,19,17,52.777778,0.011795,135645,0.026322,26594,0.006291,158953,0.000000,46,1,1,92,53,31,20,13,11,9,8,0,0
30.000000,2.367994,0.050000,5,0.200000,501,20,0.005482,521,0.142818,31,474,0.009650,3,12,0,451,438,26,5,0.001556,0.056165,0.012058,28,18,18,50.000000,0.011058,135645,0.026322,26594,0.005662,158953,0.000000,46,1,1,92,53,31,20,13,11,9,8,0,0
