rule,bag,wall,frames,size_m,dpsi_vs_last_published,d_ant_m,gap_s,reanchor
no gate,concrete_20260826_2026-08-26-17-52-24,2026-08-26 18:22:45.503,2,0.2133,-32.44,0.0122,0.2,0
no gate,orchard_20260826_2026-08-26-08-31-44,2026-08-26 08:40:44.376,1,0.0631,9.4,0.0073,0.2,0
no gate,run_20260827_2026-08-27-18-54-23,2026-08-27 18:57:35.721,1,0.0625,9.05,0.0058,0.2,0
no gate,run_20260828_2026-08-28-10-16-47,2026-08-28 10:27:41.648,1,0.063,10.18,0.0041,0.2,0
no gate,run_20260828_2026-08-28-10-16-47,2026-08-28 10:41:32.635,1,0.0529,8.96,0.005,0.2,0
no gate,run_20260828_2026-08-28-10-16-47,2026-08-28 10:41:42.676,1,0.0684,11.14,0.0032,0.2,0
no gate,run_20260828_2026-08-28-10-16-47,2026-08-28 10:48:08.700,1,0.097,-18.11,0.0193,0.2,0
no gate,run_20260828_2026-08-28-10-16-47,2026-08-28 10:50:06.519,1,0.0789,12.09,0.002,0.2,0
no gate,run_20260828_2026-08-28-10-16-47,2026-08-28 10:53:15.447,1,0.0537,8.5,0.0051,0.2,0
no gate,run_20260828_2026-08-28-10-16-47,2026-08-28 10:56:08.661,1,0.0683,10.81,0.0014,0.2,0
no gate,run_20260828_2026-08-28-10-16-47,2026-08-28 11:32:05.569,7,0.3766,62.74,0.004,0.2,0
no gate,run_20260828_2026-08-28-10-16-47,2026-08-28 11:32:14.602,2,0.111,-16.68,0.005,0.2,0
no gate,run_20260828_2026-08-28-10-16-47,2026-08-28 11:32:19.622,1,0.0784,-9.45,0.0188,0.2,0
no gate,run_20260828_2026-08-28-16-38-15,2026-08-28 16:41:39.451,1,0.6418,-117.19,0.0186,0.2,0
no gate,run_20260828_2026-08-28-16-38-15,2026-08-28 16:42:42.500,2,0.4268,-72.65,0.0073,0.2,0
no gate,run_20260828_2026-08-28-16-38-15,2026-08-28 16:53:19.509,1,0.1539,21.68,0.0186,0.2,0
no gate,run_20260828_2026-08-28-16-38-15,2026-08-28 16:56:40.469,1,0.0501,-10.3,0.0156,0.2,0
no gate,run_20260828_2026-08-28-16-38-15,2026-08-28 16:59:37.543,3,0.091,13.47,0.0117,0.2,0
no gate,run_20260828_2026-08-28-16-38-15,2026-08-28 17:02:44.664,1,0.0658,-9.21,0.01,0.2,0
no gate,run_20260828_2026-08-28-16-38-15,2026-08-28 17:09:37.810,1,0.0542,6.19,0.0189,0.4,0
no gate,run_20260828_2026-08-28-16-38-15,2026-08-28 17:12:24.231,1,0.0527,-6.81,0.0098,0.2,0
no gate,run_20260828_2026-08-28-16-38-15,2026-08-28 17:13:52.960,1,0.061,8.08,0.0143,0.2,0
no gate,run_20260828_2026-08-28-16-38-15,2026-08-28 17:13:58.582,1,0.0633,11.45,0.0102,0.2,0
no gate,run_20260829_2026-08-29-09-12-05,2026-08-29 09:27:40.757,1,0.2288,-36.74,0.0022,0.2,0
no gate,run_20260829_2026-08-29-09-12-05,2026-08-29 09:33:06.538,1,0.0523,6.85,0.0099,0.2,0
no gate,run_20260829_2026-08-29-09-12-05,2026-08-29 09:41:11.622,1,0.0889,14.42,0.003,0.2,0
no gate,run_20260829_2026-08-29-09-12-05,2026-08-29 09:41:45.524,1,0.0513,-8.36,0.002,0.2,0
no gate,run_20260829_2026-08-29-09-12-05,2026-08-29 09:49:01.650,1,0.353,58.44,0.004,0.2,0
no gate,run_20260829_2026-08-29-09-12-05,2026-08-29 09:50:26.303,1,0.0522,-9.06,0.0114,0.2,0
no gate,run_20260829_2026-08-29-09-12-05,2026-08-29 09:51:34.524,1,0.3908,-64.96,0.002,0.2,0
no gate,run_20260829_2026-08-29-09-12-05,2026-08-29 09:52:44.531,3,0.1318,21.41,0.005,0.2,0
no gate,run_20260830_2026-08-30-17-20-39,2026-08-30 17:32:56.255,1,0.0985,16.26,0.0051,0.2,0
no gate,run_20260906_2026-09-06-15-26-15,2026-09-06 15:33:51.495,1,0.0524,8.2,0.003,0.2,0
no gate,run_20260906_2026-09-06-15-26-15,2026-09-06 15:34:45.536,17,0.7269,-167.51,0.0163,0.2,0
no gate,run_20260906_2026-09-06-15-26-15,2026-09-06 15:35:00.601,1,0.0727,12.36,0.006,0.2,0
no gate,run_20260906_2026-09-06-15-26-15,2026-09-06 15:51:41.653,1,0.2757,44.48,0.0014,0.2,0
no gate,run_20260906_2026-09-06-15-26-15,2026-09-06 15:57:03.094,2,0.4014,-67.54,0.0103,0.2,0
no gate,run_20260906_2026-09-06-15-26-15,2026-09-06 15:57:31.421,2,0.1837,29.66,0.0081,0.2,0
no gate,run_20260906_2026-09-06-15-26-15,2026-09-06 16:03:16.568,1,0.0693,-9.63,0.0081,0.2,0
no gate,run_20260906_2026-09-06-15-26-15,2026-09-06 16:05:55.675,1,0.0818,-9.79,0.02,0.2,0
no gate,run_20260906_2026-09-06-15-26-15,2026-09-06 16:11:52.518,1,0.0516,5.43,0.0197,0.2,0
no gate,run_20260906_2026-09-06-15-26-15,2026-09-06 16:18:20.491,1,0.1091,-16.6,0.0051,0.2,0
no gate,run_20260906_2026-09-06-15-26-15,2026-09-06 16:22:48.482,7,0.1178,-19.16,0.007,0.2,0
no gate,run_20260906_2026-09-06-15-26-15,2026-09-06 16:23:05.557,3,0.0597,9.38,0.0041,0.2,0
no gate,run_20260906_2026-09-06-15-26-15,2026-09-06 16:23:15.602,2,0.0712,9.25,0.015,0.2,0
no gate,run_20260906_2026-09-06-15-26-15,2026-09-06 16:24:27.521,1,0.0533,9.05,0.0045,0.2,0
no gate,run_20260907_2026-09-07-13-15-11,2026-09-07 13:50:08.536,1,0.2107,33.33,0.0014,0.2,0
no gate,run_20260907_2026-09-07-13-15-11,2026-09-07 13:57:38.656,5,0.1496,22.1,0.0161,0.2,0
no gate,run_20260907_2026-09-07-13-15-11,2026-09-07 13:59:28.468,1,0.1757,25.43,0.018,0.2,0
no gate,run_20260907_2026-09-07-14-19-47,2026-09-07 14:25:43.636,1,0.3244,-52.56,0.001,0.2,0
no gate,run_20260909_2026-09-09-07-56-42,2026-09-09 08:13:07.709,3,0.085,-13.59,0.0032,0.2,0
no gate,run_20260909_2026-09-09-07-56-42,2026-09-09 08:13:16.542,2,0.1168,18.05,0.0028,0.2,0
no gate,run_20260912_2026-09-12-13-58-05,2026-09-12 15:41:49.361,1,0.0597,7.67,0.012,0.2,0
v1 g=10,fixed_0824_2026-08-24-17-36-06,2026-08-24 17:48:11.694,1,0.1259,18.59,0.008,0.2,1
v1 g=10,fixed_0824_2026-08-24-17-36-06,2026-08-24 17:50:35.099,1,0.1242,-18.94,0.0076,0.2,1
v1 g=10,fixed_0824_2026-08-24-17-36-06,2026-08-24 17:59:33.906,1,0.1106,-17.84,0.0028,0.2,1
v1 g=10,fixed_0824_2026-08-24-17-36-06,2026-08-24 18:01:52.097,1,0.2588,-43.88,0.0151,0.2,1
v1 g=10,fixed_0824_2026-08-24-17-36-06,2026-08-24 18:04:07.259,1,0.0711,-13.77,0.0194,0.2,1
v1 g=10,newfield_20260826_2026-08-26-16-36-00,2026-08-26 17:08:19.149,1,0.3558,-60.33,0.016,0.8,1
v1 g=10,orchard_20260826_2026-08-26-08-31-44,2026-08-26 08:33:04.227,1,0.2732,-43.73,0.0022,0.2,1
v1 g=10,orchard_20260826_2026-08-26-08-31-44,2026-08-26 08:35:09.648,1,0.3134,-48.34,0.0151,0.4,1
v1 g=10,orchard_20260826_2026-08-26-08-31-44,2026-08-26 08:40:44.376,1,0.0631,9.4,0.0073,0.2,0
v1 g=10,repeat5_0819_2026-08-19-17-48-18,2026-08-19 17:52:08.276,1,0.1254,19.1,0.0041,0.2,1
v1 g=10,run_20260827_2026-08-27-18-54-23,2026-08-27 18:57:35.721,1,0.0625,9.05,0.0058,0.2,0
v1 g=10,run_20260828_2026-08-28-10-16-47,2026-08-28 10:27:41.849,1,0.0622,10.17,0.0032,0.2,1
v1 g=10,run_20260828_2026-08-28-10-16-47,2026-08-28 10:40:48.073,1,0.1975,30.32,0.0081,0.2,1
v1 g=10,run_20260828_2026-08-28-10-16-47,2026-08-28 10:41:21.390,1,0.2858,-44.7,0.0124,0.2,1
v1 g=10,run_20260828_2026-08-28-10-16-47,2026-08-28 10:41:31.428,2,0.0815,12.6,0.012,0.2,1
v1 g=10,run_20260828_2026-08-28-10-16-47,2026-08-28 10:41:42.877,1,0.0708,10.55,0.0041,0.2,1
v1 g=10,run_20260828_2026-08-28-10-16-47,2026-08-28 10:43:41.694,1,0.1227,18.96,0.0151,0.2,1
v1 g=10,run_20260828_2026-08-28-10-16-47,2026-08-28 10:48:09.104,2,0.1209,-19.94,0.0122,0.2,1
v1 g=10,run_20260828_2026-08-28-10-16-47,2026-08-28 10:50:06.719,1,0.0742,12.14,0.0032,0.2,1
v1 g=10,run_20260828_2026-08-28-10-16-47,2026-08-28 10:53:15.447,1,0.0537,8.5,0.0051,0.2,0
v1 g=10,run_20260828_2026-08-28-10-16-47,2026-08-28 10:56:08.862,1,0.0688,10.76,0.0022,0.2,1
v1 g=10,run_20260828_2026-08-28-10-16-47,2026-08-28 11:01:09.142,1,0.154,-24.9,0.0051,0.2,1
v1 g=10,run_20260828_2026-08-28-10-16-47,2026-08-28 11:32:04.565,2,0.1326,-20.53,0.0032,0.2,1
v1 g=10,run_20260828_2026-08-28-10-16-47,2026-08-28 11:32:14.000,3,0.1315,-18.62,0.0141,0.2,1
v1 g=10,run_20260828_2026-08-28-16-38-15,2026-08-28 16:42:38.687,1,0.0679,11.89,0.0158,0.2,1
v1 g=10,run_20260828_2026-08-28-16-38-15,2026-08-28 16:42:44.106,1,0.4015,-65.24,0.0092,0.8,1
v1 g=10,run_20260828_2026-08-28-16-38-15,2026-08-28 16:59:36.939,3,0.1124,-19.62,0.0198,0.2,1
v1 g=10,run_20260828_2026-08-28-16-38-15,2026-08-28 17:00:56.048,3,0.1623,24.01,0.0142,0.2,1
v1 g=10,run_20260828_2026-08-28-16-38-15,2026-08-28 17:02:44.664,1,0.0658,-9.21,0.01,0.2,0
v1 g=10,run_20260828_2026-08-28-16-38-15,2026-08-28 17:09:37.810,1,0.0542,6.19,0.0189,0.4,0
v1 g=10,run_20260828_2026-08-28-16-38-15,2026-08-28 17:12:24.231,1,0.0527,-6.81,0.0098,0.2,0
v1 g=10,run_20260828_2026-08-28-16-38-15,2026-08-28 17:13:52.960,1,0.061,8.08,0.0143,0.2,0
v1 g=10,run_20260829_2026-08-29-09-12-05,2026-08-29 09:27:41.559,1,0.2301,-35.81,0.0064,0.2,1
v1 g=10,run_20260829_2026-08-29-09-12-05,2026-08-29 09:33:06.538,1,0.0523,6.85,0.0099,0.2,0
v1 g=10,run_20260829_2026-08-29-09-12-05,2026-08-29 09:36:24.136,1,0.1829,26.32,0.0175,0.2,1
v1 g=10,run_20260829_2026-08-29-09-12-05,2026-08-29 09:41:11.822,1,0.0903,14.23,0.0022,0.2,1
v1 g=10,run_20260829_2026-08-29-09-12-05,2026-08-29 09:41:45.524,1,0.0513,-8.36,0.002,0.2,0
v1 g=10,run_20260829_2026-08-29-09-12-05,2026-08-29 09:50:26.303,1,0.0522,-9.06,0.0114,0.2,0
v1 g=10,run_20260829_2026-08-29-09-12-05,2026-08-29 09:51:36.129,1,0.3882,-64.28,0.0028,0.8,1
v1 g=10,run_20260829_2026-08-29-09-12-05,2026-08-29 09:52:45.133,3,0.1862,30.46,0.0122,0.2,1
v1 g=10,run_20260829_2026-08-29-09-12-05,2026-08-29 09:52:53.156,1,0.1214,-18.25,0.0081,0.2,1
v1 g=10,run_20260830_2026-08-30-10-12-33,2026-08-30 10:13:37.558,1,0.3341,53.53,0.0058,0.6,1
v1 g=10,run_20260830_2026-08-30-17-20-39,2026-08-30 17:32:56.659,1,0.1324,21.05,0.0022,0.0,1
v1 g=10,run_20260906_2026-09-06-15-26-15,2026-09-06 15:33:51.495,1,0.0524,8.2,0.003,0.2,0
v1 g=10,run_20260906_2026-09-06-15-26-15,2026-09-06 15:34:43.929,7,0.1463,-22.93,0.001,0.2,1
v1 g=10,run_20260906_2026-09-06-15-26-15,2026-09-06 15:35:01.002,1,0.0792,10.39,0.0156,0.2,1
v1 g=10,run_20260906_2026-09-06-15-26-15,2026-09-06 15:51:42.657,1,0.2763,44.43,0.002,0.2,1
v1 g=10,run_20260906_2026-09-06-15-26-15,2026-09-06 15:57:04.701,2,0.3866,-63.82,0.005,0.8,1
v1 g=10,run_20260906_2026-09-06-15-26-15,2026-09-06 15:57:31.421,2,0.074,11.93,0.0081,0.2,1
v1 g=10,run_20260906_2026-09-06-15-26-15,2026-09-06 16:03:16.568,1,0.0693,-9.63,0.0081,0.2,0
v1 g=10,run_20260906_2026-09-06-15-26-15,2026-09-06 16:05:55.675,1,0.0818,-9.79,0.02,0.2,0
v1 g=10,run_20260906_2026-09-06-15-26-15,2026-09-06 16:11:52.518,1,0.0516,5.43,0.0197,0.2,0
v1 g=10,run_20260906_2026-09-06-15-26-15,2026-09-06 16:18:20.892,1,0.1095,-17.32,0.001,0.2,1
v1 g=10,run_20260906_2026-09-06-15-26-15,2026-09-06 16:22:45.468,7,0.1394,20.63,0.015,0.2,1
v1 g=10,run_20260906_2026-09-06-15-26-15,2026-09-06 16:23:05.557,3,0.0597,9.38,0.0041,0.2,0
v1 g=10,run_20260906_2026-09-06-15-26-15,2026-09-06 16:23:15.602,2,0.0712,9.25,0.015,0.2,0
v1 g=10,run_20260906_2026-09-06-15-26-15,2026-09-06 16:24:27.521,1,0.0533,9.05,0.0045,0.2,0
v1 g=10,run_20260906_2026-09-06-16-32-55,2026-09-06 16:56:03.259,1,0.0601,-12.48,0.0194,0.4,1
v1 g=10,run_20260907_2026-09-07-13-15-11,2026-09-07 13:53:02.216,1,0.2383,-38.25,0.002,0.2,1
v1 g=10,run_20260907_2026-09-07-13-15-11,2026-09-07 13:57:42.871,4,0.1373,-22.01,0.0022,0.2,1
v1 g=10,run_20260907_2026-09-07-13-15-11,2026-09-07 13:59:23.048,1,0.0979,-17.95,0.0166,0.4,1
v1 g=10,run_20260907_2026-09-07-13-15-11,2026-09-07 13:59:29.069,1,0.1603,24.41,0.0078,0.2,1
v1 g=10,run_20260907_2026-09-07-14-19-47,2026-09-07 14:25:44.840,1,0.3281,-52.71,0.0036,0.4,1
v1 g=10,run_20260907_2026-09-07-14-19-47,2026-09-07 14:29:05.422,1,0.599,110.19,0.0028,2.01,1
v1 g=10,run_20260909_2026-09-09-07-19-13,2026-09-09 07:26:14.672,1,0.2568,40.72,0.0188,0.4,1
v1 g=10,run_20260909_2026-09-09-07-19-13,2026-09-09 07:45:36.256,1,0.0943,16.94,0.0133,0.4,1
v1 g=10,run_20260909_2026-09-09-07-56-42,2026-09-09 08:13:07.909,2,0.0832,-13.37,0.002,0.2,1
v1 g=10,run_20260909_2026-09-09-07-56-42,2026-09-09 08:13:16.944,2,0.1159,18.08,0.0014,0.2,1
v1 g=10,run_20260910_2026-09-10-16-42-10,2026-09-10 17:02:23.756,1,0.0697,-11.37,0.003,0.2,1
v1 g=10,run_20260912_2026-09-12-07-46-55,2026-09-12 08:04:12.285,1,0.1306,22.57,0.013,0.4,1
v1 g=10,run_20260912_2026-09-12-07-46-55,2026-09-12 08:26:49.933,1,0.084,-15.11,0.0173,0.2,1
v1 g=10,run_20260912_2026-09-12-13-52-20,2026-09-12 13:55:58.751,1,0.1796,-29.59,0.0071,0.2,1
v1 g=10,run_20260912_2026-09-12-13-58-05,2026-09-12 15:31:31.639,1,0.1717,26.37,0.0051,0.2,1
v1 g=10,run_20260912_2026-09-12-13-58-05,2026-09-12 15:41:49.361,1,0.0597,7.67,0.012,0.2,0
v1 g=10,tight08_0824_2026-08-24-18-56-08,2026-08-24 18:56:14.123,1,0.1336,20.56,0.0042,0.2,1
v1 g=10,tight08_0824_2026-08-24-18-56-08,2026-08-24 19:02:09.286,1,0.0623,-11.65,0.012,0.2,1
v2 g=10,fixed_0824_2026-08-24-17-36-06,2026-08-24 17:48:11.694,1,0.1259,18.59,0.008,0.2,1
v2 g=10,fixed_0824_2026-08-24-17-36-06,2026-08-24 17:50:35.099,1,0.1242,-18.94,0.0076,0.2,1
v2 g=10,fixed_0824_2026-08-24-17-36-06,2026-08-24 17:59:33.906,1,0.1106,-17.84,0.0028,0.2,1
v2 g=10,fixed_0824_2026-08-24-17-36-06,2026-08-24 18:04:07.259,1,0.0711,-13.77,0.0194,0.2,1
v2 g=10,orchard_20260826_2026-08-26-08-31-44,2026-08-26 08:40:44.376,1,0.0631,9.4,0.0073,0.2,0
v2 g=10,repeat5_0819_2026-08-19-17-48-18,2026-08-19 17:52:08.276,1,0.1254,19.1,0.0041,0.2,1
v2 g=10,run_20260827_2026-08-27-18-54-23,2026-08-27 18:57:35.721,1,0.0625,9.05,0.0058,0.2,0
v2 g=10,run_20260828_2026-08-28-10-16-47,2026-08-28 10:27:41.849,1,0.0622,10.17,0.0032,0.2,1
v2 g=10,run_20260828_2026-08-28-10-16-47,2026-08-28 10:40:48.073,1,0.1975,30.32,0.0081,0.2,1
v2 g=10,run_20260828_2026-08-28-10-16-47,2026-08-28 10:41:31.428,2,0.0815,12.6,0.012,0.2,1
v2 g=10,run_20260828_2026-08-28-10-16-47,2026-08-28 10:41:42.877,1,0.0708,10.55,0.0041,0.2,1
v2 g=10,run_20260828_2026-08-28-10-16-47,2026-08-28 10:43:41.694,1,0.1227,18.96,0.0151,0.2,1
v2 g=10,run_20260828_2026-08-28-10-16-47,2026-08-28 10:48:09.104,2,0.1209,-19.94,0.0122,0.2,1
v2 g=10,run_20260828_2026-08-28-10-16-47,2026-08-28 10:50:06.719,1,0.0742,12.14,0.0032,0.2,1
v2 g=10,run_20260828_2026-08-28-10-16-47,2026-08-28 10:53:15.447,1,0.0537,8.5,0.0051,0.2,0
v2 g=10,run_20260828_2026-08-28-10-16-47,2026-08-28 10:56:08.862,1,0.0688,10.76,0.0022,0.2,1
v2 g=10,run_20260828_2026-08-28-10-16-47,2026-08-28 11:01:09.142,1,0.154,-24.9,0.0051,0.2,1
v2 g=10,run_20260828_2026-08-28-10-16-47,2026-08-28 11:32:04.565,2,0.1326,-20.53,0.0032,0.2,1
v2 g=10,run_20260828_2026-08-28-10-16-47,2026-08-28 11:32:14.000,3,0.1315,-18.62,0.0141,0.2,1
v2 g=10,run_20260828_2026-08-28-16-38-15,2026-08-28 16:42:38.687,1,0.0679,11.89,0.0158,0.2,1
v2 g=10,run_20260828_2026-08-28-16-38-15,2026-08-28 16:42:43.705,1,0.3984,-65.52,0.0032,0.6,1
v2 g=10,run_20260828_2026-08-28-16-38-15,2026-08-28 16:59:36.939,3,0.1124,-19.62,0.0198,0.2,1
v2 g=10,run_20260828_2026-08-28-16-38-15,2026-08-28 17:00:56.048,3,0.1623,24.01,0.0142,0.2,1
v2 g=10,run_20260828_2026-08-28-16-38-15,2026-08-28 17:02:44.664,1,0.0658,-9.21,0.01,0.2,0
v2 g=10,run_20260828_2026-08-28-16-38-15,2026-08-28 17:09:26.364,1,0.2194,36.42,0.0092,0.2,1
v2 g=10,run_20260828_2026-08-28-16-38-15,2026-08-28 17:09:37.810,1,0.0542,6.19,0.0189,0.4,0
v2 g=10,run_20260828_2026-08-28-16-38-15,2026-08-28 17:12:24.231,1,0.0527,-6.81,0.0098,0.2,0
v2 g=10,run_20260828_2026-08-28-16-38-15,2026-08-28 17:13:52.960,1,0.061,8.08,0.0143,0.2,0
v2 g=10,run_20260828_2026-08-28-16-38-15,2026-08-28 17:14:55.192,1,0.0967,14.06,0.0073,0.2,1
v2 g=10,run_20260829_2026-08-29-09-12-05,2026-08-29 09:27:41.559,1,0.2301,-35.81,0.0064,0.2,1
v2 g=10,run_20260829_2026-08-29-09-12-05,2026-08-29 09:33:06.538,1,0.0523,6.85,0.0099,0.2,0
v2 g=10,run_20260829_2026-08-29-09-12-05,2026-08-29 09:36:24.136,1,0.1829,26.32,0.0175,0.2,1
v2 g=10,run_20260829_2026-08-29-09-12-05,2026-08-29 09:41:11.822,1,0.0903,14.23,0.0022,0.2,1
v2 g=10,run_20260829_2026-08-29-09-12-05,2026-08-29 09:41:45.524,1,0.0513,-8.36,0.002,0.2,0
v2 g=10,run_20260829_2026-08-29-09-12-05,2026-08-29 09:49:02.853,1,0.3686,61.12,0.0064,0.6,1
v2 g=10,run_20260829_2026-08-29-09-12-05,2026-08-29 09:50:26.303,1,0.0522,-9.06,0.0114,0.2,0
v2 g=10,run_20260829_2026-08-29-09-12-05,2026-08-29 09:51:35.727,1,0.3928,-64.4,0.0036,0.6,1
v2 g=10,run_20260829_2026-08-29-09-12-05,2026-08-29 09:52:45.133,3,0.1862,30.46,0.0122,0.2,1
v2 g=10,run_20260829_2026-08-29-09-12-05,2026-08-29 09:52:53.156,1,0.1214,-18.25,0.0081,0.2,1
v2 g=10,run_20260830_2026-08-30-10-12-33,2026-08-30 10:13:59.854,1,0.0639,-10.77,0.0076,0.2,1
v2 g=10,run_20260830_2026-08-30-17-20-39,2026-08-30 17:32:56.659,1,0.1324,21.05,0.0022,0.0,1
v2 g=10,run_20260906_2026-09-06-15-26-15,2026-09-06 15:33:51.495,1,0.0524,8.2,0.003,0.2,0
v2 g=10,run_20260906_2026-09-06-15-26-15,2026-09-06 15:34:47.342,5,0.6792,-140.2,0.0158,1.4,1
v2 g=10,run_20260906_2026-09-06-15-26-15,2026-09-06 15:35:01.002,1,0.0792,10.39,0.0156,0.2,1
v2 g=10,run_20260906_2026-09-06-15-26-15,2026-09-06 15:51:42.859,1,0.2749,44.34,0.0014,0.6,1
v2 g=10,run_20260906_2026-09-06-15-26-15,2026-09-06 15:57:04.299,2,0.3903,-64.9,0.0036,0.6,1
v2 g=10,run_20260906_2026-09-06-15-26-15,2026-09-06 15:57:31.421,2,0.074,11.93,0.0081,0.2,1
v2 g=10,run_20260906_2026-09-06-15-26-15,2026-09-06 16:03:16.568,1,0.0693,-9.63,0.0081,0.2,0
v2 g=10,run_20260906_2026-09-06-15-26-15,2026-09-06 16:05:55.675,1,0.0818,-9.79,0.02,0.2,0
v2 g=10,run_20260906_2026-09-06-15-26-15,2026-09-06 16:11:52.518,1,0.0516,5.43,0.0197,0.2,0
v2 g=10,run_20260906_2026-09-06-15-26-15,2026-09-06 16:18:20.892,1,0.1095,-17.32,0.001,0.2,1
v2 g=10,run_20260906_2026-09-06-15-26-15,2026-09-06 16:22:45.468,7,0.1394,20.63,0.015,0.2,1
v2 g=10,run_20260906_2026-09-06-15-26-15,2026-09-06 16:23:05.557,3,0.0597,9.38,0.0041,0.2,0
v2 g=10,run_20260906_2026-09-06-15-26-15,2026-09-06 16:23:15.602,2,0.0712,9.25,0.015,0.2,0
v2 g=10,run_20260906_2026-09-06-15-26-15,2026-09-06 16:24:27.521,1,0.0533,9.05,0.0045,0.2,0
v2 g=10,run_20260906_2026-09-06-16-32-55,2026-09-06 16:56:03.259,1,0.0601,-12.48,0.0194,0.4,1
v2 g=10,run_20260907_2026-09-07-13-15-11,2026-09-07 13:53:02.216,1,0.2383,-38.25,0.002,0.2,1
v2 g=10,run_20260907_2026-09-07-13-15-11,2026-09-07 13:57:42.871,4,0.1373,-22.01,0.0022,0.2,1
v2 g=10,run_20260907_2026-09-07-13-15-11,2026-09-07 13:59:23.048,1,0.0979,-17.95,0.0166,0.4,1
v2 g=10,run_20260907_2026-09-07-13-15-11,2026-09-07 13:59:29.069,1,0.1603,24.41,0.0078,0.2,1
v2 g=10,run_20260907_2026-09-07-14-19-47,2026-09-07 14:25:44.639,1,0.3293,-52.42,0.0067,0.4,1
v2 g=10,run_20260909_2026-09-09-07-19-13,2026-09-09 07:45:36.256,1,0.0943,16.94,0.0133,0.4,1
v2 g=10,run_20260909_2026-09-09-07-56-42,2026-09-09 08:13:07.909,2,0.0832,-13.37,0.002,0.2,1
v2 g=10,run_20260909_2026-09-09-07-56-42,2026-09-09 08:13:16.944,2,0.1159,18.08,0.0014,0.2,1
v2 g=10,run_20260910_2026-09-10-16-42-10,2026-09-10 17:02:23.756,1,0.0697,-11.37,0.003,0.2,1
v2 g=10,run_20260912_2026-09-12-07-46-55,2026-09-12 08:04:12.285,1,0.1306,22.57,0.013,0.4,1
v2 g=10,run_20260912_2026-09-12-07-46-55,2026-09-12 08:18:47.122,1,0.0954,16.2,0.0076,0.2,1
v2 g=10,run_20260912_2026-09-12-07-46-55,2026-09-12 08:26:49.933,1,0.084,-15.11,0.0173,0.2,1
v2 g=10,run_20260912_2026-09-12-13-52-20,2026-09-12 13:55:58.751,1,0.1796,-29.59,0.0071,0.2,1
v2 g=10,run_20260912_2026-09-12-13-58-05,2026-09-12 15:31:31.639,1,0.1717,26.37,0.0051,0.2,1
v2 g=10,run_20260912_2026-09-12-13-58-05,2026-09-12 15:41:49.361,1,0.0597,7.67,0.012,0.2,0
v2 g=10,tight08_0824_2026-08-24-18-56-08,2026-08-24 18:56:14.123,1,0.1336,20.56,0.0042,0.2,1
v2 g=10,tight08_0824_2026-08-24-18-56-08,2026-08-24 19:02:09.286,1,0.0623,-11.65,0.012,0.2,1
v3a g=10,concrete_20260826_2026-08-26-17-52-24,2026-08-26 18:16:20.712,1,0.0767,12.0,0.001,0.2,1
v3a g=10,fusion_20260825_132239_2026-08-25-13-22-39,2026-08-25 13:24:05.317,1,0.1328,20.65,0.0041,0.2,1
v3a g=10,newfield_20260826_2026-08-26-16-36-00,2026-08-26 16:53:26.614,1,0.1088,-16.15,0.0071,0.2,1
v3a g=10,newfield_20260826_2026-08-26-16-36-00,2026-08-26 17:08:18.547,1,0.1419,-24.48,0.014,0.2,1
v3a g=10,orchard_20260826_2026-08-26-08-31-44,2026-08-26 08:33:04.227,1,0.0882,-13.63,0.0022,0.2,1
v3a g=10,orchard_20260826_2026-08-26-08-31-44,2026-08-26 08:40:44.376,1,0.0631,9.4,0.0073,0.2,0
v3a g=10,run_20260827_2026-08-27-18-54-23,2026-08-27 18:57:35.721,1,0.0625,9.05,0.0058,0.2,0
v3a g=10,run_20260828_2026-08-28-10-16-47,2026-08-28 10:21:42.354,1,0.1354,21.95,0.005,0.2,1
v3a g=10,run_20260828_2026-08-28-10-16-47,2026-08-28 10:27:42.652,1,0.0514,7.6,0.0072,0.8,1
v3a g=10,run_20260828_2026-08-28-10-16-47,2026-08-28 10:41:31.629,2,0.0613,9.94,0.0036,0.2,1
v3a g=10,run_20260828_2026-08-28-10-16-47,2026-08-28 10:43:41.694,1,0.1227,18.96,0.0151,0.2,1
v3a g=10,run_20260828_2026-08-28-10-16-47,2026-08-28 11:32:19.622,1,0.0784,-9.45,0.0188,0.2,0
v3a g=10,run_20260828_2026-08-28-16-38-15,2026-08-28 17:02:44.664,1,0.0658,-9.21,0.01,0.2,0
v3a g=10,run_20260828_2026-08-28-16-38-15,2026-08-28 17:09:37.810,1,0.0542,6.19,0.0189,0.4,0
v3a g=10,run_20260828_2026-08-28-16-38-15,2026-08-28 17:12:24.231,1,0.0527,-6.81,0.0098,0.2,0
v3a g=10,run_20260828_2026-08-28-16-38-15,2026-08-28 17:13:52.960,1,0.061,8.08,0.0143,0.2,0
v3a g=10,run_20260829_2026-08-29-09-12-05,2026-08-29 09:33:06.538,1,0.0523,6.85,0.0099,0.2,0
v3a g=10,run_20260830_2026-08-30-10-12-33,2026-08-30 10:13:37.156,1,0.1266,19.36,0.0041,0.2,1
v3a g=10,run_20260830_2026-08-30-10-12-33,2026-08-30 10:14:00.055,2,0.0683,-10.65,0.001,0.2,1
v3a g=10,run_20260906_2026-09-06-08-28-44,2026-09-06 08:42:22.709,1,0.1075,16.65,0.0022,0.2,1
v3a g=10,run_20260906_2026-09-06-08-43-55,2026-09-06 08:59:49.185,1,0.1074,16.11,0.005,0.2,1
v3a g=10,run_20260906_2026-09-06-08-43-55,2026-09-06 08:59:57.013,1,0.1384,24.42,0.0166,0.2,1
v3a g=10,run_20260906_2026-09-06-15-26-15,2026-09-06 15:33:51.495,1,0.0524,8.2,0.003,0.2,0
v3a g=10,run_20260906_2026-09-06-15-26-15,2026-09-06 15:34:39.711,1,0.0519,-8.92,0.005,0.2,0
v3a g=10,run_20260906_2026-09-06-15-26-15,2026-09-06 16:03:16.568,1,0.0693,-9.63,0.0081,0.2,0
v3a g=10,run_20260906_2026-09-06-15-26-15,2026-09-06 16:05:55.675,1,0.0818,-9.79,0.02,0.2,0
v3a g=10,run_20260906_2026-09-06-15-26-15,2026-09-06 16:11:52.518,1,0.0516,5.43,0.0197,0.2,0
v3a g=10,run_20260906_2026-09-06-15-26-15,2026-09-06 16:20:06.562,1,0.1276,-22.2,0.016,105.87,1
v3a g=10,run_20260906_2026-09-06-15-26-15,2026-09-06 16:22:50.291,1,0.0612,9.22,0.0057,0.2,0
v3a g=10,run_20260906_2026-09-06-15-26-15,2026-09-06 16:23:08.568,2,0.0576,-9.05,0.0032,17.88,1
v3a g=10,run_20260906_2026-09-06-15-26-15,2026-09-06 16:23:15.602,2,0.0712,9.25,0.015,0.2,0
v3a g=10,run_20260907_2026-09-07-13-15-11,2026-09-07 13:57:39.659,1,0.0635,9.19,0.0151,0.8,1
v3a g=10,run_20260909_2026-09-09-07-19-13,2026-09-09 07:26:14.270,1,0.1129,20.24,0.0178,0.2,1
v3a g=10,run_20260909_2026-09-09-07-56-42,2026-09-09 08:13:06.904,1,0.0507,8.03,0.002,0.2,0
v3a g=10,run_20260909_2026-09-09-07-56-42,2026-09-09 08:13:32.610,1,0.0811,-12.83,0.003,24.7,1
v3a g=10,run_20260910_2026-09-10-16-42-10,2026-09-10 17:02:23.957,1,0.0667,-11.1,0.0041,0.2,1
v3a g=10,run_20260912_2026-09-12-13-58-05,2026-09-12 15:31:29.028,1,0.1526,-22.88,0.0187,0.2,1
v3a g=10,run_20260912_2026-09-12-13-58-05,2026-09-12 15:41:49.361,1,0.0597,7.67,0.012,0.2,0
v3a g=10,tight08_0824_2026-08-24-18-56-08,2026-08-24 18:56:14.324,1,0.1318,20.61,0.0014,0.4,1
v3b g=10,newfield_20260826_2026-08-26-16-36-00,2026-08-26 16:53:26.814,1,0.1087,-16.69,0.005,0.4,1
v3b g=10,orchard_20260826_2026-08-26-08-31-44,2026-08-26 08:40:44.376,1,0.0631,9.4,0.0073,0.2,0
v3b g=10,run_20260827_2026-08-27-18-54-23,2026-08-27 18:57:35.721,1,0.0625,9.05,0.0058,0.2,0
v3b g=10,run_20260828_2026-08-28-10-16-47,2026-08-28 10:27:42.250,1,0.0677,10.39,0.0022,0.4,1
v3b g=10,run_20260828_2026-08-28-10-16-47,2026-08-28 10:41:32.635,1,0.0529,8.96,0.005,0.2,0
v3b g=10,run_20260828_2026-08-28-10-16-47,2026-08-28 10:43:41.895,1,0.1197,18.45,0.013,0.4,1
v3b g=10,run_20260828_2026-08-28-10-16-47,2026-08-28 10:50:07.121,1,0.0796,12.47,0.001,0.4,1
v3b g=10,run_20260828_2026-08-28-10-16-47,2026-08-28 10:53:15.447,1,0.0537,8.5,0.0051,0.2,0
v3b g=10,run_20260828_2026-08-28-10-16-47,2026-08-28 10:56:09.264,1,0.0712,11.09,0.0063,0.4,1
v3b g=10,run_20260828_2026-08-28-10-16-47,2026-08-28 11:32:04.766,2,0.0699,13.59,0.018,0.4,1
v3b g=10,run_20260828_2026-08-28-10-16-47,2026-08-28 11:32:15.204,2,0.0965,-13.87,0.0094,0.4,1
v3b g=10,run_20260828_2026-08-28-16-38-15,2026-08-28 16:42:43.303,1,0.3514,-57.91,0.0073,0.6,1
v3b g=10,run_20260828_2026-08-28-16-38-15,2026-08-28 16:58:14.228,1,0.1253,21.17,0.0163,0.6,1
v3b g=10,run_20260828_2026-08-28-16-38-15,2026-08-28 16:59:36.137,1,0.0693,8.84,0.015,0.2,0
v3b g=10,run_20260828_2026-08-28-16-38-15,2026-08-28 17:02:44.664,1,0.0658,-9.21,0.01,0.2,0
v3b g=10,run_20260828_2026-08-28-16-38-15,2026-08-28 17:09:37.810,1,0.0542,6.19,0.0189,0.4,0
v3b g=10,run_20260828_2026-08-28-16-38-15,2026-08-28 17:12:24.231,1,0.0527,-6.81,0.0098,0.2,0
v3b g=10,run_20260828_2026-08-28-16-38-15,2026-08-28 17:13:52.960,1,0.061,8.08,0.0143,0.2,0
v3b g=10,run_20260829_2026-08-29-09-12-05,2026-08-29 09:27:41.359,1,0.229,-36.62,0.0014,0.4,1
v3b g=10,run_20260829_2026-08-29-09-12-05,2026-08-29 09:33:06.538,1,0.0523,6.85,0.0099,0.2,0
v3b g=10,run_20260829_2026-08-29-09-12-05,2026-08-29 09:41:12.224,1,0.0937,15.38,0.0041,0.4,1
v3b g=10,run_20260829_2026-08-29-09-12-05,2026-08-29 09:41:45.524,1,0.0513,-8.36,0.002,0.2,0
v3b g=10,run_20260829_2026-08-29-09-12-05,2026-08-29 09:49:02.252,1,0.3538,59.48,0.009,0.4,1
v3b g=10,run_20260829_2026-08-29-09-12-05,2026-08-29 09:50:26.303,1,0.0522,-9.06,0.0114,0.2,0
v3b g=10,run_20260829_2026-08-29-09-12-05,2026-08-29 09:51:35.126,1,0.391,-64.59,0.0014,0.4,1
v3b g=10,run_20260829_2026-08-29-09-12-05,2026-08-29 09:52:24.274,1,0.188,-27.54,0.017,0.4,1
v3b g=10,run_20260829_2026-08-29-09-12-05,2026-08-29 09:52:46.135,2,0.1193,20.97,0.0139,0.4,1
v3b g=10,run_20260829_2026-08-29-09-12-05,2026-08-29 09:52:53.357,1,0.1249,-18.92,0.005,0.4,1
v3b g=10,run_20260830_2026-08-30-10-12-33,2026-08-30 10:14:00.255,1,0.0704,-10.97,0.0032,0.4,1
v3b g=10,run_20260830_2026-08-30-17-20-39,2026-08-30 17:32:56.659,1,0.1314,21.05,0.0028,0.2,1
v3b g=10,run_20260906_2026-09-06-15-26-15,2026-09-06 15:33:51.495,1,0.0524,8.2,0.003,0.2,0
v3b g=10,run_20260906_2026-09-06-15-26-15,2026-09-06 15:34:45.937,6,0.7299,177.32,0.0073,0.4,1
v3b g=10,run_20260906_2026-09-06-15-26-15,2026-09-06 15:35:01.203,1,0.0625,8.21,0.0128,0.4,1
v3b g=10,run_20260906_2026-09-06-15-26-15,2026-09-06 15:51:42.256,1,0.2792,44.91,0.002,0.4,1
v3b g=10,run_20260906_2026-09-06-15-26-15,2026-09-06 15:57:03.295,1,0.367,-59.11,0.0072,0.6,1
v3b g=10,run_20260906_2026-09-06-15-26-15,2026-09-06 15:57:31.822,2,0.0721,11.35,0.001,0.4,1
v3b g=10,run_20260906_2026-09-06-15-26-15,2026-09-06 16:03:16.568,1,0.0693,-9.63,0.0081,0.2,0
v3b g=10,run_20260906_2026-09-06-15-26-15,2026-09-06 16:05:55.675,1,0.0818,-9.79,0.02,0.2,0
v3b g=10,run_20260906_2026-09-06-15-26-15,2026-09-06 16:11:52.518,1,0.0516,5.43,0.0197,0.2,0
v3b g=10,run_20260906_2026-09-06-15-26-15,2026-09-06 16:18:21.093,1,0.1102,-17.38,0.0014,0.4,1
v3b g=10,run_20260906_2026-09-06-15-26-15,2026-09-06 16:22:45.669,7,0.1377,20.63,0.0103,0.4,1
v3b g=10,run_20260906_2026-09-06-15-26-15,2026-09-06 16:23:05.557,3,0.0597,9.38,0.0041,0.2,0
v3b g=10,run_20260906_2026-09-06-15-26-15,2026-09-06 16:23:15.602,2,0.0712,9.25,0.015,0.2,0
v3b g=10,run_20260906_2026-09-06-15-26-15,2026-09-06 16:24:27.521,1,0.0533,9.05,0.0045,0.2,0
v3b g=10,run_20260907_2026-09-07-13-15-11,2026-09-07 13:50:08.135,3,0.4122,70.24,0.0112,0.4,1
v3b g=10,run_20260907_2026-09-07-13-15-11,2026-09-07 13:53:02.016,1,0.2414,-38.43,0.001,0.4,1
v3b g=10,run_20260907_2026-09-07-13-15-11,2026-09-07 13:57:36.448,1,0.0515,8.35,0.0045,0.2,0
v3b g=10,run_20260907_2026-09-07-13-15-11,2026-09-07 13:57:43.072,2,0.1396,-22.18,0.0022,0.4,1
v3b g=10,run_20260907_2026-09-07-13-15-11,2026-09-07 13:59:29.069,1,0.1693,24.41,0.018,0.4,1
v3b g=10,run_20260907_2026-09-07-14-19-47,2026-09-07 14:25:44.238,1,0.3214,-52.53,0.0022,0.4,1
v3b g=10,run_20260909_2026-09-09-07-56-42,2026-09-09 08:13:08.310,2,0.088,-13.75,0.002,0.4,1
v3b g=10,run_20260909_2026-09-09-07-56-42,2026-09-09 08:13:16.141,2,0.1058,-15.98,0.0045,0.4,1
v3b g=10,run_20260910_2026-09-10-16-42-10,2026-09-10 17:02:24.158,1,0.074,-10.87,0.0081,0.4,1
v3b g=10,run_20260912_2026-09-12-13-58-05,2026-09-12 15:41:49.361,1,0.0597,7.67,0.012,0.2,0
v3b g=10,tight08_0824_2026-08-24-18-56-08,2026-08-24 18:56:14.324,1,0.1318,20.61,0.0014,0.4,1
v1 g=17,concrete_20260826_2026-08-26-17-52-24,2026-08-26 18:22:45.503,2,0.0805,-11.4,0.0122,0.2,1
v1 g=17,orchard_20260826_2026-08-26-08-31-44,2026-08-26 08:40:44.376,1,0.0631,9.4,0.0073,0.2,0
v1 g=17,run_20260827_2026-08-27-18-54-23,2026-08-27 18:57:35.721,1,0.0625,9.05,0.0058,0.2,0
v1 g=17,run_20260828_2026-08-28-10-16-47,2026-08-28 10:27:41.648,1,0.063,10.18,0.0041,0.2,0
v1 g=17,run_20260828_2026-08-28-10-16-47,2026-08-28 10:41:32.635,1,0.0529,8.96,0.005,0.2,0
v1 g=17,run_20260828_2026-08-28-10-16-47,2026-08-28 10:41:42.676,1,0.0684,11.14,0.0032,0.2,0
v1 g=17,run_20260828_2026-08-28-10-16-47,2026-08-28 10:48:08.901,1,0.1227,-20.09,0.0108,0.2,1
v1 g=17,run_20260828_2026-08-28-10-16-47,2026-08-28 10:50:06.519,1,0.0789,12.09,0.002,0.2,0
v1 g=17,run_20260828_2026-08-28-10-16-47,2026-08-28 10:53:15.447,1,0.0537,8.5,0.0051,0.2,0
v1 g=17,run_20260828_2026-08-28-10-16-47,2026-08-28 10:56:08.661,1,0.0683,10.81,0.0014,0.2,0
v1 g=17,run_20260828_2026-08-28-10-16-47,2026-08-28 11:32:04.766,2,0.1434,25.13,0.0175,0.2,1
v1 g=17,run_20260828_2026-08-28-10-16-47,2026-08-28 11:32:13.799,2,0.1196,-18.03,0.0114,0.2,1
v1 g=17,run_20260828_2026-08-28-10-16-47,2026-08-28 11:32:19.622,1,0.0784,-9.45,0.0188,0.2,0
v1 g=17,run_20260828_2026-08-28-16-38-15,2026-08-28 16:42:43.103,1,0.3546,-58.38,0.0022,0.2,1
v1 g=17,run_20260828_2026-08-28-16-38-15,2026-08-28 16:56:40.469,1,0.0501,-10.3,0.0156,0.2,0
v1 g=17,run_20260828_2026-08-28-16-38-15,2026-08-28 16:59:37.543,3,0.091,13.47,0.0117,0.2,0
v1 g=17,run_20260828_2026-08-28-16-38-15,2026-08-28 17:00:55.647,1,0.177,26.0,0.0139,0.2,1
v1 g=17,run_20260828_2026-08-28-16-38-15,2026-08-28 17:02:44.664,1,0.0658,-9.21,0.01,0.2,0
v1 g=17,run_20260828_2026-08-28-16-38-15,2026-08-28 17:09:37.810,1,0.0542,6.19,0.0189,0.4,0
v1 g=17,run_20260828_2026-08-28-16-38-15,2026-08-28 17:12:24.231,1,0.0527,-6.81,0.0098,0.2,0
v1 g=17,run_20260828_2026-08-28-16-38-15,2026-08-28 17:13:52.960,1,0.061,8.08,0.0143,0.2,0
v1 g=17,run_20260828_2026-08-28-16-38-15,2026-08-28 17:13:58.582,1,0.0633,11.45,0.0102,0.2,0
v1 g=17,run_20260829_2026-08-29-09-12-05,2026-08-29 09:27:41.158,1,0.2294,-36.88,0.0032,0.2,1
v1 g=17,run_20260829_2026-08-29-09-12-05,2026-08-29 09:33:06.538,1,0.0523,6.85,0.0099,0.2,0
v1 g=17,run_20260829_2026-08-29-09-12-05,2026-08-29 09:36:24.738,1,0.1493,-24.56,0.0117,0.2,1
v1 g=17,run_20260829_2026-08-29-09-12-05,2026-08-29 09:41:11.622,1,0.0889,14.42,0.003,0.2,0
v1 g=17,run_20260829_2026-08-29-09-12-05,2026-08-29 09:41:45.524,1,0.0513,-8.36,0.002,0.2,0
v1 g=17,run_20260829_2026-08-29-09-12-05,2026-08-29 09:49:02.252,1,0.3578,59.48,0.005,0.2,1
v1 g=17,run_20260829_2026-08-29-09-12-05,2026-08-29 09:50:26.303,1,0.0522,-9.06,0.0114,0.2,0
v1 g=17,run_20260829_2026-08-29-09-12-05,2026-08-29 09:51:35.326,1,0.3925,-64.45,0.003,0.2,1
v1 g=17,run_20260829_2026-08-29-09-12-05,2026-08-29 09:52:23.873,1,0.1819,-27.71,0.0076,0.2,1
v1 g=17,run_20260829_2026-08-29-09-12-05,2026-08-29 09:52:44.731,3,0.1279,20.21,0.0022,0.2,1
v1 g=17,run_20260830_2026-08-30-17-20-39,2026-08-30 17:32:56.255,1,0.0985,16.26,0.0051,0.2,0
v1 g=17,run_20260906_2026-09-06-15-26-15,2026-09-06 15:33:51.495,1,0.0524,8.2,0.003,0.2,0
v1 g=17,run_20260906_2026-09-06-15-26-15,2026-09-06 15:34:48.347,9,0.3764,62.29,0.0022,0.2,1
v1 g=17,run_20260906_2026-09-06-15-26-15,2026-09-06 15:35:00.601,1,0.0727,12.36,0.006,0.2,0
v1 g=17,run_20260906_2026-09-06-15-26-15,2026-09-06 15:51:42.056,1,0.2757,44.49,0.0014,0.2,1
v1 g=17,run_20260906_2026-09-06-15-26-15,2026-09-06 15:57:03.897,2,0.404,-67.1,0.001,0.2,1
v1 g=17,run_20260906_2026-09-06-15-26-15,2026-09-06 15:57:31.421,2,0.074,11.93,0.0081,0.2,1
v1 g=17,run_20260906_2026-09-06-15-26-15,2026-09-06 16:03:16.568,1,0.0693,-9.63,0.0081,0.2,0
v1 g=17,run_20260906_2026-09-06-15-26-15,2026-09-06 16:05:55.675,1,0.0818,-9.79,0.02,0.2,0
v1 g=17,run_20260906_2026-09-06-15-26-15,2026-09-06 16:11:52.518,1,0.0516,5.43,0.0197,0.2,0
v1 g=17,run_20260906_2026-09-06-15-26-15,2026-09-06 16:18:20.491,1,0.1091,-16.6,0.0051,0.2,0
v1 g=17,run_20260906_2026-09-06-15-26-15,2026-09-06 16:22:45.268,7,0.1333,20.63,0.0057,0.2,1
v1 g=17,run_20260906_2026-09-06-15-26-15,2026-09-06 16:23:05.557,3,0.0597,9.38,0.0041,0.2,0
v1 g=17,run_20260906_2026-09-06-15-26-15,2026-09-06 16:23:15.602,2,0.0712,9.25,0.015,0.2,0
v1 g=17,run_20260906_2026-09-06-15-26-15,2026-09-06 16:24:27.521,1,0.0533,9.05,0.0045,0.2,0
v1 g=17,run_20260907_2026-09-07-13-15-11,2026-09-07 13:50:08.336,3,0.4251,70.75,0.003,0.2,1
v1 g=17,run_20260907_2026-09-07-13-15-11,2026-09-07 13:53:01.815,1,0.2394,-38.22,0.0014,0.2,1
v1 g=17,run_20260907_2026-09-07-13-15-11,2026-09-07 13:57:42.671,5,0.1406,-21.91,0.002,0.2,1
v1 g=17,run_20260907_2026-09-07-13-15-11,2026-09-07 13:59:28.668,1,0.163,24.99,0.0078,0.2,1
v1 g=17,run_20260907_2026-09-07-14-19-47,2026-09-07 14:25:44.238,1,0.3199,-52.53,0.0036,0.2,1
v1 g=17,run_20260907_2026-09-07-14-19-47,2026-09-07 14:29:04.016,1,0.5971,109.44,0.0022,0.6,1
v1 g=17,run_20260909_2026-09-09-07-56-42,2026-09-09 08:13:07.709,3,0.085,-13.59,0.0032,0.2,0
v1 g=17,run_20260909_2026-09-09-07-56-42,2026-09-09 08:13:16.744,2,0.1149,17.59,0.0036,0.2,1
v1 g=17,run_20260912_2026-09-12-07-46-55,2026-09-12 08:04:59.684,1,0.1316,19.42,0.012,0.2,1
v1 g=17,run_20260912_2026-09-12-13-58-05,2026-09-12 15:41:49.361,1,0.0597,7.67,0.012,0.2,0
v2 g=17,concrete_20260826_2026-08-26-17-52-24,2026-08-26 18:22:45.503,2,0.0805,-11.4,0.0122,0.2,1
v2 g=17,orchard_20260826_2026-08-26-08-31-44,2026-08-26 08:40:44.376,1,0.0631,9.4,0.0073,0.2,0
v2 g=17,run_20260827_2026-08-27-18-54-23,2026-08-27 18:57:35.721,1,0.0625,9.05,0.0058,0.2,0
v2 g=17,run_20260828_2026-08-28-10-16-47,2026-08-28 10:27:41.648,1,0.063,10.18,0.0041,0.2,0
v2 g=17,run_20260828_2026-08-28-10-16-47,2026-08-28 10:41:32.635,1,0.0529,8.96,0.005,0.2,0
v2 g=17,run_20260828_2026-08-28-10-16-47,2026-08-28 10:41:42.676,1,0.0684,11.14,0.0032,0.2,0
v2 g=17,run_20260828_2026-08-28-10-16-47,2026-08-28 10:48:08.901,1,0.1227,-20.09,0.0108,0.2,1
v2 g=17,run_20260828_2026-08-28-10-16-47,2026-08-28 10:50:06.519,1,0.0789,12.09,0.002,0.2,0
v2 g=17,run_20260828_2026-08-28-10-16-47,2026-08-28 10:53:15.447,1,0.0537,8.5,0.0051,0.2,0
v2 g=17,run_20260828_2026-08-28-10-16-47,2026-08-28 10:56:08.661,1,0.0683,10.81,0.0014,0.2,0
v2 g=17,run_20260828_2026-08-28-10-16-47,2026-08-28 11:32:04.766,2,0.1434,25.13,0.0175,0.2,1
v2 g=17,run_20260828_2026-08-28-10-16-47,2026-08-28 11:32:13.799,2,0.1196,-18.03,0.0114,0.2,1
v2 g=17,run_20260828_2026-08-28-10-16-47,2026-08-28 11:32:19.622,1,0.0784,-9.45,0.0188,0.2,0
v2 g=17,run_20260828_2026-08-28-16-38-15,2026-08-28 16:42:43.103,1,0.3546,-58.38,0.0022,0.2,1
v2 g=17,run_20260828_2026-08-28-16-38-15,2026-08-28 16:56:40.469,1,0.0501,-10.3,0.0156,0.2,0
v2 g=17,run_20260828_2026-08-28-16-38-15,2026-08-28 16:59:37.543,3,0.091,13.47,0.0117,0.2,0
v2 g=17,run_20260828_2026-08-28-16-38-15,2026-08-28 17:00:55.647,1,0.177,26.0,0.0139,0.2,1
v2 g=17,run_20260828_2026-08-28-16-38-15,2026-08-28 17:02:44.664,1,0.0658,-9.21,0.01,0.2,0
v2 g=17,run_20260828_2026-08-28-16-38-15,2026-08-28 17:09:37.810,1,0.0542,6.19,0.0189,0.4,0
v2 g=17,run_20260828_2026-08-28-16-38-15,2026-08-28 17:12:24.231,1,0.0527,-6.81,0.0098,0.2,0
v2 g=17,run_20260828_2026-08-28-16-38-15,2026-08-28 17:13:52.960,1,0.061,8.08,0.0143,0.2,0
v2 g=17,run_20260828_2026-08-28-16-38-15,2026-08-28 17:13:58.582,1,0.0633,11.45,0.0102,0.2,0
v2 g=17,run_20260829_2026-08-29-09-12-05,2026-08-29 09:27:41.158,1,0.2294,-36.88,0.0032,0.2,1
v2 g=17,run_20260829_2026-08-29-09-12-05,2026-08-29 09:33:06.538,1,0.0523,6.85,0.0099,0.2,0
v2 g=17,run_20260829_2026-08-29-09-12-05,2026-08-29 09:36:24.738,1,0.1493,-24.56,0.0117,0.2,1
v2 g=17,run_20260829_2026-08-29-09-12-05,2026-08-29 09:41:11.622,1,0.0889,14.42,0.003,0.2,0
v2 g=17,run_20260829_2026-08-29-09-12-05,2026-08-29 09:41:45.524,1,0.0513,-8.36,0.002,0.2,0
v2 g=17,run_20260829_2026-08-29-09-12-05,2026-08-29 09:49:02.252,1,0.3578,59.48,0.005,0.2,1
v2 g=17,run_20260829_2026-08-29-09-12-05,2026-08-29 09:50:26.303,1,0.0522,-9.06,0.0114,0.2,0
v2 g=17,run_20260829_2026-08-29-09-12-05,2026-08-29 09:51:35.326,1,0.3925,-64.45,0.003,0.2,1
v2 g=17,run_20260829_2026-08-29-09-12-05,2026-08-29 09:52:23.873,1,0.1819,-27.71,0.0076,0.2,1
v2 g=17,run_20260829_2026-08-29-09-12-05,2026-08-29 09:52:44.731,3,0.1279,20.21,0.0022,0.2,1
v2 g=17,run_20260830_2026-08-30-17-20-39,2026-08-30 17:32:56.255,1,0.0985,16.26,0.0051,0.2,0
v2 g=17,run_20260906_2026-09-06-15-26-15,2026-09-06 15:33:51.495,1,0.0524,8.2,0.003,0.2,0
v2 g=17,run_20260906_2026-09-06-15-26-15,2026-09-06 15:34:48.347,8,0.3764,62.29,0.0022,0.2,1
v2 g=17,run_20260906_2026-09-06-15-26-15,2026-09-06 15:35:00.601,1,0.0727,12.36,0.006,0.2,0
v2 g=17,run_20260906_2026-09-06-15-26-15,2026-09-06 15:51:42.056,1,0.2757,44.49,0.0014,0.2,1
v2 g=17,run_20260906_2026-09-06-15-26-15,2026-09-06 15:57:03.897,2,0.404,-67.1,0.001,0.2,1
v2 g=17,run_20260906_2026-09-06-15-26-15,2026-09-06 15:57:31.421,2,0.074,11.93,0.0081,0.2,1
v2 g=17,run_20260906_2026-09-06-15-26-15,2026-09-06 16:03:16.568,1,0.0693,-9.63,0.0081,0.2,0
v2 g=17,run_20260906_2026-09-06-15-26-15,2026-09-06 16:05:55.675,1,0.0818,-9.79,0.02,0.2,0
v2 g=17,run_20260906_2026-09-06-15-26-15,2026-09-06 16:11:52.518,1,0.0516,5.43,0.0197,0.2,0
v2 g=17,run_20260906_2026-09-06-15-26-15,2026-09-06 16:18:20.491,1,0.1091,-16.6,0.0051,0.2,0
v2 g=17,run_20260906_2026-09-06-15-26-15,2026-09-06 16:22:45.268,7,0.1333,20.63,0.0057,0.2,1
v2 g=17,run_20260906_2026-09-06-15-26-15,2026-09-06 16:23:05.557,3,0.0597,9.38,0.0041,0.2,0
v2 g=17,run_20260906_2026-09-06-15-26-15,2026-09-06 16:23:15.602,2,0.0712,9.25,0.015,0.2,0
v2 g=17,run_20260906_2026-09-06-15-26-15,2026-09-06 16:24:27.521,1,0.0533,9.05,0.0045,0.2,0
v2 g=17,run_20260907_2026-09-07-13-15-11,2026-09-07 13:50:08.336,3,0.4251,70.75,0.003,0.2,1
v2 g=17,run_20260907_2026-09-07-13-15-11,2026-09-07 13:53:01.815,1,0.2394,-38.22,0.0014,0.2,1
v2 g=17,run_20260907_2026-09-07-13-15-11,2026-09-07 13:57:42.671,5,0.1406,-21.91,0.002,0.2,1
v2 g=17,run_20260907_2026-09-07-13-15-11,2026-09-07 13:59:28.668,1,0.163,24.99,0.0078,0.2,1
v2 g=17,run_20260907_2026-09-07-14-19-47,2026-09-07 14:25:44.238,1,0.3199,-52.53,0.0036,0.2,1
v2 g=17,run_20260909_2026-09-09-07-56-42,2026-09-09 08:13:07.709,3,0.085,-13.59,0.0032,0.2,0
v2 g=17,run_20260909_2026-09-09-07-56-42,2026-09-09 08:13:16.744,2,0.1149,17.59,0.0036,0.2,1
v2 g=17,run_20260912_2026-09-12-07-46-55,2026-09-12 08:04:59.684,1,0.1316,19.42,0.012,0.2,1
v2 g=17,run_20260912_2026-09-12-13-58-05,2026-09-12 15:41:49.361,1,0.0597,7.67,0.012,0.2,0
v3a g=17,concrete_20260826_2026-08-26-17-52-24,2026-08-26 18:22:45.503,2,0.0805,-11.4,0.0122,0.2,1
v3a g=17,orchard_20260826_2026-08-26-08-31-44,2026-08-26 08:40:44.376,1,0.0631,9.4,0.0073,0.2,0
v3a g=17,run_20260827_2026-08-27-18-54-23,2026-08-27 18:57:35.721,1,0.0625,9.05,0.0058,0.2,0
v3a g=17,run_20260828_2026-08-28-10-16-47,2026-08-28 10:27:41.648,1,0.063,10.18,0.0041,0.2,0
v3a g=17,run_20260828_2026-08-28-10-16-47,2026-08-28 10:41:32.635,1,0.0529,8.96,0.005,0.2,0
v3a g=17,run_20260828_2026-08-28-10-16-47,2026-08-28 10:41:42.676,1,0.0684,11.14,0.0032,0.2,0
v3a g=17,run_20260828_2026-08-28-10-16-47,2026-08-28 11:32:14.602,2,0.111,-16.68,0.005,0.2,0
v3a g=17,run_20260828_2026-08-28-10-16-47,2026-08-28 11:32:19.622,1,0.0784,-9.45,0.0188,0.2,0
v3a g=17,run_20260828_2026-08-28-16-38-15,2026-08-28 16:56:40.469,1,0.0501,-10.3,0.0156,0.2,0
v3a g=17,run_20260828_2026-08-28-16-38-15,2026-08-28 16:59:37.543,3,0.091,13.47,0.0117,0.2,0
v3a g=17,run_20260828_2026-08-28-16-38-15,2026-08-28 17:02:44.664,1,0.0658,-9.21,0.01,0.2,0
v3a g=17,run_20260828_2026-08-28-16-38-15,2026-08-28 17:09:37.810,1,0.0542,6.19,0.0189,0.4,0
v3a g=17,run_20260828_2026-08-28-16-38-15,2026-08-28 17:12:24.231,1,0.0527,-6.81,0.0098,0.2,0
v3a g=17,run_20260828_2026-08-28-16-38-15,2026-08-28 17:13:52.960,1,0.061,8.08,0.0143,0.2,0
v3a g=17,run_20260828_2026-08-28-16-38-15,2026-08-28 17:13:58.582,1,0.0633,11.45,0.0102,0.2,0
v3a g=17,run_20260829_2026-08-29-09-12-05,2026-08-29 09:33:06.538,1,0.0523,6.85,0.0099,0.2,0
v3a g=17,run_20260829_2026-08-29-09-12-05,2026-08-29 09:41:11.622,1,0.0889,14.42,0.003,0.2,0
v3a g=17,run_20260829_2026-08-29-09-12-05,2026-08-29 09:41:45.524,1,0.0513,-8.36,0.002,0.2,0
v3a g=17,run_20260829_2026-08-29-09-12-05,2026-08-29 09:52:46.536,1,0.0913,14.29,0.001,0.2,0
v3a g=17,run_20260830_2026-08-30-17-20-39,2026-08-30 17:32:56.255,1,0.0985,16.26,0.0051,0.2,0
v3a g=17,run_20260906_2026-09-06-15-26-15,2026-09-06 15:33:51.495,1,0.0524,8.2,0.003,0.2,0
v3a g=17,run_20260906_2026-09-06-15-26-15,2026-09-06 15:34:39.711,1,0.0519,-8.92,0.005,0.2,0
v3a g=17,run_20260906_2026-09-06-15-26-15,2026-09-06 15:34:44.732,2,0.0959,-14.72,0.005,0.2,1
v3a g=17,run_20260906_2026-09-06-15-26-15,2026-09-06 15:57:02.491,1,0.071,11.95,0.0073,0.2,0
v3a g=17,run_20260906_2026-09-06-15-26-15,2026-09-06 16:03:16.568,1,0.0693,-9.63,0.0081,0.2,0
v3a g=17,run_20260906_2026-09-06-15-26-15,2026-09-06 16:05:55.675,1,0.0818,-9.79,0.02,0.2,0
v3a g=17,run_20260906_2026-09-06-15-26-15,2026-09-06 16:11:52.518,1,0.0516,5.43,0.0197,0.2,0
v3a g=17,run_20260906_2026-09-06-15-26-15,2026-09-06 16:18:20.491,1,0.1091,-16.6,0.0051,0.2,0
v3a g=17,run_20260906_2026-09-06-15-26-15,2026-09-06 16:22:48.482,3,0.0998,14.34,0.0085,3.21,1
v3a g=17,run_20260906_2026-09-06-15-26-15,2026-09-06 16:23:07.564,2,0.106,-16.65,0.0063,16.87,1
v3a g=17,run_20260906_2026-09-06-15-26-15,2026-09-06 16:23:15.602,2,0.0712,9.25,0.015,0.2,0
v3a g=17,run_20260907_2026-09-07-13-15-11,2026-09-07 13:57:38.856,1,0.0596,-9.47,0.0032,0.2,0
v3a g=17,run_20260909_2026-09-09-07-56-42,2026-09-09 08:13:07.709,3,0.085,-13.59,0.0032,0.2,0
v3a g=17,run_20260909_2026-09-09-07-56-42,2026-09-09 08:13:17.144,2,0.1052,16.19,0.0036,0.4,1
v3a g=17,run_20260912_2026-09-12-13-58-05,2026-09-12 15:41:49.361,1,0.0597,7.67,0.012,0.2,0
v3b g=17,concrete_20260826_2026-08-26-17-52-24,2026-08-26 18:22:45.503,2,0.0805,-11.4,0.0122,0.2,1
v3b g=17,orchard_20260826_2026-08-26-08-31-44,2026-08-26 08:40:44.376,1,0.0631,9.4,0.0073,0.2,0
v3b g=17,run_20260827_2026-08-27-18-54-23,2026-08-27 18:57:35.721,1,0.0625,9.05,0.0058,0.2,0
v3b g=17,run_20260828_2026-08-28-10-16-47,2026-08-28 10:27:41.648,1,0.063,10.18,0.0041,0.2,0
v3b g=17,run_20260828_2026-08-28-10-16-47,2026-08-28 10:41:32.635,1,0.0529,8.96,0.005,0.2,0
v3b g=17,run_20260828_2026-08-28-10-16-47,2026-08-28 10:41:42.676,1,0.0684,11.14,0.0032,0.2,0
v3b g=17,run_20260828_2026-08-28-10-16-47,2026-08-28 10:50:06.519,1,0.0789,12.09,0.002,0.2,0
v3b g=17,run_20260828_2026-08-28-10-16-47,2026-08-28 10:53:15.447,1,0.0537,8.5,0.0051,0.2,0
v3b g=17,run_20260828_2026-08-28-10-16-47,2026-08-28 10:56:08.661,1,0.0683,10.81,0.0014,0.2,0
v3b g=17,run_20260828_2026-08-28-10-16-47,2026-08-28 11:01:09.142,1,0.1591,-24.9,0.0036,0.4,1
v3b g=17,run_20260828_2026-08-28-10-16-47,2026-08-28 11:32:05.769,2,0.1626,27.03,0.0117,1.0,1
v3b g=17,run_20260828_2026-08-28-10-16-47,2026-08-28 11:32:14.602,1,0.111,-16.68,0.005,0.2,0
v3b g=17,run_20260828_2026-08-28-10-16-47,2026-08-28 11:32:19.622,1,0.0784,-9.45,0.0188,0.2,0
v3b g=17,run_20260828_2026-08-28-16-38-15,2026-08-28 16:42:43.103,1,0.3572,-58.38,0.0042,0.4,1
v3b g=17,run_20260828_2026-08-28-16-38-15,2026-08-28 16:56:40.469,1,0.0501,-10.3,0.0156,0.2,0
v3b g=17,run_20260828_2026-08-28-16-38-15,2026-08-28 16:59:37.543,3,0.091,13.47,0.0117,0.2,0
v3b g=17,run_20260828_2026-08-28-16-38-15,2026-08-28 17:02:44.664,1,0.0658,-9.21,0.01,0.2,0
v3b g=17,run_20260828_2026-08-28-16-38-15,2026-08-28 17:09:37.810,1,0.0542,6.19,0.0189,0.4,0
v3b g=17,run_20260828_2026-08-28-16-38-15,2026-08-28 17:12:24.231,1,0.0527,-6.81,0.0098,0.2,0
v3b g=17,run_20260828_2026-08-28-16-38-15,2026-08-28 17:13:52.960,1,0.061,8.08,0.0143,0.2,0
v3b g=17,run_20260828_2026-08-28-16-38-15,2026-08-28 17:13:58.582,1,0.0633,11.45,0.0102,0.2,0
v3b g=17,run_20260829_2026-08-29-09-12-05,2026-08-29 09:27:41.359,1,0.229,-36.62,0.0014,0.4,1
v3b g=17,run_20260829_2026-08-29-09-12-05,2026-08-29 09:33:06.538,1,0.0523,6.85,0.0099,0.2,0
v3b g=17,run_20260829_2026-08-29-09-12-05,2026-08-29 09:41:11.622,1,0.0889,14.42,0.003,0.2,0
v3b g=17,run_20260829_2026-08-29-09-12-05,2026-08-29 09:41:45.524,1,0.0513,-8.36,0.002,0.2,0
v3b g=17,run_20260829_2026-08-29-09-12-05,2026-08-29 09:49:02.252,1,0.3538,59.48,0.009,0.4,1
v3b g=17,run_20260829_2026-08-29-09-12-05,2026-08-29 09:50:26.303,1,0.0522,-9.06,0.0114,0.2,0
v3b g=17,run_20260829_2026-08-29-09-12-05,2026-08-29 09:51:35.126,1,0.391,-64.59,0.0014,0.4,1
v3b g=17,run_20260829_2026-08-29-09-12-05,2026-08-29 09:52:24.274,1,0.188,-27.54,0.017,0.4,1
v3b g=17,run_20260829_2026-08-29-09-12-05,2026-08-29 09:52:46.135,2,0.1193,20.97,0.0139,0.4,1
v3b g=17,run_20260830_2026-08-30-17-20-39,2026-08-30 17:32:56.255,1,0.0985,16.26,0.0051,0.2,0
v3b g=17,run_20260906_2026-09-06-15-26-15,2026-09-06 15:33:51.495,1,0.0524,8.2,0.003,0.2,0
v3b g=17,run_20260906_2026-09-06-15-26-15,2026-09-06 15:34:46.138,11,0.7314,-175.46,0.0045,0.4,1
v3b g=17,run_20260906_2026-09-06-15-26-15,2026-09-06 15:35:00.601,1,0.0727,12.36,0.006,0.2,0
v3b g=17,run_20260906_2026-09-06-15-26-15,2026-09-06 15:51:42.256,1,0.2792,44.91,0.002,0.4,1
v3b g=17,run_20260906_2026-09-06-15-26-15,2026-09-06 15:57:03.697,2,0.3939,-65.39,0.0014,0.4,1
v3b g=17,run_20260906_2026-09-06-15-26-15,2026-09-06 15:57:31.421,2,0.074,11.93,0.0081,0.2,1
v3b g=17,run_20260906_2026-09-06-15-26-15,2026-09-06 16:03:16.568,1,0.0693,-9.63,0.0081,0.2,0
v3b g=17,run_20260906_2026-09-06-15-26-15,2026-09-06 16:05:55.675,1,0.0818,-9.79,0.02,0.2,0
v3b g=17,run_20260906_2026-09-06-15-26-15,2026-09-06 16:11:52.518,1,0.0516,5.43,0.0197,0.2,0
v3b g=17,run_20260906_2026-09-06-15-26-15,2026-09-06 16:18:20.491,1,0.1091,-16.6,0.0051,0.2,0
v3b g=17,run_20260906_2026-09-06-15-26-15,2026-09-06 16:22:45.669,7,0.1377,20.63,0.0103,0.4,1
v3b g=17,run_20260906_2026-09-06-15-26-15,2026-09-06 16:23:05.557,3,0.0597,9.38,0.0041,0.2,0
v3b g=17,run_20260906_2026-09-06-15-26-15,2026-09-06 16:23:15.602,2,0.0712,9.25,0.015,0.2,0
v3b g=17,run_20260906_2026-09-06-15-26-15,2026-09-06 16:24:27.521,1,0.0533,9.05,0.0045,0.2,0
v3b g=17,run_20260907_2026-09-07-13-15-11,2026-09-07 13:50:08.135,3,0.4122,70.24,0.0112,0.4,1
v3b g=17,run_20260907_2026-09-07-13-15-11,2026-09-07 13:53:02.016,1,0.2414,-38.43,0.001,0.4,1
v3b g=17,run_20260907_2026-09-07-13-15-11,2026-09-07 13:57:36.448,1,0.0515,8.35,0.0045,0.2,0
v3b g=17,run_20260907_2026-09-07-13-15-11,2026-09-07 13:57:43.072,2,0.1396,-22.18,0.0022,0.4,1
v3b g=17,run_20260907_2026-09-07-13-15-11,2026-09-07 13:59:29.069,1,0.1693,24.41,0.018,0.4,1
v3b g=17,run_20260907_2026-09-07-14-19-47,2026-09-07 14:25:44.238,1,0.3214,-52.53,0.0022,0.4,1
v3b g=17,run_20260909_2026-09-09-07-56-42,2026-09-09 08:13:07.709,3,0.085,-13.59,0.0032,0.2,0
v3b g=17,run_20260909_2026-09-09-07-56-42,2026-09-09 08:13:17.144,2,0.1052,16.19,0.0036,0.4,1
v3b g=17,run_20260912_2026-09-12-13-58-05,2026-09-12 15:41:49.361,1,0.0597,7.67,0.012,0.2,0
