bag,site,induced,wall,t,dt,dpsi_deg,dp_pub,dp_ant,pred_jump,resid,across_pre,across,along_pre,quality,sats,age_s,cov35,dpsi_imu_deg,imu_turn_2s,stale_candidate,gz_max,cls_imu
concrete_20260826_2026-08-26-17-52-24,concrete yard,0,2026-08-26 18:22:45.102,1787739765.1020,0.2000,11.5062,0.0724,0.0032,0.0733,-0.0009,0.0379,0.0497,0.0619,4,23,2.0000,0.0001,0.0060,0.0150,False,0.0018,slow
concrete_20260826_2026-08-26-17-52-24,concrete yard,0,2026-08-26 18:22:45.503,1787739765.5030,0.2010,-32.4422,0.2124,0.0118,0.2042,0.0082,-0.1715,-0.0777,-0.1251,4,26,3.0000,0.0001,-0.0000,0.0030,False,0.0016,slow
orchard_20260826_2026-08-26-08-31-44,orchard,0,2026-08-26 08:40:44.376,1787704844.3760,0.2010,9.3981,0.0632,0.0075,0.0599,0.0033,0.0305,0.0393,0.0542,4,24,2.0000,0.0001,6.7610,-7.1660,False,0.6287,turn
run_20260827_2026-08-27-18-54-23,concrete yard,0,2026-08-27 18:57:35.721,1787828255.7210,0.2000,9.0548,0.0617,0.0056,0.0577,0.0040,0.0318,0.0403,0.0524,4,23,0.0000,0.0001,0.0030,0.0220,False,0.0017,slow
run_20260828_2026-08-28-10-16-47,greenhouse,0,2026-08-28 10:27:41.648,1787884061.6480,0.2010,10.1819,0.0625,0.0040,0.0649,-0.0024,0.0382,0.0465,0.0493,4,29,1.0000,0.0001,-0.0140,0.0900,False,0.0060,straight
run_20260828_2026-08-28-10-16-47,greenhouse,0,2026-08-28 10:41:32.635,1787884892.6350,0.2000,8.9576,0.0528,0.0054,0.0571,-0.0043,0.0333,0.0391,0.0413,4,25,1.0000,0.0001,2.3940,24.9190,False,0.4375,turn
run_20260828_2026-08-28-10-16-47,greenhouse,0,2026-08-28 10:41:42.676,1787884902.6760,0.2000,11.1431,0.0680,0.0034,0.0710,-0.0030,0.0380,0.0475,0.0568,4,30,1.0000,0.0001,0.0070,0.7600,False,0.0043,slow
run_20260828_2026-08-28-10-16-47,greenhouse,0,2026-08-28 10:48:08.700,1787885288.7000,0.2010,-18.1077,0.0967,0.0195,0.1150,-0.0183,-0.0685,-0.0445,-0.0685,4,32,1.0000,0.0001,-1.5170,-21.6270,True,0.2321,turn
run_20260828_2026-08-28-10-16-47,greenhouse,0,2026-08-28 10:50:06.519,1787885406.5190,0.2010,12.0877,0.0787,0.0018,0.0770,0.0017,0.0445,0.0571,0.0642,4,30,0.0000,0.0001,-0.0030,-0.0200,False,0.0014,slow
run_20260828_2026-08-28-10-16-47,greenhouse,0,2026-08-28 10:53:15.447,1787885595.4470,0.2010,8.4955,0.0533,0.0050,0.0542,-0.0008,0.0352,0.0406,0.0404,4,30,1.0000,0.0001,-0.0040,-0.0160,False,0.0015,slow
run_20260828_2026-08-28-10-16-47,greenhouse,0,2026-08-28 10:56:08.661,1787885768.6610,0.2010,10.8127,0.0685,0.0022,0.0689,-0.0004,0.0375,0.0472,0.0569,4,31,1.0000,0.0001,0.0000,0.0260,False,0.0017,slow
run_20260828_2026-08-28-10-16-47,greenhouse,0,2026-08-28 11:32:03.763,1787887923.7630,0.2010,-24.0252,0.1451,0.0085,0.1522,-0.0070,-0.1175,-0.0723,-0.0849,4,28,0.0000,0.0001,-2.9580,-0.0700,False,0.4582,turn
run_20260828_2026-08-28-10-16-47,greenhouse,0,2026-08-28 11:32:04.565,1787887924.5650,0.2000,20.0359,0.1262,0.0022,0.1272,-0.0010,0.0645,0.0979,0.1086,4,26,0.0000,0.0001,2.0840,-11.7140,False,0.2877,straight
run_20260828_2026-08-28-10-16-47,greenhouse,0,2026-08-28 11:32:04.967,1787887924.9670,0.2010,-59.0758,0.3632,0.0048,0.3604,0.0027,-0.3391,-0.0621,-0.1305,4,26,0.0000,0.0001,-0.0590,-10.4280,False,0.0551,turn
run_20260828_2026-08-28-10-16-47,greenhouse,0,2026-08-28 11:32:05.168,1787887925.1680,0.2010,-18.5943,0.1172,0.0020,0.1181,-0.0009,-0.0899,-0.0614,-0.0755,4,26,0.0000,0.0001,0.2190,-10.4790,False,0.0439,slow
run_20260828_2026-08-28-10-16-47,greenhouse,0,2026-08-28 11:32:05.368,1787887925.3680,0.2010,17.1325,0.0995,0.0097,0.1089,-0.0094,0.0537,0.0758,0.0840,4,26,0.0000,0.0001,-0.0060,-10.8800,False,0.0075,slow
run_20260828_2026-08-28-10-16-47,greenhouse,0,2026-08-28 11:32:05.569,1787887925.5690,0.2000,62.7413,0.3772,0.0034,0.3806,-0.0034,0.0560,0.3575,0.3733,4,28,0.0000,0.0001,0.0030,-10.1140,False,0.0023,slow
run_20260828_2026-08-28-10-16-47,greenhouse,0,2026-08-28 11:32:06.572,1787887926.5720,0.2000,-8.0716,0.0576,0.0082,0.0515,0.0062,-0.0362,-0.0290,-0.0455,4,26,0.0000,0.0001,0.0030,1.9210,False,0.0019,slow
run_20260828_2026-08-28-10-16-47,greenhouse,0,2026-08-28 11:32:13.598,1787887933.5980,0.2010,-17.4137,0.1067,0.0043,0.1107,-0.0040,-0.0818,-0.0568,-0.0686,4,21,0.0000,0.0001,-0.0100,-0.0160,False,0.0022,slow
run_20260828_2026-08-28-10-16-47,greenhouse,0,2026-08-28 11:32:14.602,1787887934.6020,0.2010,-16.6845,0.1109,0.0049,0.1061,0.0048,-0.0832,-0.0590,-0.0734,4,26,0.0000,0.0001,-0.0050,-0.0350,False,0.0020,slow
run_20260828_2026-08-28-10-16-47,greenhouse,0,2026-08-28 11:32:19.622,1787887939.6220,0.2010,-9.4490,0.0789,0.0192,0.0602,0.0186,-0.0518,-0.0413,-0.0597,4,24,0.0000,0.0001,-0.0000,-0.0080,False,0.0015,slow
run_20260828_2026-08-28-16-38-15,greenhouse,0,2026-08-28 16:41:39.451,1787906499.4510,0.2010,-117.1931,0.6417,0.0184,0.6240,0.0176,-0.6339,0.1994,0.1017,4,22,1.0000,0.0001,,0.0000,False,,straight
run_20260828_2026-08-28-16-38-15,greenhouse,0,2026-08-28 16:42:42.500,1787906562.5000,0.2010,-72.6498,0.4272,0.0071,0.4331,-0.0059,-0.4143,-0.0235,-0.1043,4,17,1.0000,0.0001,,0.0000,False,,straight
run_20260828_2026-08-28-16-38-15,greenhouse,0,2026-08-28 16:42:43.103,1787906563.1030,0.2000,12.5652,0.0819,0.0019,0.0800,0.0019,0.0452,0.0591,0.0683,4,25,1.0000,0.0001,,0.0000,False,,straight
run_20260828_2026-08-28-16-38-15,greenhouse,0,2026-08-28 16:53:19.509,1787907199.5090,0.2010,21.6830,0.1542,0.0186,0.1375,0.0167,0.0677,0.1139,0.1384,4,28,0.0000,0.0001,0.3680,7.5290,False,0.0770,slow
run_20260828_2026-08-28-16-38-15,greenhouse,0,2026-08-28 16:56:40.469,1787907400.4690,0.2000,-10.2965,0.0504,0.0153,0.0656,-0.0152,-0.0369,-0.0302,-0.0337,4,24,0.0000,0.0001,-5.4690,-38.9850,False,0.5143,slow
run_20260828_2026-08-28-16-38-15,greenhouse,0,2026-08-28 16:59:36.137,1787907576.1370,0.2010,8.8374,0.0692,0.0146,0.0563,0.0128,0.0334,0.0426,0.0604,4,24,0.0000,0.0001,-0.2750,-1.7730,False,0.0375,slow
run_20260828_2026-08-28-16-38-15,greenhouse,0,2026-08-28 16:59:36.538,1787907576.5380,0.2010,-13.7939,0.0739,0.0162,0.0878,-0.0139,-0.0598,-0.0466,-0.0445,4,25,0.0000,0.0001,-0.1610,-1.8650,False,0.0420,straight
run_20260828_2026-08-28-16-38-15,greenhouse,0,2026-08-28 16:59:37.543,1787907577.5430,0.2010,13.4711,0.0910,0.0114,0.0857,0.0053,0.0413,0.0587,0.0811,4,24,0.0000,0.0001,0.1480,0.8210,False,0.0651,slow
run_20260828_2026-08-28-16-38-15,greenhouse,0,2026-08-28 17:02:44.664,1787907764.6640,0.2010,-9.2067,0.0648,0.0094,0.0587,0.0061,-0.0398,-0.0312,-0.0516,4,27,0.0000,0.0001,-2.4980,-14.1550,True,0.2617,slow
run_20260828_2026-08-28-16-38-15,greenhouse,0,2026-08-28 17:09:37.810,1787908177.8100,0.4010,6.1935,0.0543,0.0190,0.0395,0.0148,0.0197,0.0257,0.0499,4,24,0.0000,0.0001,-1.8060,-6.8620,False,0.1533,slow
run_20260828_2026-08-28-16-38-15,greenhouse,0,2026-08-28 17:12:24.231,1787908344.2310,0.2000,-6.8086,0.0528,0.0099,0.0434,0.0094,-0.0387,-0.0342,-0.0363,4,26,1.0000,0.0001,0.7450,18.3150,False,0.0744,slow
run_20260828_2026-08-28-16-38-15,greenhouse,0,2026-08-28 17:13:52.960,1787908432.9600,0.2010,8.0848,0.0616,0.0145,0.0515,0.0101,0.0265,0.0340,0.0553,4,23,1.0000,0.0001,0.5280,3.2320,True,0.0665,slow
run_20260828_2026-08-28-16-38-15,greenhouse,0,2026-08-28 17:13:58.582,1787908438.5820,0.2010,11.4540,0.0637,0.0098,0.0730,-0.0093,0.0377,0.0476,0.0513,4,24,1.0000,0.0001,-0.0090,-4.8810,False,0.0051,turn
run_20260829_2026-08-29-09-12-05,greenhouse,0,2026-08-29 09:27:40.757,1787966860.7570,0.2000,-36.7372,0.2289,0.0028,0.2304,-0.0015,-0.1930,-0.0822,-0.1222,4,31,0.0000,0.0001,0.0030,0.0620,False,0.0016,slow
run_20260829_2026-08-29-09-12-05,greenhouse,0,2026-08-29 09:33:06.538,1787967186.5380,0.2000,6.8458,0.0518,0.0096,0.0437,0.0081,0.0263,0.0313,0.0447,4,26,1.0000,0.0001,-0.0250,-1.2510,False,0.0099,straight
run_20260829_2026-08-29-09-12-05,greenhouse,0,2026-08-29 09:41:11.622,1787967671.6220,0.2000,14.4225,0.0888,0.0034,0.0918,-0.0030,0.0496,0.0662,0.0734,4,29,0.0000,0.0001,-0.0060,29.7970,False,0.0068,slow
run_20260829_2026-08-29-09-12-05,greenhouse,0,2026-08-29 09:41:45.524,1787967705.5240,0.2010,-8.3640,0.0512,0.0022,0.0533,-0.0022,-0.0355,-0.0301,-0.0368,4,31,1.0000,0.0001,0.0050,0.0680,False,0.0015,slow
run_20260829_2026-08-29-09-12-05,greenhouse,0,2026-08-29 09:49:01.650,1787968141.6500,0.2000,58.4448,0.3539,0.0031,0.3569,-0.0030,0.0661,0.3311,0.3476,4,28,1.0000,0.0001,0.8650,22.9820,False,0.0968,slow
run_20260829_2026-08-29-09-12-05,greenhouse,0,2026-08-29 09:50:26.303,1787968226.3030,0.2000,-9.0586,0.0526,0.0106,0.0577,-0.0051,-0.0423,-0.0373,-0.0309,4,24,1.0000,0.0001,0.1790,-1.3930,False,0.0401,slow
run_20260829_2026-08-29-09-12-05,greenhouse,0,2026-08-29 09:51:34.524,1787968294.5240,0.2000,-64.9576,0.3912,0.0015,0.3926,-0.0013,-0.3728,-0.0506,-0.1186,4,29,1.0000,0.0001,0.0040,0.0260,False,0.0021,slow
run_20260829_2026-08-29-09-12-05,greenhouse,0,2026-08-29 09:52:44.531,1787968364.5310,0.2000,21.4107,0.1319,0.0051,0.1358,-0.0039,0.0681,0.1041,0.1136,4,29,1.0000,0.0001,0.0220,12.0680,False,0.0102,slow
run_20260829_2026-08-29-09-12-05,greenhouse,0,2026-08-29 09:52:45.533,1787968365.5330,0.2000,17.4159,0.0968,0.0150,0.1107,-0.0139,0.0552,0.0762,0.0796,4,33,1.0000,0.0001,0.1740,20.5320,True,0.1036,slow
run_20260829_2026-08-29-09-12-05,greenhouse,0,2026-08-29 09:52:46.536,1787968366.5360,0.2000,14.2915,0.0917,0.0011,0.0909,0.0008,0.0494,0.0677,0.0765,4,31,1.0000,0.0001,-0.0060,10.8380,True,0.0111,slow
run_20260830_2026-08-30-17-20-39,concrete yard,0,2026-08-30 17:32:56.255,1788082376.2550,0.2000,16.2648,0.0985,0.0050,0.1034,-0.0049,0.0512,0.0728,0.0848,4,26,1.0000,0.0001,0.0080,28.9330,False,0.0080,turn
run_20260906_2026-09-06-15-26-15,greenhouse,1,2026-09-06 15:33:51.495,1788680031.4950,0.2010,8.1978,0.0522,0.0025,0.0523,-0.0000,0.0325,0.0381,0.0408,4,17,1.0000,0.0001,-0.0070,0.0060,False,0.0021,slow
run_20260906_2026-09-06-15-26-15,greenhouse,1,2026-09-06 15:34:39.711,1788680079.7110,0.2010,-8.9176,0.0522,0.0047,0.0568,-0.0046,-0.0375,-0.0311,-0.0372,4,22,1.0000,0.0001,0.0010,-0.0010,False,0.0017,slow
run_20260906_2026-09-06-15-26-15,greenhouse,1,2026-09-06 15:34:43.527,1788680083.5270,0.2010,-19.1381,0.1225,0.0034,0.1215,0.0010,-0.0910,-0.0592,-0.0823,4,20,1.0000,0.0001,-0.0050,-0.0050,False,0.0019,slow
run_20260906_2026-09-06-15-26-15,greenhouse,1,2026-09-06 15:34:44.330,1788680084.3300,0.2010,25.6934,0.1708,0.0086,0.1626,0.0082,0.0795,0.1377,0.1511,4,19,1.0000,0.0001,0.0020,0.0100,False,0.0017,slow
run_20260906_2026-09-06-15-26-15,greenhouse,1,2026-09-06 15:34:44.732,1788680084.7320,0.2010,10.0255,0.0609,0.0052,0.0639,-0.0030,0.0309,0.0400,0.0528,4,19,1.0000,0.0001,-0.0090,-0.0030,False,0.0018,slow
run_20260906_2026-09-06-15-26-15,greenhouse,1,2026-09-06 15:34:44.933,1788680084.9330,0.2010,-10.3844,0.0564,0.0111,0.0662,-0.0098,-0.0361,-0.0281,-0.0430,4,20,1.0000,0.0001,-0.0040,-0.0060,False,0.0014,slow
run_20260906_2026-09-06-15-26-15,greenhouse,1,2026-09-06 15:34:45.536,1788680085.5360,0.2010,-167.5083,0.7264,0.0164,0.7268,-0.0004,-0.6124,0.5140,0.3899,4,20,1.0000,0.0001,-0.0050,0.0010,False,0.0014,slow
run_20260906_2026-09-06-15-26-15,greenhouse,1,2026-09-06 15:34:45.736,1788680085.7360,0.2010,-10.6541,0.0663,0.0026,0.0679,-0.0016,-0.0456,-0.0360,-0.0485,4,20,1.0000,0.0001,0.0060,0.0030,False,0.0014,slow
run_20260906_2026-09-06-15-26-15,greenhouse,1,2026-09-06 15:34:46.740,1788680086.7400,0.2000,69.1643,0.4230,0.0090,0.4150,0.0081,0.0358,0.4067,0.4218,4,19,1.0000,0.0001,-0.0010,-0.0010,False,0.0013,slow
run_20260906_2026-09-06-15-26-15,greenhouse,1,2026-09-06 15:34:46.941,1788680086.9410,0.2010,-79.9019,0.4686,0.0083,0.4695,-0.0008,-0.4596,0.0078,-0.0898,4,17,1.0000,0.0001,0.0010,0.0040,False,0.0014,slow
run_20260906_2026-09-06-15-26-15,greenhouse,1,2026-09-06 15:34:47.141,1788680087.1410,0.2000,50.4774,0.3000,0.0154,0.3117,-0.0117,0.0666,0.2682,0.2918,4,17,1.0000,0.0001,-0.0090,-0.0070,False,0.0013,slow
run_20260906_2026-09-06-15-26-15,greenhouse,1,2026-09-06 15:34:47.544,1788680087.5440,0.2030,59.1505,0.3701,0.0096,0.3608,0.0092,0.0696,0.3478,0.3628,4,17,1.0000,0.0001,0.0020,0.0000,False,0.0018,slow
run_20260906_2026-09-06-15-26-15,greenhouse,1,2026-09-06 15:34:47.745,1788680087.7450,0.2010,-7.4851,0.0511,0.0083,0.0477,0.0034,-0.0287,-0.0235,-0.0415,4,17,1.0000,0.0001,0.0060,0.0000,False,0.0013,slow
run_20260906_2026-09-06-15-26-15,greenhouse,1,2026-09-06 15:34:48.147,1788680088.1470,0.2010,13.0907,0.0850,0.0019,0.0833,0.0017,0.0461,0.0611,0.0715,4,20,1.0000,0.0001,-0.0010,-0.0120,False,0.0015,slow
run_20260906_2026-09-06-15-26-15,greenhouse,1,2026-09-06 15:34:48.549,1788680088.5490,0.2020,-27.4275,0.1689,0.0083,0.1733,-0.0044,-0.1413,-0.0810,-0.0943,4,20,1.0000,0.0001,-0.0050,-0.0180,False,0.0016,slow
run_20260906_2026-09-06-15-26-15,greenhouse,1,2026-09-06 15:34:48.749,1788680088.7490,0.2010,12.1121,0.0731,0.0051,0.0771,-0.0041,0.0388,0.0505,0.0630,4,20,1.0000,0.0001,-0.0000,-0.0170,False,0.0021,slow
run_20260906_2026-09-06-15-26-15,greenhouse,1,2026-09-06 15:34:48.950,1788680088.9500,0.2010,-14.3487,0.0934,0.0176,0.0913,0.0021,-0.0549,-0.0350,-0.0756,4,20,1.0000,0.0001,0.0030,-0.0150,False,0.0025,slow
run_20260906_2026-09-06-15-26-15,greenhouse,1,2026-09-06 15:34:49.553,1788680089.5530,0.2010,-13.6713,0.0905,0.0049,0.0870,0.0035,-0.0638,-0.0465,-0.0640,4,20,1.0000,0.0001,0.0030,-0.0090,False,0.0017,slow
run_20260906_2026-09-06-15-26-15,greenhouse,1,2026-09-06 15:35:00.601,1788680100.6010,0.2020,12.3581,0.0723,0.0064,0.0787,-0.0064,0.0407,0.0522,0.0602,4,23,1.0000,0.0001,-0.0060,-0.0140,False,0.0013,slow
run_20260906_2026-09-06-15-26-15,greenhouse,1,2026-09-06 15:51:41.653,1788681101.6530,0.2010,44.4823,0.2757,0.0014,0.2767,-0.0010,0.0848,0.2444,0.2628,4,24,1.0000,0.0001,-0.0070,0.0020,False,0.0016,slow
run_20260906_2026-09-06-15-26-15,greenhouse,1,2026-09-06 15:57:02.491,1788681422.4910,0.2010,11.9451,0.0707,0.0075,0.0761,-0.0053,0.0438,0.0542,0.0549,4,23,1.0000,0.0001,-0.0010,0.0080,False,0.0018,slow
run_20260906_2026-09-06-15-26-15,greenhouse,1,2026-09-06 15:57:03.094,1788681423.0940,0.2010,-67.5415,0.4014,0.0107,0.4064,-0.0050,-0.3834,-0.0342,-0.1209,4,21,1.0000,0.0001,0.0000,-0.0060,False,0.0010,slow
run_20260906_2026-09-06-15-26-15,greenhouse,1,2026-09-06 15:57:31.421,1788681451.4210,0.2000,29.6552,0.1838,0.0074,0.1871,-0.0033,0.0722,0.1464,0.1694,4,23,1.0000,0.0001,0.0090,-0.0070,False,0.0020,slow
run_20260906_2026-09-06-15-26-15,greenhouse,1,2026-09-06 15:57:32.625,1788681452.6250,0.2010,9.7388,0.0605,0.0021,0.0621,-0.0015,0.0359,0.0437,0.0489,4,24,1.0000,0.0001,-0.0070,0.0090,False,0.0015,slow
run_20260906_2026-09-06-15-26-15,greenhouse,1,2026-09-06 16:03:16.568,1788681796.5680,0.2010,-9.6275,0.0694,0.0083,0.0614,0.0081,-0.0477,-0.0385,-0.0507,4,26,1.0000,0.0001,0.0060,0.0200,False,0.0017,slow
run_20260906_2026-09-06-15-26-15,greenhouse,1,2026-09-06 16:11:52.518,1788682312.5180,0.2000,5.4316,0.0511,0.0195,0.0346,0.0165,0.0206,0.0244,0.0467,4,22,1.0000,0.0001,0.0010,0.0060,False,0.0014,slow
run_20260906_2026-09-06-15-26-15,greenhouse,1,2026-09-06 16:18:20.491,1788682700.4910,0.2010,-16.5971,0.1096,0.0056,0.1055,0.0040,-0.0789,-0.0542,-0.0756,4,26,1.0000,0.0001,-0.0040,0.0070,False,0.0021,slow
run_20260906_2026-09-06-15-26-15,greenhouse,1,2026-09-06 16:22:45.067,1788682965.0670,0.2010,20.6317,0.1141,0.0171,0.1309,-0.0168,0.0587,0.0896,0.0976,4,12,1.0000,0.0001,0.0040,0.0200,False,0.0018,slow
run_20260906_2026-09-06-15-26-15,greenhouse,1,2026-09-06 16:22:48.482,1788682968.4820,0.2010,-19.1598,0.1178,0.0065,0.1217,-0.0039,-0.0935,-0.0640,-0.0732,4,17,1.0000,0.0001,0.0090,0.0000,False,0.0022,slow
run_20260906_2026-09-06-15-26-15,greenhouse,1,2026-09-06 16:22:49.487,1788682969.4870,0.2010,-8.7938,0.0508,0.0052,0.0560,-0.0052,-0.0357,-0.0296,-0.0355,4,18,1.0000,0.0001,-0.0000,0.0170,False,0.0018,slow
run_20260906_2026-09-06-15-26-15,greenhouse,1,2026-09-06 16:22:50.291,1788682970.2910,0.2010,9.2246,0.0620,0.0061,0.0588,0.0032,0.0400,0.0472,0.0470,4,20,1.0000,0.0001,-0.0040,0.0150,False,0.0016,slow
run_20260906_2026-09-06-15-26-15,greenhouse,1,2026-09-06 16:22:50.492,1788682970.4920,0.2010,-18.5379,0.1153,0.0049,0.1178,-0.0025,-0.0899,-0.0624,-0.0717,4,20,1.0000,0.0001,0.0020,0.0080,False,0.0015,slow
run_20260906_2026-09-06-15-26-15,greenhouse,1,2026-09-06 16:22:52.500,1788682972.5000,0.2010,-7.5012,0.0580,0.0138,0.0478,0.0102,-0.0464,-0.0420,-0.0340,4,22,1.0000,0.0001,-0.0030,-0.0180,False,0.0022,slow
run_20260906_2026-09-06-15-26-15,greenhouse,1,2026-09-06 16:22:54.508,1788682974.5080,0.2010,-9.6357,0.0729,0.0116,0.0614,0.0115,-0.0492,-0.0405,-0.0527,4,18,1.0000,0.0001,-0.0040,0.0280,False,0.0014,slow
run_20260906_2026-09-06-15-26-15,greenhouse,1,2026-09-06 16:23:05.557,1788682985.5570,0.2010,9.3769,0.0598,0.0042,0.0598,0.0000,0.0376,0.0449,0.0458,4,13,1.0000,0.0001,-0.0030,-0.0010,False,0.0010,slow
run_20260906_2026-09-06-15-26-15,greenhouse,1,2026-09-06 16:23:06.561,1788682986.5610,0.2010,9.6032,0.0573,0.0050,0.0612,-0.0039,0.0309,0.0382,0.0491,4,15,1.0000,0.0001,0.0030,0.0170,False,0.0018,slow
run_20260906_2026-09-06-15-26-15,greenhouse,1,2026-09-06 16:23:09.574,1788682989.5740,0.2010,6.6266,0.0520,0.0102,0.0423,0.0097,0.0280,0.0330,0.0437,4,14,1.0000,0.0001,-0.0000,0.0150,False,0.0017,slow
run_20260906_2026-09-06-15-26-15,greenhouse,1,2026-09-06 16:23:15.602,1788682995.6020,0.2000,9.2493,0.0715,0.0155,0.0589,0.0126,0.0484,0.0568,0.0528,4,16,1.0000,0.0001,0.0060,0.0000,False,0.0017,slow
run_20260906_2026-09-06-15-26-15,greenhouse,1,2026-09-06 16:23:17.611,1788682997.6110,0.2010,-6.5500,0.0538,0.0122,0.0418,0.0120,-0.0391,-0.0340,-0.0371,4,15,1.0000,0.0001,-0.0030,0.0240,False,0.0011,slow
run_20260906_2026-09-06-15-26-15,greenhouse,1,2026-09-06 16:24:27.521,1788683067.5210,0.2000,9.0518,0.0533,0.0045,0.0577,-0.0044,0.0318,0.0380,0.0428,4,20,1.0000,0.0001,-0.0080,-0.0150,False,0.0016,slow
run_20260907_2026-09-07-13-15-11,concrete yard,0,2026-09-07 13:50:08.536,1788760208.5360,0.2010,33.3295,0.2103,0.0011,0.2097,0.0007,0.0833,0.1753,0.1939,4,15,1.0000,0.0001,-0.0050,0.0130,False,0.0015,slow
run_20260907_2026-09-07-13-15-11,concrete yard,0,2026-09-07 13:57:36.448,1788760656.4480,0.2010,8.3504,0.0509,0.0049,0.0532,-0.0023,0.0329,0.0384,0.0389,4,10,1.0000,0.0001,0.1060,1.8170,False,0.0445,straight
run_20260907_2026-09-07-13-15-11,concrete yard,0,2026-09-07 13:57:38.656,1788760658.6560,0.2010,22.1035,0.1490,0.0153,0.1401,0.0088,0.0606,0.1074,0.1356,4,12,1.0000,0.0001,-0.0110,0.0620,False,0.0461,slow
run_20260907_2026-09-07-13-15-11,concrete yard,0,2026-09-07 13:57:38.856,1788760658.8560,0.2000,-9.4654,0.0598,0.0039,0.0603,-0.0006,-0.0444,-0.0376,-0.0396,4,12,1.0000,0.0001,0.0760,0.2110,False,0.0511,slow
run_20260907_2026-09-07-13-15-11,concrete yard,0,2026-09-07 13:57:41.466,1788760661.4660,0.2000,-15.1960,0.0959,0.0038,0.0967,-0.0008,-0.0732,-0.0544,-0.0622,4,21,1.0000,0.0001,0.0030,-0.0700,False,0.0015,straight
run_20260907_2026-09-07-13-15-11,concrete yard,0,2026-09-07 13:57:42.469,1788760662.4690,0.2000,-22.4019,0.1403,0.0025,0.1420,-0.0017,-0.1085,-0.0660,-0.0886,4,25,1.0000,0.0001,0.0020,-0.0080,False,0.0015,straight
run_20260907_2026-09-07-13-15-11,concrete yard,0,2026-09-07 13:59:28.468,1788760768.4680,0.2010,25.4285,0.1755,0.0180,0.1609,0.0146,0.0704,0.1326,0.1602,4,20,1.0000,0.0001,-0.8360,-8.5570,False,0.0809,turn
run_20260907_2026-09-07-14-19-47,concrete yard,0,2026-09-07 14:25:43.636,1788762343.6360,0.2010,-52.5550,0.3248,0.0012,0.3237,0.0012,-0.2980,-0.0773,-0.1309,4,21,1.0000,0.0001,-0.0010,0.0010,False,0.0033,straight
run_20260909_2026-09-09-07-56-42,orchard,0,2026-09-09 08:13:06.502,1788912786.5020,0.2010,10.4105,0.0681,0.0022,0.0663,0.0017,0.0377,0.0473,0.0571,4,27,1.0000,0.0001,-0.0080,0.0090,False,0.0021,slow
run_20260909_2026-09-09-07-56-42,orchard,0,2026-09-09 08:13:07.709,1788912787.7090,0.2040,-13.5914,0.0852,0.0030,0.0865,-0.0013,-0.0636,-0.0488,-0.0568,4,29,1.0000,0.0001,0.0010,0.0190,False,0.0016,slow
run_20260909_2026-09-09-07-56-42,orchard,0,2026-09-09 08:13:15.538,1788912795.5380,0.2000,-13.7737,0.0850,0.0029,0.0877,-0.0027,-0.0609,-0.0455,-0.0581,4,29,1.0000,0.0001,-0.0000,0.0000,False,,slow
run_20260909_2026-09-09-07-56-42,orchard,0,2026-09-09 08:13:16.542,1788912796.5420,0.2010,18.0456,0.1159,0.0018,0.1147,0.0012,0.0606,0.0883,0.0991,4,28,1.0000,0.0001,-0.0000,0.0000,False,,slow
run_20260912_2026-09-12-13-58-05,concrete yard,0,2026-09-12 15:41:49.361,1789198909.3610,0.2000,7.6676,0.0597,0.0123,0.0489,0.0108,0.0410,0.0458,0.0440,4,27,1.0000,0.0001,-0.0040,0.0040,False,0.0019,slow
